timestamp_ms,ai_speed_mps,speed_confidence
8309,1.3251201,0.90793055
9310,1.54341,0.8626436
10309,1.4920613,0.87256336
11310,2.1894736,0.85234755
12310,2.7765439,0.7816685
13310,2.9834447,0.76424515
14310,3.1123297,0.7497263
15310,3.7057297,0.7450537
16310,3.3503587,0.75818956
17310,3.6340659,0.77954483
18310,3.5942774,0.74099064
19310,3.2693598,0.73300517
20310,2.59538,0.83936375
21310,2.2414174,0.7973539
22310,1.8353978,0.8468933
23310,1.5233535,0.8956413
24311,1.3187318,0.9043608
25310,1.0447378,0.9278042
26310,1.2796826,0.888696
27310,1.3939447,0.8854296
28309,1.7152369,0.87604636
29310,1.6273402,0.9055237
30310,1.806374,0.8562733
31309,2.5188184,0.8358355
32310,2.9041173,0.8142618
33310,3.306757,0.7937247
34309,3.4005165,0.7808545
35309,3.0663388,0.8119318
36311,3.1662495,0.79669195
37310,3.1706643,0.7855286
38310,2.776651,0.8366845
39310,2.8659441,0.82839423
40310,3.174143,0.80761504
41310,3.086309,0.81388354
42309,3.2427967,0.7563897
43310,3.347114,0.78381115
44310,3.142875,0.72508883
45310,2.4843886,0.81018317
46310,1.9319122,0.8629634
47309,1.060911,0.93504184
48310,0.69433147,0.9333888
49309,0.4980736,0.9653756
50310,0.48707744,0.9638635
51310,0.48910096,0.9596378
52310,0.49756268,0.9692189
53310,0.50369,0.95718896
54310,0.5098411,0.96026367
55310,0.51959497,0.95361304
56309,0.53703547,0.9645576
57310,0.53493583,0.9504836
58310,0.5432638,0.9541621
59310,0.5482657,0.9515355
60310,0.55132204,0.94602966
61310,0.5450935,0.9421531
62310,0.55008763,0.95527434
63310,0.5425536,0.95709145
64310,0.544615,0.9323813
65310,0.5425043,0.9562601
66310,0.5396811,0.957999
67309,0.5355306,0.94600964
68310,0.5361164,0.9600252
69310,0.5417253,0.9588398
70310,0.53569615,0.9513524
71310,0.53567284,0.9664473
72310,0.54376715,0.9400963
73309,0.49629596,0.9568859
74310,0.51520216,0.9621087
75310,0.5830466,0.96141785
76310,1.2305449,0.8972299
77310,1.9227694,0.8520544
78310,2.591762,0.8495911
79310,3.0279946,0.7326728
80312,2.7629173,0.8365173
81309,2.2836757,0.77739614
82310,1.8815393,0.87615734
83310,1.9973598,0.8933299
84310,2.2086072,0.8316406
85310,2.322098,0.8554258
86310,2.7570095,0.7996349
87310,3.339592,0.816045
88310,2.944097,0.8047803
89310,2.8459616,0.8370163
90310,2.9852479,0.8080794
91309,3.2310636,0.80842215
92310,3.1339803,0.7910795
93310,3.441892,0.84460443
94310,3.2045145,0.7761775
95310,3.017365,0.75975597
96310,3.0286014,0.77274513
97310,2.5895383,0.78895706
98310,2.58718,0.87368685
99310,2.5592732,0.82582545
100310,2.832839,0.7727329
101310,2.968243,0.8068835
102310,2.9511466,0.80004627
103309,2.98253,0.810511
104311,3.1675165,0.8173259
105310,3.1517522,0.79933304
106309,2.842131,0.8460651
107310,2.9881356,0.8197154
108310,3.198287,0.7836184
109309,2.894635,0.868365
110310,3.2729375,0.78235584
111310,3.5379975,0.75834656
112310,2.9378135,0.8488312
113311,3.608514,0.7918537
114310,4.006612,0.7510746
115310,3.1639864,0.72797155
116310,3.1279314,0.7852455
117310,3.4704688,0.72906065
118310,3.2097814,0.7901915
119309,2.877295,0.8138126
120310,2.5952427,0.80160916
121310,3.1478715,0.7571628
122310,2.2511723,0.8350911
123310,2.271527,0.85543936
124310,3.0365121,0.7756569
125311,3.1347895,0.81735224
126310,2.7226608,0.7528727
127311,3.5147512,0.79855883
128309,3.310774,0.7247537
129310,3.4027336,0.77991134
130310,3.2109792,0.7587951
131310,3.7385955,0.72902864
132310,4.1757593,0.7434673
133309,4.5885286,0.71399015
134310,4.4090495,0.74162394
135310,4.7983413,0.68618584
136315,4.043418,0.70305866
137310,3.896152,0.73762685
138310,3.8651855,0.73573565
139309,4.229586,0.7544252
140311,4.0579505,0.6779455
141310,3.9486003,0.7549267
142310,3.903645,0.7696078
143309,4.0699077,0.70336545
144309,3.8279815,0.7331528
145310,3.9421172,0.7606332
146310,4.0957656,0.6409769
147310,3.5943873,0.7677191
148310,3.7196865,0.77734256
149310,3.8571546,0.78576565
150310,4.518852,0.7097337
151310,3.843702,0.6977211
152310,3.9133525,0.77817607
153314,3.6531868,0.7324602
154310,3.403511,0.7389779
155310,3.0466201,0.80679
156310,2.7703583,0.82680655
157310,2.2309058,0.8475206
158309,2.0209153,0.8360865
159309,1.6636193,0.849513
160310,2.0771604,0.8417541
161310,2.0254126,0.81498104
162310,2.1509216,0.8697188
163310,2.0089664,0.8607414
164310,2.0829477,0.81896865
165310,1.721063,0.8616535
166309,1.54129,0.90845037
167310,2.203261,0.8419135
168310,2.8657246,0.7950169
169311,3.31475,0.70324093
170310,3.2883978,0.7438873
171311,3.8732939,0.78075707
172310,3.233758,0.7566965
173310,3.011519,0.7827623
174310,2.7941272,0.77484757
175310,3.5278187,0.74770874
176310,2.4571772,0.8600149
177310,2.4854972,0.82825947
178310,2.4340158,0.84663606
179310,2.2664883,0.82152927
180310,2.360964,0.76810795
181310,2.48246,0.7777134
182310,2.3089764,0.7849756
183310,2.892066,0.7746582
184310,2.838795,0.8279071
185310,3.4535358,0.78520304
186310,3.4990919,0.71353525
187311,3.5049765,0.7756561
188310,3.0125866,0.80675095
189309,3.047277,0.71502227
190310,2.9714768,0.80945873
191309,4.2370844,0.6842532
192310,4.2773795,0.7191815
193310,4.153469,0.7155812
194310,3.9491026,0.68719256
195310,3.8495183,0.7096987
196309,3.2440083,0.7786668
197310,3.4237137,0.81234735
198310,3.7311594,0.7815511
199310,3.8757403,0.74672085
200310,3.6235018,0.7359923
201310,3.2547317,0.7873213
202309,3.2844663,0.76792014
203310,2.831075,0.7712416
204310,2.7764523,0.8249029
205310,2.75371,0.7834023
206310,3.1297586,0.7758936
207309,2.6758559,0.83278984
208310,2.243089,0.82640165
209310,1.5398462,0.88050073
210310,1.3132827,0.9051261
211310,0.7311883,0.9369664
212310,0.5573484,0.9414065
213310,0.6110152,0.9612224
214309,0.58776003,0.9344174
215310,0.71992666,0.9237441
216310,0.9176245,0.9303323
217310,1.5578067,0.88339597
218310,1.6406591,0.89461386
219310,2.202641,0.8124879
220310,2.317064,0.8185189
221310,2.2010803,0.8025562
222310,1.9013981,0.8716417
223310,1.5595862,0.86116093
224310,1.0796571,0.89999235
225310,0.7984897,0.92037976
226310,0.5028579,0.94774055
227311,0.6087135,0.95398724
228310,0.6232689,0.95178515
229310,1.104356,0.9338809
230309,1.326918,0.8905466
231310,2.062521,0.8562338
232310,1.9159683,0.85704225
233310,2.1915293,0.8226797
234310,2.4167714,0.8250326
235310,2.5087445,0.8012654
236310,2.0554082,0.8629193
237310,2.237818,0.8153644
238311,2.522394,0.816764
239310,2.7165003,0.7799674
240310,3.4676983,0.75941247
241311,3.7804518,0.69400585
242310,3.340701,0.75468147
243310,3.016905,0.8502224
244310,2.7012267,0.8094743
245310,1.7800574,0.8421091
246310,1.289589,0.8862049
247310,1.0006827,0.93069476
248310,0.8120013,0.93046486
249310,0.7995504,0.92198056
250309,0.8116338,0.92827904
251310,1.44489,0.86998034
252309,1.4354755,0.8861785
253311,1.5344484,0.8764461
254310,2.106713,0.8417689
255310,2.1170397,0.8497023
256309,2.2036834,0.8283201
257309,2.8248022,0.87076646
258310,3.622565,0.73632544
259310,3.690171,0.748234
260310,3.418234,0.7295502
261312,3.00812,0.80075014
262310,2.4136164,0.8323392
263310,1.9875722,0.85538363
264310,1.8793281,0.82018423
265310,2.356571,0.7965845
266310,2.8250458,0.79713327
267310,3.0907474,0.82036597
268310,3.4699297,0.75637394
269310,3.637435,0.7473984
270310,4.0730166,0.7657962
271309,3.6225307,0.7350474
272310,3.7142406,0.68515605
273309,3.668599,0.73008627
274310,3.0153506,0.7701764
275309,2.7059865,0.8631756
276310,3.1062968,0.7529092
277310,3.19956,0.73657036
278310,3.142968,0.74688125
279310,3.368394,0.7507966
280311,3.0596232,0.80403316
281310,2.8512962,0.78118783
282309,2.7825916,0.7669418
283310,2.7648408,0.80350775
284310,2.663414,0.7950876
285310,2.5576346,0.7947289
286310,3.032726,0.8014266
287310,3.0477126,0.7887939
288310,2.9239924,0.7775224
289310,2.7734897,0.8327612
290310,3.1931982,0.76525056
291310,3.0621321,0.7602075
292310,2.6894293,0.80528367
293310,2.5274582,0.8136144
294310,2.9087076,0.78959674
295310,2.7350562,0.8170188
296310,2.3375812,0.82417804
297310,1.998491,0.8197103
298310,1.6756353,0.8726583
299310,0.8800928,0.92942953
300309,0.6152046,0.95396835
301310,0.4956999,0.9503465
302309,0.4490826,0.9615168
303314,0.47391197,0.95592487
304310,0.46530202,0.9506748
305310,0.50542384,0.9639564
306310,0.4956298,0.966175
307310,0.4996676,0.95766574
308310,0.50496215,0.9585837
309310,0.5052223,0.953566
310309,0.49158275,0.9624364
311310,0.4299556,0.9547549
312310,0.38804352,0.9727916
313310,0.41804194,0.9623624
314310,0.44612646,0.9547993
315310,0.60569763,0.9462697
316312,1.0705043,0.91078377
317310,1.2614629,0.90572923
318310,1.9647645,0.8705819
319310,2.254702,0.84230065
320310,2.6493108,0.8004458
321310,2.6967657,0.80000013
322310,3.4347436,0.74926627
323310,3.8230615,0.7189778
324310,3.7370355,0.73128223
325310,4.0899534,0.7521442
326310,3.7388384,0.771473
327311,3.1706069,0.7971041
328310,2.89788,0.8307677
329310,3.3458693,0.76687515
330310,3.0892308,0.7892988
331310,2.9776452,0.799897
332310,2.3201752,0.83352786
333310,1.8134077,0.8562745
334310,1.3006216,0.87921715
335310,0.7835255,0.926793
336310,0.4977649,0.943981
337310,0.46783337,0.9582706
338309,0.44771314,0.9636337
339309,0.4483651,0.95603776
340309,0.4479378,0.95578754
341310,0.45223993,0.9547882
342310,0.4696661,0.9622575
343309,0.488523,0.969116
344310,0.5085848,0.9572522
345309,0.5184709,0.96113044
346310,0.5234178,0.9473896
347310,0.5051243,0.95263106
348309,0.48314586,0.958626
349310,0.53171146,0.9470909
350310,1.4907886,0.8591958
351310,1.930279,0.87710583
352311,2.2673717,0.82396454
353309,2.8603854,0.853
354309,3.0556893,0.7739668
355309,2.6322765,0.84078205
356309,2.765891,0.77987134
357310,2.7690601,0.8209371
358310,2.9727085,0.805754
359311,3.3988545,0.7800685
360310,3.2146142,0.7491121
361310,3.364447,0.7702512
362310,3.375854,0.7697137
363309,3.4949396,0.7166635
364310,3.5123649,0.71616155
365310,3.7701066,0.7540725
366310,3.8267865,0.7442043
367310,3.448717,0.7578221
368310,3.1558034,0.77765703
369310,3.0106723,0.82342845
370310,3.8936381,0.7194254
371310,3.4708657,0.7624403
372310,3.8798106,0.72766036
373310,3.5109296,0.7537024
374309,3.1123688,0.80175585
375310,2.244227,0.8414344
376310,1.4362295,0.8843472
377310,0.7222851,0.9469073
378310,0.54178965,0.961583
379310,0.4809427,0.95982563
380311,0.4143618,0.96263164
381310,0.46834034,0.9638121
382310,0.68376124,0.9449824
383309,1.2009411,0.89556533
384310,1.185419,0.88804716
385310,1.5682007,0.8559941
386310,1.482386,0.8695577
387309,1.573113,0.89525104
388310,1.3415654,0.89341563
389309,1.7590066,0.83804184
390310,1.5635446,0.8718975
391310,1.6680094,0.892125
392311,1.8180499,0.86253774
393310,1.9451597,0.8201322
394310,2.638259,0.8549875
395310,2.8464901,0.8441674
396310,3.9978592,0.691369
397310,3.8928206,0.73869574
398310,3.8864286,0.7660704
399310,3.5715625,0.7661256
400309,3.6211617,0.6882225
401310,4.131823,0.7039863
402311,4.232553,0.6843161
403312,4.045672,0.7987878
404310,4.360743,0.71230507
405310,4.781161,0.7601953
406310,4.5941525,0.7429175
407311,4.2877765,0.75416803
408309,5.1331015,0.72605705
409310,4.8586974,0.67802745
410310,4.9214478,0.72276807
411313,4.958594,0.67814046
412310,4.959066,0.7509353
413310,4.641707,0.7289595
414310,4.370701,0.73032
415310,4.3954372,0.7234521
416313,4.650253,0.7064526
417310,4.276708,0.73509294
418310,4.2289996,0.7093451
419310,4.4844556,0.74849683
420310,4.2884502,0.7669017
421310,3.8893518,0.75769717
422309,3.6325512,0.758117
423310,2.7931619,0.853258
424310,2.5952704,0.81770873
425310,2.0924108,0.8264558
426310,2.2998621,0.81536865
427310,2.1895695,0.83445555
428311,2.5331676,0.84203005
429310,2.5565171,0.8570027
430312,3.0033872,0.814003
431310,3.5058196,0.77461934
432310,3.8305912,0.7647384
433310,3.95369,0.7559761
434309,2.9248612,0.8143118
435310,3.0951183,0.77015036
436310,3.1513371,0.77480245
437310,2.8702488,0.83934116
438310,3.1309903,0.8108302
439310,2.950157,0.7831083
440312,2.672219,0.7729087
441310,2.4626555,0.8049431
442310,2.2694674,0.8259632
443309,1.6769063,0.8568657
444310,1.8680803,0.85920495
445310,2.0586326,0.8382447
446310,2.1817338,0.8231303
447310,2.2620802,0.80288404
448309,2.7630198,0.77535564
449310,2.9124258,0.77185535
450310,3.3368056,0.75339806
451309,3.1627595,0.76455647
452310,2.821147,0.7741085
453310,2.3147085,0.7888243
454310,2.433601,0.80461717
455311,1.4626384,0.89830726
456310,1.190436,0.9059683
457310,2.0828211,0.8398744
458310,2.3934393,0.82164705
459309,2.564367,0.80402845
460310,2.7725751,0.7916239
461310,3.0074437,0.7863644
462310,2.5295467,0.8176447
463310,3.3527603,0.7518863
464310,3.6082807,0.7517035
465310,4.0676985,0.68871826
466310,3.8117669,0.7133615
467310,3.65951,0.7411471
468310,3.162148,0.76256055
469310,3.0367792,0.8009113
470310,2.9552317,0.77742267
471310,3.8847222,0.73051697
472310,3.913129,0.7384177
473311,3.5602336,0.78559273
474310,3.716494,0.7577666
475310,3.4387496,0.7985553
476310,2.596898,0.85715085
477310,2.1989095,0.78477275
478312,2.6699421,0.80782723
479310,2.8784099,0.7912215
480310,2.745235,0.83867514
481309,3.1342196,0.78818256
482310,2.9603481,0.7499526
483309,3.429865,0.74516547
484311,3.0524447,0.786608
485310,3.0537207,0.76627845
486312,2.9887815,0.77676123
487310,2.5132463,0.83261925
488310,2.8630707,0.8286574
489310,2.5914536,0.83207136
490310,2.151686,0.8256254
491310,1.9619516,0.85632163
492310,1.5324968,0.8845223
493310,0.6976198,0.9484661
494310,0.58895284,0.9451978
495310,0.5044615,0.9504263
496309,0.4860813,0.94706285
497310,0.48680377,0.95528555
498310,0.48644713,0.95683795
499310,0.49204966,0.96092683
500309,0.49411088,0.9460222
501309,0.51132864,0.96158963
502310,0.51289254,0.9589498
503310,0.52068716,0.95974827
504309,0.5278926,0.9536345
505309,0.52484435,0.95516676
506310,0.5184137,0.95089185
507310,0.5232261,0.9617255
508310,0.5197753,0.95859945
509310,0.5170322,0.93673027
510310,0.53407973,0.9558371
511309,0.5176915,0.95201534
512311,0.54517025,0.96632683
513310,0.51016843,0.96326303
514311,0.49846947,0.94554347
515310,0.67093056,0.92071706
516311,1.1591357,0.8947974
517310,1.6393023,0.85612226
518310,2.070931,0.85930514
519310,2.3069193,0.83309925
520310,2.1839387,0.8093107
521310,2.0677998,0.8319373
522309,1.8310392,0.8422513
523310,1.6042634,0.88725036
524310,2.0022795,0.8751241
525312,2.0684981,0.8185015
526310,2.1714704,0.7933578
527310,1.8259797,0.87250537
528310,2.4370015,0.82810706
529309,2.6260962,0.7578364
530310,2.1322107,0.8400439
531310,2.5602229,0.83743596
532310,2.7091033,0.77521527
533310,2.1569293,0.81802833
534310,2.5560346,0.8411106
535309,3.5705078,0.83218896
536309,3.6197393,0.7255478
537309,3.9921339,0.7425753
538310,4.104492,0.78375965
539310,3.4472344,0.8096098
540310,3.5333238,0.7916451
541312,3.4267418,0.7927896
542310,3.786642,0.7007854
543311,3.8442366,0.7893305
544310,3.8398583,0.6856064
545310,3.6730955,0.7453368
546310,3.614348,0.74221677
547310,3.1387005,0.76998436
548310,3.1796608,0.7752132
549310,3.0003312,0.8205085
550310,3.1038945,0.77653116
551310,3.2618983,0.7892689
552311,3.2360902,0.76464766
553310,2.8105075,0.84799016
554310,2.9692166,0.82470596
555311,3.6372862,0.7660307
556310,3.4968073,0.74619836
557309,3.5293317,0.6934981
558310,3.8846052,0.7836437
559310,3.47188,0.7596041
560309,3.986938,0.73575777
561309,3.8912606,0.7481286
562310,3.2513018,0.78776443
563310,2.247242,0.816164
564310,1.7500253,0.8368754
565310,0.7240853,0.9312439
566310,0.51725715,0.95620155
567310,0.4793161,0.9632189
568310,0.4675906,0.9477486
569309,0.46602294,0.9677779
570310,0.5526961,0.9534481
571311,0.52625656,0.94546396
572310,0.84107596,0.9361746
573310,1.048442,0.91748405
574310,1.1349033,0.90024006
575310,1.379268,0.8847361
576310,1.5618714,0.8925639
577310,1.4212576,0.87425
578310,1.5749592,0.8764937
579310,1.6188852,0.874645
580310,2.015634,0.81162274
581310,2.3668332,0.8294094
582310,2.608699,0.8130491
583310,2.8828628,0.77311724
584309,3.6698596,0.7303591
585310,3.5711749,0.7342334
586310,3.6857102,0.7671716
587310,3.7342305,0.7406663
588310,3.8143556,0.7905201
589310,3.395302,0.7474942
590309,3.218284,0.7349982
591310,3.486859,0.77792794
592309,3.2391522,0.7611781
593310,3.6163034,0.724612
594310,3.9926114,0.6863282
595309,3.055267,0.8209024
596309,3.2891934,0.7431906
597310,3.0414617,0.79044485
598310,2.0776079,0.8680488
599310,2.0839474,0.836091
600311,2.255711,0.8499309
601310,1.8263563,0.8686219
602310,1.9364016,0.8298822
603310,2.1005266,0.8533652
604310,2.156797,0.8394381
605310,2.5632167,0.82800186
606310,2.3586092,0.8383081
607310,2.489413,0.84466314
608310,2.843465,0.8058542
609310,2.80624,0.77758515
610310,3.0203352,0.79612756
611310,3.4259374,0.7822871
612309,3.2539167,0.82273656
613310,3.6069963,0.7642228
614310,3.4312189,0.81690884
615310,3.361592,0.76931244
616309,3.7662494,0.7169082
617310,3.8390856,0.8267206
618310,3.0519118,0.81044745
619311,2.308849,0.8205004
620310,2.047575,0.86523026
621310,1.3687289,0.87689286
622310,0.77621734,0.9288278
623310,0.6384616,0.9482323
624310,0.62575495,0.94206655
625310,0.6851779,0.9457883
626309,0.74824077,0.9290669
627310,0.74999374,0.92353845
628310,0.76077217,0.9435806
629311,0.71782994,0.92601585
630310,0.6924111,0.94339424
631311,0.6636362,0.9282525
632310,0.6124615,0.95670867
633310,0.58878565,0.96267605
634310,0.59629446,0.9443019
635310,0.5715361,0.95705783
636310,0.5819431,0.9513589
637310,0.5690456,0.9599161
638310,0.5653388,0.95634425
639310,0.55804145,0.94767094
640310,0.5695323,0.9332019
641311,0.5723659,0.9432436
642310,0.5625918,0.964315
643309,0.5626844,0.95536107
644310,0.5712542,0.9437102
645309,0.5596845,0.95833445
646310,0.5538779,0.94950557
647310,0.5627805,0.95711863
648310,0.5735284,0.94487387
649310,0.5504689,0.94343245
650309,0.56610453,0.92917275
651311,0.55046225,0.9488974
652309,0.55652857,0.93946344
653310,0.56288666,0.95764107
654310,0.55293304,0.955048
655310,0.5658774,0.9525984
656309,0.558357,0.95803094
657310,0.5510256,0.9477475
658310,0.5503723,0.9482339
659309,0.55445766,0.9438436
660310,0.5505559,0.95908654
661310,0.5435922,0.96141595
662310,0.5556789,0.95360506
663311,0.5622883,0.9564185
664310,0.5711843,0.95627075
665310,0.56201637,0.94762963
666310,0.5506336,0.9510341
667310,0.548631,0.9508272
668310,0.5697575,0.9491104
669310,0.53410655,0.9479031
670311,0.5658871,0.94593763
671310,0.557878,0.94143504
672310,0.5717413,0.9566652
673310,0.575446,0.9633938
674310,0.5595612,0.944846
675310,0.56479335,0.94981325
676310,0.54884785,0.95886034
677310,0.5500066,0.94639516
678309,0.5547459,0.951141
679310,0.557024,0.9539256
680310,0.55133796,0.95835555
681310,0.5517156,0.95938927
682309,0.55821776,0.9432258
683310,0.5452841,0.9497943
684310,0.5616473,0.95605457
685310,0.5580698,0.9538395
686310,0.5465308,0.9357747
687310,0.5573305,0.94524395
688309,0.55081713,0.94966197
689309,0.6272987,0.94185394
690309,0.9036472,0.93140346
691310,1.3881134,0.9327892
692310,2.1133106,0.8377299
693310,2.6006136,0.810221
694310,2.7295763,0.8003937
695310,2.956247,0.79923034
696309,2.711211,0.8226456
697310,2.7640703,0.80527836
698311,2.6036563,0.8554675
699310,2.8893259,0.78356916
700309,3.2045586,0.7311325
701310,3.0386055,0.7468794
702309,3.0691037,0.77233917
703310,3.0078921,0.7830671
704310,3.6950414,0.701622
705310,2.9860458,0.7723423
706310,3.0579422,0.7882101
707310,2.9504836,0.7961843
708310,3.0038328,0.7779874
709310,2.4762723,0.8010617
710310,3.467789,0.81727284
711310,3.7803571,0.8043592
712309,3.5776622,0.792771
713310,3.0731733,0.784182
714309,3.5109868,0.74161375
715311,3.2457223,0.7702328
716310,2.7710557,0.7895171
717310,2.862761,0.81085145
718309,2.592076,0.7777939
719310,1.6681881,0.9050691
720310,1.1879852,0.93245465
721310,1.2142392,0.89680606
722311,0.97218823,0.91518325
723310,0.97835314,0.89705634
724310,0.76577747,0.9402425
725312,0.70306355,0.92353123
726311,0.68992794,0.9284231
727310,0.68248785,0.9353695
728309,0.67080224,0.9543292
729310,0.67433435,0.91765386
730310,0.6629519,0.9296829
731310,0.66292393,0.95242274
732310,0.64830774,0.94182074
733310,0.6242774,0.9209818
734309,0.7957199,0.93374395
735311,1.0100864,0.9353426
736310,1.1635096,0.89777493
737311,1.4381037,0.90796465
738310,2.1427717,0.8643467
739309,2.101683,0.852215
740310,2.154192,0.85861635
741310,2.153722,0.88335
742310,2.9406345,0.8070507
743310,2.5087054,0.8228046
744310,2.4439855,0.7932831
745310,2.098172,0.8177772
746311,2.1739433,0.841041
747310,1.8613359,0.8677248
748310,1.7793051,0.8653923
749309,1.725924,0.8710949
750310,1.9791248,0.87525403
751310,1.6534842,0.88236064
752310,1.8719503,0.8391516
753310,2.0245807,0.85842675
754309,2.4772446,0.81253195
755310,2.1948774,0.8299935
756310,2.0214553,0.8492299
757310,1.719978,0.868981
758310,1.0781702,0.9098644
759310,0.7057276,0.946461
760310,0.63993186,0.93671185
761310,0.67027956,0.93641126
762311,0.65601313,0.9652381
763310,0.68356574,0.94990844
764310,0.70634866,0.95174545
765309,0.76036185,0.92594993
766310,0.7063313,0.9350033
767313,0.7938866,0.94211954
768309,1.0753905,0.9293182
769310,1.292737,0.8912132
770311,1.431799,0.8838176
771309,2.0191088,0.8644002
772310,2.6299756,0.8160887
773309,2.5316682,0.7945208
774310,2.4997597,0.77173173
775312,3.012314,0.83567685
776310,3.0912538,0.80374116
777310,2.8410602,0.7526354
778310,3.2183957,0.7559168
779310,3.5564482,0.76823306
780310,3.2848463,0.7869782
781310,3.4701505,0.8190996
782310,3.802251,0.84255
783310,4.307445,0.7121643
784310,3.9179647,0.75106585
785309,3.9612837,0.72221315
786310,4.222864,0.8170845
787309,3.9326973,0.7313697
788310,3.9588726,0.75757533
789310,3.721416,0.7417669
790310,3.5599456,0.7232176
791310,3.4036295,0.79366684
792309,3.5810566,0.7897166
793310,3.6257334,0.75587904
794310,4.32861,0.7255187
795310,4.5348396,0.739829
796310,4.040267,0.6829891
797310,5.145673,0.71291596
798309,5.331953,0.66318357
799310,4.0951324,0.7245879
800310,3.7512684,0.77070844
801310,3.7030098,0.7539095
802310,2.2833562,0.84862566
803311,1.9171917,0.85937846
804310,1.921464,0.82413775
805310,2.3727665,0.861589
806310,2.401989,0.78540874
807310,1.6769236,0.8515219
808310,1.5589709,0.8827448
809310,1.4951729,0.87162584
810310,1.3145883,0.8854915
811309,2.0019076,0.8681093
812310,2.3963401,0.8210804
813310,2.7599437,0.82497895
814310,2.9771454,0.8229586
815310,2.8369327,0.8028959
816310,3.0618515,0.77397215
817310,3.2427056,0.7666831
818309,2.8726656,0.79423106
819311,3.3441806,0.74724096
820309,3.4305642,0.7721773
821310,2.9278479,0.77828217
822310,2.631344,0.81004655
823310,2.7274668,0.8217796
824309,2.7760212,0.8343725
825310,3.016677,0.8118066
826310,3.6934624,0.7514149
827311,3.4799712,0.77294785
828310,3.4082236,0.80862737
829310,3.0433822,0.8054917
830310,2.8628557,0.7884939
831311,2.757559,0.8079088
832309,2.8067842,0.80905986
833309,3.4944785,0.7426658
834311,2.7891629,0.78484935
835312,2.7141275,0.8096311
836310,3.2365854,0.8097181
837310,2.7640474,0.8348705
838310,2.5400531,0.7994853
839310,1.5853691,0.8593639
840310,1.1134346,0.89684266
841310,0.5914411,0.933318
842310,0.5139055,0.9669592
843310,0.4831281,0.95690846
844311,0.4823987,0.96769756
845310,0.47895354,0.95387936
846310,0.48725343,0.9523242
847311,0.4921003,0.9638482
848310,0.57556474,0.94011986
849310,0.60085106,0.9336446
850310,0.5830334,0.9520403
851312,0.64170116,0.95498616
852310,1.3521951,0.89726514
853309,1.1947668,0.91439456
854310,1.2535163,0.884698
855310,1.3316131,0.89412427
856310,1.4030522,0.86445
857309,1.8098949,0.8918468
858309,2.4450533,0.85582757
859310,2.817287,0.82236505
860309,3.1629946,0.7928522
861309,3.5352159,0.74587417
862310,3.1612468,0.7756091
863310,2.9142675,0.8431294
864310,2.5820987,0.76760167
865310,2.9648578,0.7874575
866310,3.5331683,0.78271574
867311,3.5699856,0.76804376
868310,3.4398844,0.77216154
869310,3.5318298,0.7833584
870310,3.726734,0.7320524
871309,2.9755082,0.7474538
872311,3.6741583,0.7731935
873310,3.8584304,0.7527738
874310,3.3912601,0.79174054
875310,3.6450112,0.7495126
876310,3.1605363,0.7494633
877310,3.1490662,0.79619217
878310,2.9079406,0.8043675
879310,3.0503552,0.8089194
880310,2.9891396,0.7957905
881310,2.7658339,0.79090303
882310,3.2180436,0.8017481
883310,3.3925803,0.7804963
884310,3.3175821,0.81860065
885309,3.214776,0.79137796
886311,3.3062038,0.78314453
887310,3.566361,0.7413559
888311,3.2290976,0.7730661
889310,3.2748551,0.7563063
890309,3.4102163,0.7606084
891310,2.4997535,0.80377436
892310,2.0722365,0.87363553
893310,1.4255697,0.8996776
894310,0.9066792,0.92952573
895310,0.7750172,0.9528179
896310,0.63070345,0.95616996
897310,0.60494035,0.9548823
898310,0.62325966,0.9521651
899310,0.6666112,0.9401353
900310,0.6949606,0.936204
901309,0.7023693,0.94060785
902310,0.7194414,0.9374203
903310,0.68616545,0.94768125
904311,0.6425742,0.9444695
905310,0.6148443,0.9406877
906310,0.6128693,0.9376607
907309,0.59502876,0.9419277
908309,0.5854907,0.9508919
909310,0.58178735,0.95264834
910310,0.5878399,0.9558332
911310,0.57500225,0.943853
912310,0.5786752,0.9674287
913310,0.5736814,0.9530683
914310,0.56779313,0.95532453
915310,0.56815004,0.9510292
916310,0.5611921,0.95930266
917310,0.5687727,0.95494723
918310,0.5505709,0.9462069
919310,0.5603272,0.94190365
920310,0.55588865,0.96509117
921310,0.57052064,0.9497086
922309,0.5545737,0.9488698
923310,0.5569346,0.94697815
924309,0.55595255,0.94789714
925310,0.5512953,0.9500321
926310,0.56210726,0.9458649
927310,0.54272103,0.95035017
928311,0.55142576,0.94718194
929310,0.5602822,0.94904554
930310,0.55830634,0.9439688
931312,0.5549301,0.9594964
932311,0.57128334,0.95290935
933311,0.56687963,0.9547566
934309,0.5739839,0.9556163
935311,0.55151826,0.9426636
936309,0.55686486,0.948123
937310,0.57086,0.96727085
938310,0.55372804,0.9419467
939310,0.5758208,0.9586239
940310,0.5574744,0.94614357
941309,0.5880099,0.9351964
942309,0.57177794,0.95172286
943310,0.57374763,0.9708694
944310,0.55634797,0.96586376
945310,0.56599075,0.9613679
946310,0.54032123,0.94888026
947310,0.54395676,0.96763337
948310,0.5528857,0.95035976
949310,0.54629856,0.9532951
950310,0.55119604,0.9534364
951311,0.55353636,0.9515646
952310,0.55659294,0.9456642
953309,0.55820847,0.9510633
954310,0.54829425,0.96252054
955310,0.5557722,0.9545715
956310,0.5498627,0.9551599
957310,0.5615746,0.94474924
958310,0.55071557,0.9566137
959310,0.66021943,0.925871
960310,0.6885253,0.9531248
961310,0.8229467,0.94708675
962310,1.311354,0.89520866
963310,1.8595538,0.8437745
964310,2.053996,0.8461148
965310,2.2218523,0.8402615
966311,2.39843,0.777477
967310,2.3029428,0.88018054
968310,2.3586493,0.8093955
969310,2.2728043,0.8235775
970311,2.668964,0.86303616
971310,2.969885,0.7803725
972310,2.6243956,0.79212546
973310,2.9239411,0.76209855
974311,3.3454978,0.77932733
975310,2.9295182,0.8026119
976310,3.718779,0.7758553
977310,3.3336802,0.7851946
978310,3.3634434,0.7607606
979312,3.0005684,0.7959101
980310,2.9356067,0.8275067
981310,2.3851814,0.844409
982311,2.5558827,0.80384463
983310,2.5053382,0.82609725
984310,2.884613,0.7870867
985310,3.2170901,0.8132553
986310,3.3835208,0.7393474
987310,3.1190922,0.8721407
988309,3.3045099,0.7359993
989309,2.6225626,0.81638986
990311,2.334378,0.82572836
991311,2.0311785,0.8463653
992311,2.3123283,0.8463521
993310,3.0132053,0.8084746
994310,3.4757197,0.7459421
995310,3.450362,0.71138793
996310,3.563818,0.78373456
997310,3.312017,0.71506053
998310,3.0751047,0.757845
999311,3.3677316,0.7512659
1000310,3.186486,0.7773236
1001310,2.9192219,0.778446
1002310,2.563543,0.827259
1003310,1.5454478,0.86971897
1004310,1.0214057,0.901556
1005309,0.6514421,0.9427098
1006310,0.5789417,0.9407721
1007310,0.6216916,0.94416356
1008311,0.6484692,0.9416725
1009310,0.6936588,0.9267897
1010310,0.6976901,0.93966925
1011309,0.7318996,0.9278023
1012309,0.71085805,0.9177807
1013310,0.69409454,0.95398766
1014309,0.6549567,0.9319089
1015310,0.62932974,0.951646
1016310,0.61018914,0.9587461
1017309,0.7312322,0.93464357
1018309,0.9337756,0.89811134
1019311,1.0131617,0.90610486
1020310,1.1422882,0.92880166
1021310,1.0999821,0.8989663
1022309,1.0086396,0.91541845
1023309,1.1215017,0.87811095
1024309,1.8518429,0.86747175
1025310,1.6081102,0.88973796
1026310,2.1665554,0.83127403
1027310,2.5462282,0.8118206
1028309,2.7181878,0.7838915
1029310,2.5840495,0.7924928
1030310,3.2869275,0.7418477
1031310,3.236726,0.7953351
1032310,3.2592142,0.7898522
1033311,3.247914,0.7769424
1034311,4.1031094,0.74498785
1035310,4.0621552,0.7022185
1036310,3.8813245,0.72447944
1037311,3.9252295,0.7189003
1038310,3.5930867,0.76476085
1039310,2.8457644,0.79753697
1040310,2.9991617,0.75759566
1041310,2.4914992,0.7765392
1042310,2.4392266,0.829739
1043310,2.2283616,0.84456277
1044310,2.2229137,0.7945686
1045310,2.026998,0.8567435
1046310,2.1337187,0.8453561
1047309,2.1823933,0.846617
1048309,2.0006354,0.8675674
1049310,2.2450278,0.8254784
1050309,2.2321434,0.83587456
1051310,1.9766278,0.8341949
1052309,2.5859115,0.8123668
1053310,2.8696487,0.81337494
1054310,2.983324,0.8328287
1055310,3.191545,0.79157054
1056310,3.4626725,0.7703332
1057310,3.6387372,0.750034
1058310,3.230166,0.7833687
1059310,3.9342816,0.72882664
1060310,3.8793287,0.69049454
1061309,3.9325087,0.7714696
1062310,4.6879873,0.66032505
1063311,4.6079264,0.69913155
1064310,4.7787075,0.6791893
1065310,4.5590715,0.7094811
1066310,4.402543,0.72792655
1067311,4.6413393,0.6976084
1068309,3.8516402,0.74825287
1069309,3.9124858,0.69283485
1070309,3.9898245,0.75409836
1071310,4.3034573,0.6731015
1072310,4.61546,0.64586973
1073310,4.8656464,0.692517
1074309,4.3778443,0.70922345
1075310,4.2554307,0.70961326
1076313,4.2159123,0.74964756
1077310,3.8073103,0.782331
1078310,3.9082534,0.7566691
1079309,4.1051655,0.71422434
1080310,3.5376644,0.79099834
1081310,3.3297324,0.8220138
1082310,3.0167978,0.7828919
1083309,2.5447462,0.8064305
1084309,2.1897738,0.8630131
1085310,2.7537382,0.82621896
1086310,2.635066,0.7945097
1087310,2.2379773,0.87255573
1088310,2.1903715,0.8291014
1089309,1.8485314,0.83672667
1090310,1.6307337,0.8779416
1091309,1.5333686,0.8919465
1092311,2.624875,0.8048005
1093310,3.7779899,0.7144316
1094310,4.095611,0.75487447
1095309,4.365584,0.72612065
1096310,4.317215,0.7361438
1097310,3.89529,0.731982
1098310,3.2167666,0.76178813
1099310,3.9436827,0.70772743
1100310,4.114419,0.7106622
1101310,4.3385053,0.7427132
1102309,4.263259,0.7497365
1103310,4.612808,0.66726846
1104309,4.804396,0.7042748
1105311,4.8171625,0.64770764
1106310,5.221936,0.67677987
1107310,5.1648216,0.6557101
1108311,4.605716,0.7294423
1109310,4.160843,0.7091167
1110310,3.6959765,0.7569753
1111310,3.697601,0.7768853
1112310,3.7902555,0.7184092
1113310,3.8616674,0.7671158
1114310,3.3483412,0.7365123
1115310,3.2345765,0.7950043
1116310,2.6921306,0.82573
1117310,2.9811926,0.7872025
1118310,3.4443252,0.82112104
1119327,3.0061944,0.8374114
1120310,3.217961,0.7861411
1121310,3.6991513,0.7342143
1122310,3.4491994,0.8104638
1123310,3.462857,0.78903127
1124310,4.399125,0.6891473
1125311,4.410626,0.7362833
1126310,4.1958923,0.7188139
1127310,4.0411754,0.7733
1128310,4.100424,0.73503053
1129310,4.026394,0.74485475
1130310,4.4511294,0.7189822
1131310,4.9179406,0.7672476
1132309,4.869864,0.60016185
1133311,4.4378057,0.6896717
1134310,4.36888,0.6930094
1135310,4.5408688,0.68421537
1136310,4.737777,0.70256525
1137310,4.269457,0.77442795
1138310,4.061723,0.70896554
1139310,4.1022434,0.7946002
1140310,3.5489998,0.7704194
1141310,3.3385742,0.7733415
1142310,3.315942,0.75847244
1143310,3.4989173,0.7380671
1144310,3.2606268,0.76148593
1145309,3.9330559,0.66795594
1146310,2.9581115,0.7567886
1147309,2.4770617,0.78795534
1148310,2.7498384,0.8001446
1149310,2.183656,0.85550135
1150310,1.667658,0.88997954
1151310,1.9835142,0.8409438
1152310,2.8721166,0.7444937
1153310,2.3940742,0.7957217
1154310,3.3384774,0.779836
1155310,3.5209332,0.766793
1156311,4.0160384,0.7453822
1157310,3.729969,0.71126366
1158310,4.1756186,0.74943274
1159310,4.0927935,0.78514344
1160310,4.055626,0.74155885
1161310,4.1210313,0.72770184
1162310,4.1596155,0.73725647
1163310,4.0377336,0.706922
1164310,4.075088,0.73481095
1165311,4.8724165,0.6851129
1166312,5.1389813,0.69169253
1167310,5.548995,0.5892078
1168310,5.8487525,0.6467832
1169310,6.004291,0.69898075
1170310,5.422268,0.66764563
1171310,5.3792024,0.7107712
1172310,5.6037316,0.70819813
1173310,5.161038,0.6717658
1174310,5.1191216,0.65216357
1175310,4.822301,0.7229394
1176309,3.8595085,0.79934144
1177310,3.5467527,0.75411147
1178310,4.5818124,0.6838658
1179310,4.486115,0.74205524
1180311,4.7623563,0.74677503
1181309,5.298109,0.64464253
1182310,4.900431,0.71226805
1183310,4.640429,0.68165267
1184310,4.8303013,0.69022393
1185310,4.080855,0.72458524
1186310,4.5418105,0.6940747
1187310,5.0367756,0.6868054
1188310,5.070632,0.69004464
1189310,4.7090898,0.71456045
1190310,4.0260653,0.7224536
1191310,3.8248808,0.73349243
1192310,3.4267743,0.82791
1193311,2.4698775,0.8198647
1194310,2.3942046,0.8475471
1195310,2.539169,0.8245021
1196310,2.6443675,0.7742228
1197310,2.950327,0.8045689
1198309,2.9673524,0.7965739
1199310,3.0998054,0.75563854
1200310,3.4278831,0.79591846
1201310,3.620131,0.7688274
1202310,2.8839033,0.8183727
1203310,3.4994912,0.7579178
1204309,4.279662,0.73686117
1205310,4.2906165,0.7160971
1206313,4.9208527,0.6934736
1207311,5.104217,0.6637766
1208311,4.888087,0.67328435
1209310,4.4852395,0.76843834
1210311,4.958594,0.66943085
1211310,5.1358194,0.7163679
1212309,4.5424776,0.7048478
1213311,4.414584,0.7361277
1214311,4.820416,0.71369326
1215310,4.9080377,0.6994641
1216312,4.32842,0.7552416
1217310,3.532221,0.7545509
1218309,3.5648997,0.7140899
1219309,3.3970864,0.7830786
1220311,3.2145674,0.805243
1221309,2.9151375,0.78286624
1222310,3.1335225,0.7799801
1223310,3.6761594,0.7390296
1224310,3.9986954,0.7036125
1225311,4.471879,0.6852637
1226310,4.6039057,0.7393809
1227310,4.499036,0.7035285
1228310,4.2292957,0.7349256
1229310,3.8904157,0.6956121
1230310,4.483771,0.6831925
1231310,4.264745,0.68724597
1232311,4.243098,0.7552481
1233310,3.7468164,0.72532624
1234310,3.847466,0.71631956
1235310,4.1233177,0.72439843
1236311,3.5533152,0.73582494
1237309,3.148969,0.74829805
1238310,2.755194,0.7972327
1239310,2.392137,0.81981325
1240310,2.1371903,0.8292456
1241312,2.2064376,0.8331645
1242310,2.704736,0.7952881
1243310,2.7959692,0.8517085
1244310,2.8332856,0.7934066
1245310,3.636828,0.7438929
1246309,4.069355,0.685491
1247310,3.7702048,0.75260794
1248310,3.6335618,0.7421973
1249310,3.1435568,0.81277835
1250311,3.2906902,0.76538885
1251310,3.7113926,0.73596823
1252311,3.8240752,0.7531279
1253310,3.7141957,0.7013813
1254310,3.9558854,0.7476207
1255310,3.5816064,0.8187226
1256310,2.8943558,0.8201447
1257310,3.2415147,0.7902842
1258310,3.2982333,0.75288975
1259309,2.611967,0.8500039
1260310,2.681537,0.79593515
1261310,2.7072704,0.86196333
1262310,2.6137388,0.8464044
1263311,2.4609833,0.85508275
1264311,2.4061625,0.8298434
1265310,2.4323092,0.81236535
1266310,2.1989965,0.8233065
1267311,1.9540805,0.8404107
1268310,2.3324814,0.8485236
1269310,2.2056723,0.8868658
1270310,2.577627,0.7923659
1271311,2.8846302,0.76601994
1272310,2.8749394,0.8074332
1273310,3.3378901,0.7849128
1274310,3.6070054,0.79060906
1275310,3.9492004,0.74153924
1276310,4.1858788,0.6987518
1277311,3.9052231,0.76254743
1278310,3.5557704,0.7917311
1279310,3.691516,0.7235298
1280310,3.9725,0.7114778
1281311,4.1902943,0.7490365
1282310,4.942914,0.6803728
1283311,4.7046494,0.69977415
1284312,4.796493,0.66102666
1285312,4.4174776,0.7390193
1286310,4.1218247,0.7219781
1287311,4.075395,0.7279034
1288310,3.7146692,0.79033315
1289310,3.6369724,0.7262517
1290310,3.5804992,0.7157903
1291311,3.6694634,0.74412894
1292310,4.0542216,0.70904464
1293310,4.2326994,0.7317485
1294310,4.0457077,0.7181758
1295311,3.8325443,0.75494325
1296309,3.7599812,0.69601303
1297310,3.9659252,0.7354508
1298310,4.4629273,0.7375586
1299311,4.545972,0.7068959
1300309,5.1062665,0.64678746
1301310,4.884426,0.6718378
1302310,4.6463833,0.6798707
1303310,3.9699876,0.7302313
1304310,3.8723624,0.81134474
1305310,4.2923646,0.67538846
1306310,3.2575233,0.7402014
1307309,3.3472216,0.7822693
1308310,3.8585503,0.706254
1309310,3.8618245,0.7634954
1310310,4.139558,0.7305785
1311311,4.4315066,0.7365249
1312309,4.0329475,0.7626313
1313310,4.003142,0.72440505
1314311,3.8910213,0.7270512
1315311,3.81394,0.7321873
1316309,4.1545916,0.72700113
1317310,3.9072309,0.7003193
1318310,3.2249842,0.78159255
1319310,3.2387178,0.81694907
1320310,3.2252944,0.79130274
1321310,2.8445888,0.7795798
1322310,2.4570885,0.7896722
1323310,2.1912794,0.8185903
1324310,1.951741,0.8644258
1325310,1.7938691,0.84133077
1326310,2.1856914,0.8653962
1327310,2.3366191,0.8139922
1328309,2.4801729,0.7816902
1329309,2.9286897,0.82647043
1330310,3.1352043,0.7968257
1331310,3.2883155,0.7965564
1332310,3.0808375,0.77137923
1333310,3.3655615,0.77924377
1334310,3.5479198,0.7538835
1335310,4.218492,0.682062
1336310,4.19527,0.7194178
1337312,4.248588,0.69414145
1338310,4.125581,0.7267762
1339310,4.2339573,0.6612389
1340310,4.1135874,0.7644277
1341309,4.173972,0.7196859
1342310,3.86789,0.81710154
1343310,3.400826,0.77985185
1344310,3.7459974,0.688653
1345310,2.9377952,0.8409101
1346310,2.832452,0.7810037
1347311,2.7863429,0.80426407
1348311,2.7374008,0.817929
1349310,1.8670098,0.88414896
1350310,2.0501344,0.8545822
1351310,2.4199176,0.8224889
1352310,1.8105141,0.8610927
1353310,1.7489786,0.8380175
1354310,2.041348,0.86837226
1355310,2.8412821,0.80922896
1356309,3.3515646,0.7403678
1357310,3.8107176,0.76517564
1358309,4.001504,0.6694575
1359310,3.8899717,0.759723
1360311,3.342577,0.74478924
1361310,3.2243288,0.7800196
1362310,3.3538325,0.75158995
1363310,3.2349207,0.807522
1364310,3.1342638,0.815966
1365310,2.6418684,0.810515
1366310,3.1562998,0.7540025
1367310,2.4827735,0.8064653
1368310,2.9021633,0.8165393
1369310,3.4738078,0.7795183
1370309,3.1056666,0.78790045
1371311,3.6876986,0.71797204
1372310,3.7021244,0.7681683
1373311,3.4432197,0.69640493
1374309,3.274531,0.7187374
1375310,4.0754495,0.7329186
1376311,3.5879943,0.80510116
1377310,4.1890674,0.75247633
1378310,4.1116624,0.73133653
1379310,3.6350322,0.7829352
1380310,3.7130175,0.7725946
1381310,3.4273045,0.7597597
1382310,3.5182106,0.78540456
1383310,3.5071487,0.69421154
1384310,3.7517257,0.7455712
1385311,3.9305823,0.75122136
1386310,3.3855326,0.7929506
1387309,3.6009326,0.7820531
1388310,3.3294554,0.7376217
1389310,2.8817737,0.82532024
1390310,2.8378637,0.7624054
1391310,2.4921858,0.79195535
1392310,2.205483,0.8625247
1393310,1.9015732,0.89768875
1394311,1.6972975,0.854391
1395310,1.482842,0.8269243
1396310,1.5673324,0.8675339
1397310,1.6948085,0.8567686
1398310,1.9643109,0.8599194
1399310,1.7403111,0.8559825
1400311,2.2051442,0.8592781
1401310,2.6525595,0.8183233
1402311,2.5482645,0.8481248
1403310,2.3908284,0.84093165
1404310,2.0819051,0.8499271
1405310,2.2950828,0.8307412
1406310,2.0474503,0.8266082
1407310,1.9617316,0.8729472
1408310,2.0633807,0.8412912
1409310,2.6065907,0.8035848
1410310,2.394067,0.8502008
1411310,2.546552,0.8104076
1412309,2.6021736,0.8101923
1413310,2.8923671,0.78071374
1414310,2.8116474,0.8171689
1415311,2.549008,0.85140264
1416310,2.6471765,0.76674616
1417310,3.4100976,0.7433574
1418310,3.3989232,0.7384215
1419311,3.5298526,0.7315793
1420310,4.0435266,0.761833
1421310,4.5068765,0.6574618
1422310,4.3408356,0.71925575
1423309,4.439996,0.7537928
1424310,3.7773986,0.74856365
1425309,3.3602645,0.7462917
1426310,2.729564,0.86309266
1427312,2.5485063,0.8064035
1428310,2.0811596,0.8794542
1429312,1.7927709,0.89276934
1430310,2.2118511,0.8233911
1431310,2.159472,0.83736837
1432309,2.0388486,0.8671439
1433311,1.8504825,0.869715
1434310,2.0376563,0.88018996
1435310,2.214642,0.80395424
1436311,1.8868059,0.869298
1437310,2.0291007,0.8332204
1438311,2.859955,0.8413054
1439310,3.052394,0.8165549
1440310,3.1435032,0.7764278
1441310,3.4615731,0.7652444
1442310,4.0911407,0.7872144
1443310,3.7567554,0.7793216
1444310,4.014698,0.76572305
1445310,4.688396,0.7015864
1446310,5.086491,0.6226242
1447310,5.1621532,0.657939
1448310,5.1656036,0.678217
1449310,4.7911043,0.667269
1450310,4.7748804,0.6785998
1451310,4.4676266,0.7012272
1452310,4.4063907,0.71183544
1453310,4.43858,0.718967
1454310,5.2516127,0.6392074
1455310,5.456321,0.7599799
1456309,5.6645565,0.6660251
1457310,5.1807513,0.70196456
1458310,5.7622313,0.67616856
1459310,5.197005,0.6650447
1460310,5.7253156,0.663857
1461310,5.571211,0.7155753
1462310,5.605757,0.67783004
1463310,6.336632,0.68627834
1464310,5.7711415,0.64272165
1465311,5.734128,0.692787
1466310,5.525786,0.7070433
1467310,5.371151,0.727891
1468311,4.736693,0.73579806
1469309,4.5202403,0.7054295
1470310,4.0192246,0.67855173
1471312,4.230289,0.7554684
1472310,4.365944,0.7789745
1473311,4.480961,0.73425305
1474310,4.4823713,0.74171084
1475310,5.9014683,0.65127397
1476310,5.9288864,0.62616354
1477310,5.6234426,0.6486357
1478310,6.4038086,0.6277071
1479310,5.1506248,0.68648404
1480310,3.6840951,0.7176114
1481310,2.5180562,0.85853726
1482309,1.5719618,0.89186233
1483310,0.8644109,0.9373421
1484310,0.757522,0.9315616
1485311,0.95126545,0.918614
1486310,1.2788433,0.901002
1487310,1.7880245,0.8462142
1488310,2.4335592,0.772406
1489310,3.3370962,0.7694395
1490309,3.3756945,0.7502247
1491310,4.2973266,0.73435783
1492310,4.081238,0.74446976
1493311,4.216469,0.67721534
1494310,4.010263,0.67717606
1495310,4.5459185,0.77251524
1496311,4.2168493,0.7085081
1497310,5.4699454,0.6427922
1498310,5.26913,0.7048482
1499310,5.0221896,0.68521243
1500310,5.536928,0.70250994
1501309,6.190847,0.6712832
1502310,5.571528,0.64852697
1503310,5.692364,0.6895941
1504310,5.4949665,0.64079404
1505310,5.4413066,0.6663158
1506310,5.4961934,0.63094604
1507310,5.8226967,0.62146163
1508310,6.0233946,0.6584065
1509310,6.1446953,0.65984434
1510311,5.7391486,0.75748116
1511312,5.8807464,0.6823469
1512310,5.3899055,0.7522298
1513310,5.0034213,0.6989789
1514310,5.2586746,0.6961986
1515310,5.245694,0.68492883
1516310,5.3397007,0.6306945
1517310,5.475878,0.65625083
1518310,6.2195125,0.64134264
1519310,5.6824346,0.63855106
1520310,5.676503,0.6522279
1521310,6.2712097,0.6294812
1522310,5.717608,0.68793094
1523310,5.8284545,0.61072826
1524310,6.446526,0.5866175
1525310,6.2341437,0.6912449
1526311,5.270002,0.69745487
1527309,5.4771914,0.67713046
1528310,5.399237,0.6511932
1529310,6.089919,0.66510177
1530310,5.169609,0.6990152
1531310,4.963163,0.7467683
1532312,5.114353,0.6891893
1533310,4.763931,0.68203217
1534310,4.648712,0.74981666
1535310,4.6492906,0.73841584
1536310,3.9231224,0.79198974
1537309,3.192886,0.755971
1538310,2.308149,0.82847905
1539312,1.3066399,0.8916333
1540310,0.56024617,0.95911944
1541310,0.5263675,0.9630289
1542311,0.48274803,0.9638285
1543310,0.64006263,0.9458363
1544310,0.67030996,0.9261441
1545310,0.8831319,0.91616344
1546310,1.0968676,0.8940329
1547310,1.3569206,0.86412364
1548310,1.6000769,0.8686589
1549310,1.7992787,0.8536126
1550311,1.8275893,0.8467874
1551309,1.8699045,0.8710181
1552310,1.8952221,0.86008954
1553310,1.6767455,0.8892604
1554310,2.2466362,0.87994695
1555310,2.2573056,0.81906354
1556310,2.41637,0.8490535
1557310,2.695925,0.84513706
1558310,2.7430115,0.8379774
1559311,2.9958978,0.7836633
1560310,3.6112595,0.809923
1561310,4.006622,0.740278
1562310,4.6527777,0.65377927
1563309,4.237483,0.72510993
1564310,4.29877,0.66640776
1565310,3.8019838,0.7365683
1566310,3.9951186,0.7359528
1567310,4.5505266,0.66331875
1568309,4.7678275,0.66147226
1569309,4.7527685,0.6991605
1570310,4.5793667,0.689759
1571311,3.935239,0.7147217
1572310,3.8444448,0.69113487
1573309,3.8251624,0.71735
1574310,3.748444,0.7358995
1575310,4.188392,0.7009475
1576310,3.9746568,0.72470266
1577310,4.413034,0.7343072
1578310,4.2393093,0.72621566
1579310,4.453839,0.7058909
1580310,4.4598646,0.7385484
1581310,4.137595,0.7993814
1582310,3.98482,0.75889134
1583311,4.4979243,0.7657136
1584310,3.9743836,0.7317721
1585310,3.8509274,0.732722
1586312,4.1855316,0.65837157
1587309,4.294517,0.6700047
1588310,3.6051934,0.7616684
1589311,3.943654,0.72985405
1590312,4.124654,0.6927151
1591311,4.086468,0.7008281
1592310,4.202162,0.7562651
1593310,4.140355,0.7554951
1594312,4.33374,0.732438
1595311,3.7716815,0.7520506
1596310,3.409698,0.78339016
1597310,2.625703,0.79949075
1598310,2.4913344,0.81199884
1599310,2.5891726,0.7893471
1600309,2.6803708,0.7866588
1601310,2.9648616,0.78768283
1602310,2.7060325,0.8163646
1603310,2.5686235,0.8191462
1604310,2.7517812,0.8072569
1605310,2.4292102,0.8564823
1606310,2.4986687,0.8044382
1607310,3.2116714,0.77554053
1608310,3.141585,0.7970455
1609309,3.692791,0.7258511
1610310,4.540923,0.7295918
1611309,4.1748333,0.664084
1612310,3.6056302,0.7401201
1613310,3.8090868,0.74928916
1614310,4.1902757,0.75702953
1615310,4.48468,0.7226577
1616310,4.4579988,0.7277827
1617310,4.6414275,0.64938956
1618311,4.468064,0.6988075
1619310,4.5179105,0.68310225
1620310,4.888837,0.69906026
1621309,4.89009,0.7245749
1622310,5.027106,0.73339885
1623310,4.8794813,0.6968589
1624311,5.17438,0.68635875
1625311,4.908383,0.7176013
1626309,5.0268674,0.73314476
1627310,5.0983047,0.72448707
1628310,5.412158,0.68289393
1629310,4.9416738,0.67470086
1630315,4.6492896,0.6767961
1631310,5.0280714,0.68346196
1632310,4.8078413,0.74316585
1633310,4.653396,0.75936055
1634310,4.989717,0.60272855
1635310,5.671789,0.6460699
1636310,5.801468,0.67998254
1637310,5.513203,0.7469868
1638310,5.416745,0.6743878
1639310,5.389163,0.6758214
1640309,5.0420957,0.71847403
1641309,4.7103906,0.6799169
1642310,4.9118657,0.7099872
1643310,4.746647,0.69284576
1644310,4.425717,0.73465055
1645310,4.5142503,0.6654277
1646310,4.9564724,0.6547408
1647309,5.107243,0.71901464
1648310,4.843652,0.75970554
1649310,4.5628843,0.688882
1650310,5.0762577,0.7450691
1651310,4.098273,0.7412904
1652310,4.689948,0.6815009
1653310,5.5748,0.6530223
1654310,6.2271805,0.61690193
1655310,5.7942777,0.70691913
1656309,5.770776,0.6739057
1657311,5.8213854,0.61220133
1658310,5.338834,0.64046395
1659310,5.100649,0.72787774
1660310,5.2947965,0.6604369
1661310,5.099351,0.69895416
1662311,4.848039,0.7107648
1663310,4.683463,0.7115852
1664310,3.943893,0.7532847
1665310,4.567546,0.76348346
1666310,4.870536,0.72970414
1667310,4.0605617,0.7179378
1668311,4.229074,0.7587166
1669311,3.6008208,0.74307954
1670310,3.44695,0.7767909
1671310,2.9674616,0.83224386
1672312,2.6618574,0.8103237
1673310,2.416277,0.86399406
1674310,2.1623104,0.85430014
1675310,1.4988185,0.89837074
1676310,1.2617617,0.92365277
1677310,1.5082351,0.90299153
1678310,1.7388815,0.8517085
1679310,2.1866908,0.8223668
1680310,2.2702076,0.8244066
1681310,2.052239,0.84087974
1682310,1.9513142,0.8726893
1683311,1.7393559,0.8910156
1684310,2.1353014,0.8645821
1685310,2.265112,0.8435386
1686310,2.4473207,0.81285924
1687310,2.726017,0.78536063
1688310,2.6726615,0.7796611
1689312,3.0256956,0.77299976
1690310,3.5157297,0.7475923
1691310,3.1267438,0.77467805
1692310,3.4167483,0.7946668
1693310,3.3060296,0.7649593
1694311,3.5984085,0.7512079
1695310,4.032791,0.67986447
1696310,4.953275,0.7019375
1697310,4.8446712,0.6743797
1698310,4.383355,0.6251296
1699310,5.4732533,0.65252304
1700312,4.698142,0.6539326
1701310,3.9514618,0.7144296
1702310,4.740391,0.6915685
1703310,4.5410676,0.6762354
1704310,4.674016,0.6677488
1705310,5.351147,0.63684404
1706312,5.299206,0.6354098
1707310,4.8576956,0.7222108
1708310,5.2222505,0.6313815
1709310,5.208963,0.7007018
1710310,4.8897276,0.6482922
1711310,5.005057,0.7511413
1712310,5.559942,0.75259316
1713311,4.487155,0.6899107
1714310,3.7123334,0.7503877
1715310,4.5346527,0.678791
1716309,3.929454,0.7380463
1717310,4.078057,0.7068923
1718310,4.396435,0.7651505
1719310,4.610052,0.7212994
1720309,3.855883,0.7819636
1721310,3.179357,0.80212283
1722310,2.8045928,0.75846875
1723310,2.3328657,0.835133
1724310,1.4555213,0.87565905
1725310,1.3134906,0.8629456
1726310,1.3662868,0.8653969
1727310,1.1395928,0.90759486
1728310,1.0887455,0.92489713
1729310,1.3504395,0.8778983
1730310,1.0925738,0.9042386
1731310,1.068356,0.9009419
1732310,0.9724691,0.90941644
1733310,0.8930209,0.89583653
1734310,0.6209684,0.947652
1735310,0.53532755,0.94782054
1736310,0.5208156,0.9515117
1737310,0.514886,0.95274985
1738310,0.8327661,0.92411524
1739310,0.90248,0.9407984
1740310,1.1632035,0.9029375
1741311,2.2478151,0.8840168
1742310,3.1178632,0.7978808
1743310,3.1986034,0.81413865
1744309,3.2064881,0.7693145
1745310,2.4830465,0.84145576
1746309,2.1984348,0.8202506
1747310,2.076804,0.84139574
1748310,1.9962174,0.876044
1749311,2.3757305,0.8184499
1750310,2.669167,0.8397493
1751310,2.5149534,0.80631614
1752311,2.8285115,0.7489346
1753310,2.9838037,0.7683263
1754311,2.9610195,0.76885545
1755310,3.6255221,0.70843154
1756310,4.0199738,0.68538046
1757310,3.317117,0.7856455
1758310,3.7238495,0.7720438
1759310,3.5593407,0.7229031
1760310,3.7600312,0.70455617
1761310,4.35042,0.7550589
1762309,3.7403855,0.78432584
1763310,4.988429,0.7182671
1764310,4.870915,0.6825193
1765310,4.732502,0.69854176
1766310,5.211966,0.6601386
1767310,5.2797236,0.665902
1768309,5.385199,0.6503296
1769309,5.3356986,0.6535542
1770310,5.382623,0.69416535
1771310,4.7477064,0.6718255
1772310,4.7829394,0.66862756
1773310,3.9436977,0.703091
1774310,4.7341995,0.7336463
1775309,4.365268,0.7452359
1776310,4.8217845,0.71661156
1777310,5.4873447,0.61096764
1778310,5.19705,0.66501015
1779310,5.420222,0.71659577
1780312,6.0897174,0.6225017
1781310,5.84248,0.60835075
1782310,5.53449,0.65294963
1783310,5.7351007,0.6238584
1784311,5.643679,0.6947018
1785311,5.779846,0.6307656
1786310,5.894567,0.63853735
1787309,5.213373,0.6460972
1788310,5.468172,0.6753733
1789310,4.732183,0.65567434
1790310,4.296115,0.6602296
1791311,5.1402087,0.7037031
1792310,5.2068334,0.64597595
1793312,5.1634936,0.7189415
1794309,5.5315566,0.7528517
1795313,6.063269,0.6809715
1796311,5.9430003,0.64682794
1797310,5.606836,0.6077369
1798311,5.578306,0.6648921
1799310,5.8978944,0.6120536
1800311,5.4684176,0.67999595
1801310,5.9414186,0.6677024
1802310,5.4521956,0.6696907
1803311,5.2389555,0.6865704
1804310,4.7452364,0.6929156
1805310,4.858781,0.67168003
1806311,4.5446153,0.70684147
1807310,4.9472995,0.6788588
1808309,5.0434723,0.67130053
1809309,4.6808267,0.64905685
1810310,4.665452,0.6927215
1811310,3.8625298,0.73115546
1812311,2.669978,0.7963017
1813309,2.028004,0.8217995
1814310,1.4940544,0.86069685
1815310,1.8710274,0.85090977
1816310,1.7987697,0.86672944
1817313,1.8879275,0.89351916
1818310,2.054852,0.8802058
1819310,2.2410069,0.83809763
1820310,2.0681,0.87316793
1821310,2.2906706,0.79410356
1822310,2.1840274,0.84865797
1823309,2.1271522,0.85010016
1824310,1.6492249,0.8826481
1825311,1.4305251,0.86389214
1826310,1.6215669,0.882501
1827310,1.7240033,0.83147603
1828311,2.0305045,0.83260363
1829310,2.0476856,0.8172889
1830310,2.1578095,0.79077566
1831309,2.4970577,0.81772953
1832310,2.9612324,0.79518884
1833310,3.0188177,0.760102
1834310,3.177079,0.82048786
1835309,3.4968495,0.71335703
1836310,3.6508543,0.7916363
1837310,3.1144807,0.7699817
1838310,3.2316346,0.8010355
1839310,3.515529,0.7249134
1840309,4.56668,0.7073525
1841310,4.303914,0.7142713
1842310,4.1997743,0.6823808
1843310,5.4032974,0.6922778
1844310,5.456547,0.6655299
1845310,4.981744,0.7191107
1846310,4.82874,0.6332557
1847311,4.2518635,0.6951203
1848310,3.8849413,0.7427409
1849311,3.5859425,0.7373077
1850311,3.176259,0.8064892
1851312,2.4166698,0.7947379
1852310,2.4648438,0.82485425
1853311,2.6544845,0.8773921
1854310,2.578106,0.7740736
1855310,3.401469,0.7939208
1856310,3.287505,0.78349423
1857309,3.1552,0.7838653
1858309,3.4940596,0.7513629
1859310,3.5057478,0.72179824
1860310,3.6162386,0.75361896
1861310,3.9730358,0.7169894
1862309,4.4566474,0.74243075
1863310,4.4252853,0.6916653
1864310,4.411324,0.8146187
1865309,4.754637,0.7347814
1866310,4.372344,0.657152
1867310,4.4624734,0.6577475
1868310,4.378639,0.69824064
1869311,5.1432695,0.66010296
1870310,4.9478917,0.6590276
1871309,4.4360795,0.7204148
1872311,4.8377905,0.7375107
1873311,4.577764,0.71679467
1874310,3.7831395,0.7493165
1875310,4.1431313,0.74661636
1876310,4.3018813,0.7394088
1877311,4.388886,0.6906865
1878310,4.5198374,0.66905236
1879310,4.3414407,0.7322764
1880309,4.3220873,0.7159161
1881311,4.259433,0.7340929
1882309,3.7523613,0.76948446
1883310,2.8351195,0.8103503
1884310,3.1707098,0.76429635
1885310,2.8292873,0.8326862
1886310,3.3207855,0.8025984
1887310,3.0087028,0.7653709
1888310,2.8704145,0.776349
1889310,3.2708447,0.7926187
1890310,3.0851116,0.781598
1891310,2.8869998,0.8195182
1892309,3.396513,0.74293923
1893310,3.694653,0.7592963
1894309,3.5319433,0.8103786
1895310,3.4480896,0.7509197
1896310,3.7592347,0.82085663
1897310,3.9933202,0.7231191
1898309,3.8330684,0.7553008
1899309,3.800723,0.73842126
1900310,3.715051,0.71823764
1901309,3.5996635,0.7511238
1902313,3.2519286,0.79550236
1903310,3.0462134,0.8063204
1904310,3.0273287,0.7770292
1905310,2.944414,0.7968092
1906309,2.861256,0.75891834
1907310,2.3296611,0.8638599
1908311,2.56602,0.84841967
1909309,2.5108442,0.8144917
1910311,3.2382774,0.8638387
1911311,3.2255347,0.81638896
1912311,3.4154694,0.74098366
1913310,4.302025,0.71910787
1914310,4.3212686,0.6882857
1915313,4.218333,0.7262198
1916310,4.2564063,0.75065434
1917311,3.7617645,0.7763567
1918311,3.5615976,0.7057428
1919310,3.4559655,0.7812583
1920311,3.71973,0.73871154
1921309,3.8013322,0.7109529
1922312,4.254707,0.7037914
1923309,3.9615378,0.74283093
1924309,3.919905,0.7542891
1925309,3.9811816,0.77070135
1926310,3.2648866,0.8741127
1927311,3.5335512,0.7283257
1928310,3.3092475,0.7936376
1929311,3.9099312,0.79730207
1930310,4.290387,0.69972265
1931310,4.186793,0.74234587
1932309,4.5248337,0.7070448
1933310,4.489022,0.7087983
1934309,4.728884,0.70011413
1935310,4.6189446,0.7380259
1936309,4.60379,0.69171697
1937310,4.1040597,0.74291366
1938310,4.0278783,0.7224655
1939309,4.358967,0.71474564
1940312,3.590414,0.79115087
1941310,4.1378436,0.71414685
1942312,4.030597,0.74141157
1943311,4.192392,0.6980828
1944309,4.359561,0.7564829
1945310,4.2725186,0.7115837
1946310,4.430353,0.7098589
1947311,4.368382,0.70388764
1948310,5.2547216,0.60122913
1949310,5.148249,0.730458
1950312,4.747148,0.65744954
1951310,4.6382723,0.6716736
1952310,4.7928376,0.66485953
1953310,4.443498,0.6831622
1954310,5.0470524,0.6774964
1955310,4.7435083,0.64569175
1956310,4.112197,0.75277495
1957310,4.6926403,0.6986388
1958310,4.8645635,0.70771414
1959311,4.5754476,0.6924977
1960311,4.623751,0.6667726
1961309,4.911966,0.664598
1962311,4.5166874,0.68793964
1963312,4.012557,0.7768903
1964310,4.03896,0.7807663
1965310,4.287586,0.78358036
1966310,4.094836,0.73640734
1967310,3.835307,0.78435355
1968311,4.6532207,0.7799292
1969310,4.0622725,0.7236808
1970310,4.548666,0.68394446
1971310,5.051805,0.6451896
1972311,4.7756853,0.6825131
1973310,4.2262816,0.7207173
1974311,4.322507,0.7156683
1975310,4.484604,0.6707311
1976309,3.9762719,0.7098542
1977310,3.7575479,0.7010636
1978310,4.3403482,0.72277725
1979310,4.5614295,0.6690712
1980310,4.5909643,0.71105814
1981310,4.68267,0.6537154
1982309,3.9379141,0.6941503
1983310,3.1217685,0.7729811
1984309,2.2124832,0.85149324
1985311,1.804467,0.85849214
1986312,1.3413304,0.8938263
1987311,1.4118897,0.88541925
1988310,1.3756603,0.9051596
1989311,1.4227824,0.93557
1990310,1.6714126,0.8704051
1991310,1.5965146,0.85467726
1992310,1.634175,0.87070173
1993310,1.7060643,0.86889505
1994310,1.7131052,0.8367662
1995310,1.803998,0.8821498
1996310,2.0530584,0.83853316
1997310,2.2372975,0.8048105
1998310,1.9966384,0.8360497
1999310,2.2521179,0.8417441
2000310,2.6828966,0.82745254
2001310,2.7157633,0.7923803
2002310,3.7804735,0.7221435
2003310,4.1079097,0.70311785
2004311,4.5534215,0.7209078
2005310,4.690107,0.63476235
2006310,4.677489,0.75400347
2007310,4.8651285,0.6907143
2008310,5.4708567,0.6881866
2009310,4.734313,0.65364033
2010310,4.6072173,0.70694995
2011310,5.2355185,0.71371657
2012310,5.1666822,0.638623
2013309,4.8873577,0.6763685
2014310,4.74068,0.64550567
2015310,5.044225,0.73154646
2016310,4.6577053,0.78766686
2017310,4.3892646,0.7416298
2018310,4.5380316,0.6747921
2019312,5.187124,0.63607675
2020310,5.5833335,0.62761396
2021310,4.5063267,0.67000526
2022309,5.449891,0.6857688
2023310,5.0858517,0.6814873
2024310,4.4960604,0.75542575
2025310,4.7224836,0.70375246
2026310,4.94365,0.7084624
2027311,5.1507516,0.70369756
2028310,5.963079,0.6275878
2029310,5.614799,0.71723044
2030310,5.8589377,0.66871196
2031311,6.2476516,0.57474566
2032311,6.128359,0.75079376
2033310,6.365314,0.6726551
2034310,6.318583,0.62024695
2035309,5.5182576,0.67872477
2036310,5.4305854,0.6593045
2037310,5.2525096,0.707994
2038310,5.0475507,0.6899103
2039310,5.3895874,0.6798081
2040310,5.7113395,0.6343284
2041310,5.717858,0.6917688
2042310,5.2846165,0.6048565
2043310,4.980419,0.69657516
2044310,5.287598,0.6716666
2045311,5.353711,0.66010505
2046310,5.301608,0.67362326
2047310,5.0425167,0.6148594
2048309,4.5162954,0.6529626
2049311,5.0322046,0.712897
2050310,5.114953,0.6714406
2051310,5.792082,0.64157224
2052310,5.482742,0.61925256
2053310,4.863094,0.67077357
2054310,3.8604422,0.7201315
2055310,3.190451,0.767601
2056310,2.266357,0.8493957
2057311,2.0659473,0.8593539
2058310,2.2575135,0.84572154
2059310,2.38405,0.8564696
2060310,1.6291568,0.8819494
2061309,1.7185794,0.84782916
2062310,1.9015863,0.8609089
2063310,2.396037,0.7953264
2064310,2.0806112,0.8783821
2065311,2.5450504,0.7900987
2066310,3.3038924,0.7639397
2067311,3.1631758,0.8246999
2068310,3.9054918,0.79961026
2069310,3.821143,0.7605814
2070310,3.9450312,0.7765609
2071310,3.3373256,0.74043226
2072310,3.0614061,0.7661011
2073310,2.5179622,0.8262636
2074310,3.2042813,0.7717739
2075309,3.2013102,0.77828443
2076309,2.9859107,0.76132375
2077311,3.0963204,0.78316593
2078311,2.665902,0.79350203
2079309,2.0557206,0.85880005
2080310,2.4417338,0.8278419
2081310,2.4888265,0.81241304
2082310,2.453382,0.85764194
2083310,2.8934488,0.82041365
2084311,2.9991057,0.7690074
2085310,2.834347,0.81692415
2086310,2.9152346,0.76264536
2087310,3.207115,0.72807246
2088310,2.9294581,0.7773528
2089310,3.5078297,0.7872294
2090310,3.3842907,0.77449435
2091311,3.8861606,0.7435577
2092310,3.8199193,0.7565786
2093311,4.2922063,0.7336305
2094309,4.25718,0.7425811
2095310,3.924045,0.7814032
2096311,3.5212963,0.71969366
2097311,4.104962,0.66318935
2098310,4.5007687,0.72504747
2099311,4.1234326,0.73332673
2100309,4.2925096,0.66880107
2101313,3.6082237,0.8365091
2102310,3.7441823,0.7488253
2103309,3.4958923,0.77203095
2104311,4.0128565,0.71478057
2105311,3.3310916,0.7942822
2106310,3.4871476,0.74723285
2107312,3.8050444,0.7689103
2108309,3.6015754,0.75344133
2109312,3.732201,0.76987445
2110310,4.0688176,0.78142345
2111310,4.1082234,0.70381665
2112309,4.0592775,0.6885792
2113310,3.7599509,0.70000607
2114310,4.328454,0.6649259
2115310,3.9454181,0.78079396
2116310,3.4254742,0.7620645
2117309,3.774186,0.76123625
2118310,4.2313533,0.65319884
2119310,3.2024837,0.77038014
2120310,2.859289,0.835563
2121310,2.6596048,0.7961124
2122310,1.9674078,0.82544047
2123310,1.2719203,0.9071014
2124310,1.4968233,0.8909895
2125310,1.6930995,0.86655307
2126311,1.5935477,0.8870107
2127310,1.5997027,0.8407182
2128309,1.4482487,0.8881727
2129310,1.3790749,0.8846617
2130312,1.4828323,0.86523616
2131310,1.5769184,0.89342487
2132310,1.7389866,0.87904495
2133311,2.1191597,0.7896827
2134312,2.2431712,0.8299578
2135310,2.2778888,0.86719716
2136312,2.6929045,0.80190307
2137310,2.598497,0.7950936
2138310,2.5292416,0.85505575
2139310,2.6600666,0.82920194
2140310,2.4457529,0.8047184
2141311,2.1982467,0.8431417
2142310,2.2130678,0.82460314
2143311,2.6803067,0.774505
2144310,2.5869467,0.7956036
2145310,2.444589,0.8283754
2146309,3.315673,0.7413948
2147312,3.2105446,0.80873203
2148310,2.9842331,0.8097821
2149309,3.6509647,0.7574888
2150310,3.7135165,0.73559743
2151310,3.8865836,0.7289322
2152310,4.3562155,0.6709612
2153310,4.180452,0.6707998
2154311,3.8958902,0.78914404
2155310,3.5324078,0.7456861
2156310,3.8193305,0.74959946
2157311,3.9043665,0.7261344
2158311,4.7441025,0.71406883
2159309,4.5573883,0.65299135
2160310,4.204579,0.6921175
2161310,4.056659,0.72116524
2162309,3.6607869,0.74672323
2163309,3.3245034,0.7922303
2164311,3.6369746,0.7446704
2165310,2.8090117,0.83024347
2166310,2.5118039,0.79591537
2167312,3.3400476,0.74139047
2168310,2.718158,0.77703816
2169310,2.5609267,0.84412074
2170311,2.8268862,0.8017751
2171311,2.8642251,0.79102474
2172310,2.444337,0.8058324
2173310,2.683911,0.7732252
2174310,2.585449,0.8343301
2175312,2.3124998,0.7734541
2176309,2.1667287,0.82064754
2177311,2.736129,0.7725416
2178310,3.0871453,0.78324926
2179312,3.281681,0.7629758
2180309,3.6674838,0.7288342
2181311,3.796614,0.74602795
2182310,3.4614053,0.7728749
2183310,3.4646037,0.7532695
2184311,4.007749,0.7470439
2185310,4.188567,0.7935621
2186311,4.234189,0.685426
2187310,4.205198,0.69342065
2188310,4.7874527,0.6970716
2189310,5.0636377,0.6833801
2190310,4.971059,0.7111606
2191310,4.713685,0.6787534
2192310,4.3647537,0.68770325
2193310,4.188795,0.6422556
2194310,3.7800188,0.7599779
2195310,3.439597,0.71783096
2196310,3.8318849,0.78686774
2197309,3.7982447,0.781464
2198310,3.575923,0.7727611
2199310,3.6599321,0.6951728
2200310,3.9010994,0.75949746
2201310,4.123461,0.6823725
2202310,4.5037894,0.7100413
2203312,4.311234,0.65223336
2204309,4.1735992,0.7497645
2205310,3.895131,0.7383149
2206310,3.4833226,0.7719925
2207310,3.3500407,0.7788308
2208315,3.782714,0.75740206
2209311,4.3531685,0.7020087
2210310,4.675153,0.69136816
2211310,5.0124784,0.7245028
2212312,5.2528305,0.6646145
2213309,4.886956,0.6776504
2214310,4.555273,0.7101692
2215310,4.4646463,0.7937127
2216310,4.4844384,0.6763929
2217310,3.4662104,0.7775496
2218311,3.4303398,0.749952
2219310,3.4317625,0.8211393
2220311,2.7827027,0.78665113
2221310,2.1171176,0.88991153
2222309,1.8703707,0.8435487
2223310,1.1399205,0.9231942
2224310,0.87183166,0.92649245
2225310,0.61972785,0.93795794
2226310,0.9446708,0.9236723
2227310,1.4351553,0.8839111
2228309,1.4936441,0.87388015
2229311,1.4909813,0.8630416
2230309,1.3969071,0.8853471
2231310,1.1090587,0.89951956
2232310,0.8860089,0.9152636
2233310,0.91668034,0.93109405
2234311,1.0563118,0.92391735
2235310,1.4678234,0.8820491
2236310,1.5688537,0.8891863
2237310,2.0904596,0.851742
2238311,2.2408657,0.8292345
2239310,2.464413,0.8427533
2240310,2.6992955,0.80864
2241311,2.9640431,0.8207177
2242311,2.4989593,0.8301741
2243310,2.3969352,0.87532055
2244310,2.548369,0.8102075
2245310,2.569634,0.7976373
2246310,3.2883503,0.7679106
2247310,4.142834,0.66880465
2248320,4.463973,0.7028777
2249311,4.2958994,0.734824
2250310,4.9593716,0.7063319
2251310,4.4332414,0.6996293
2252312,4.16656,0.71865386
2253310,4.37035,0.70335555
2254310,4.8055077,0.6926182
2255310,4.2245917,0.7592989
2256310,4.526695,0.7427105
2257310,4.0429173,0.76727694
2258311,4.31684,0.69483536
2259310,4.4676456,0.7482496
2260313,5.2542644,0.6976963
2261311,4.5832167,0.69126296
2262310,4.9410686,0.71772146
2263310,4.5021057,0.6925689
2264309,4.6994085,0.74056304
2265310,4.9583282,0.7851757
2266310,5.008275,0.64183635
2267310,4.8833013,0.6880895
2268310,4.575526,0.65130204
2269309,5.0764484,0.63548976
2270309,4.8801923,0.694004
2271310,5.4619994,0.6415542
2272310,5.450635,0.6470115
2273312,5.3933187,0.6312771
2274310,4.839923,0.69615364
2275310,4.805656,0.72927976
2276310,4.9250546,0.6962996
2277310,4.941524,0.7422042
2278311,5.5296903,0.7148197
2279310,5.126489,0.7089747
2280310,5.426743,0.70707005
2281310,5.1605725,0.6495719
2282310,4.8271914,0.7165048
2283311,4.8772454,0.72290885
2284310,5.6816354,0.6903867
2285310,5.1476016,0.6042964
2286310,5.383888,0.6498092
2287310,5.5715213,0.6648272
2288310,5.671618,0.6299611
2289311,5.2451677,0.77547014
2290309,5.3415523,0.6678774
2291310,5.6588774,0.69045544
2292310,5.288853,0.6966994
2293311,4.746776,0.73433506
2294313,5.134279,0.6530208
2295310,4.803051,0.72051704
2296310,4.82146,0.64969116
2297310,4.102858,0.6891726
2298310,4.7139196,0.6779511
2299311,4.3090816,0.7328757
2300309,4.535051,0.7147796
2301310,4.645451,0.7309391
2302310,4.682136,0.7544005
2303310,4.8726773,0.6901472
2304309,4.456816,0.7226243
2305310,4.3004537,0.752329
2306310,4.251957,0.6515639
2307309,4.2375274,0.71620214
2308310,4.3950276,0.72687435
2309311,3.8015397,0.7710031
2310310,3.1055038,0.79943323
2311311,2.8815749,0.7744934
2312310,2.462496,0.79194665
2313310,2.1295638,0.85580575
2314310,1.7749527,0.8748597
2315309,1.9671625,0.8569443
2316310,1.3367249,0.9002259
2317310,0.7554438,0.93234676
2318312,0.95366156,0.9248832
2319309,1.1787916,0.90806997
2320310,1.0990077,0.8809303
2321310,1.181617,0.8902962
2322311,1.0368704,0.9135994
2323310,1.0761733,0.93290406
2324309,1.0638196,0.92874956
2325310,2.241944,0.7884184
2326311,2.6706944,0.7696738
2327310,3.4131432,0.6977304
2328310,3.5911973,0.7930618
2329310,4.3598037,0.6926758
2330310,3.3911984,0.74122363
2331309,3.60742,0.75156677
2332310,3.1270566,0.7785582
2333310,4.029404,0.7816383
2334309,4.002991,0.84648895
2335309,4.091401,0.6676526
2336310,4.698802,0.7445589
2337311,4.527257,0.69473577
2338309,4.135217,0.7605741
2339310,3.7411718,0.7757221
2340310,4.448385,0.74153435
2341310,3.7712142,0.7766292
2342309,4.256369,0.7324552
2343310,3.8512118,0.74497396
2344310,4.197167,0.74281603
2345310,4.9404526,0.6652822
2346310,5.1321673,0.60908604
2347310,4.8519506,0.6361738
2348310,5.4576154,0.7294631
2349310,4.8772035,0.73406464
2350309,4.2009706,0.7162117
2351310,4.8902225,0.7304506
2352309,5.6691766,0.60820967
2353310,4.806257,0.72746545
2354310,5.197865,0.668294
2355311,4.6450224,0.7359033
2356311,4.7154183,0.678581
2357310,4.5966635,0.65654457
2358310,4.5947046,0.75775504
2359309,4.249452,0.74072355
2360309,5.2642837,0.7395926
2361310,4.6046495,0.7379266
2362310,4.6973467,0.6902165
2363311,4.660014,0.6073093
2364311,5.5066895,0.64303106
2365311,5.8310046,0.70135874
2366310,5.4597316,0.6396569
2367310,5.24123,0.5981616
2368310,5.547171,0.66089034
2369310,4.80031,0.7638232
2370310,4.812243,0.70112437
2371310,5.9280252,0.63323194
2372311,6.3241425,0.6737964
2373310,5.838406,0.76416546
2374310,5.377939,0.706308
2375310,5.456845,0.66485244
2376309,4.813593,0.71357393
2377312,5.067252,0.7134449
2378310,5.7821484,0.65652317
2379309,6.0671616,0.6328466
2380311,5.6443744,0.677267
2381309,5.2764935,0.6806073
2382309,5.768395,0.6508175
2383310,5.6999555,0.64843893
2384311,4.969971,0.7045145
2385310,5.281883,0.6674208
2386310,5.944422,0.583009
2387310,5.1258054,0.632185
2388311,5.2969236,0.73876935
2389309,4.957698,0.76912963
2390310,4.4346623,0.68548816
2391310,3.37639,0.76751393
2392310,3.2110877,0.83723617
2393310,3.751664,0.7261675
2394309,3.877419,0.7491229
2395310,4.1752706,0.73259777
2396310,5.0956597,0.6657553
2397310,4.672828,0.7246755
2398310,4.103119,0.7647966
2399309,4.133452,0.69827783
2400310,3.8007913,0.6915982
2401310,3.556563,0.7618955
2402310,4.47834,0.66379327
2403310,4.628081,0.6994842
2404310,3.959714,0.6614247
2405310,4.168654,0.76340425
2406312,4.2265954,0.76526594
2407310,3.9320526,0.6964294
2408309,4.398819,0.67941004
2409310,5.189934,0.66216475
2410310,5.354525,0.65662444
2411310,5.181809,0.6541141
2412311,6.040894,0.7036517
2413312,5.16161,0.70495373
2414310,5.130294,0.72808814
2415310,5.187292,0.6604349
2416311,5.092131,0.6425098
2417310,5.1563168,0.6280468
2418310,5.949706,0.7344837
2419310,5.0205545,0.7250704
2420311,5.5431194,0.6744039
2421310,5.999589,0.59820056
2422310,5.383056,0.634741
2423310,5.3771753,0.65621823
2424311,5.435452,0.6330627
2425311,5.6789317,0.6547768
2426311,5.921954,0.671662
2427311,6.281993,0.66978055
2428310,5.2967153,0.70101947
2429310,5.038482,0.6927435
2430311,5.3392234,0.71044344
2431310,4.487076,0.73732144
2432310,4.5866966,0.7269012
2433311,5.4083753,0.6467945
2434310,4.0239773,0.67179364
2435310,3.2770736,0.75458866
2436312,3.6903496,0.7551906
2437310,3.225905,0.7398509
2438310,2.9967494,0.78136194
2439309,3.017614,0.7928768
2440310,2.7160504,0.7982243
2441310,2.5930598,0.78618896
2442310,2.4517508,0.8268829
2443310,2.5587018,0.7805114
2444310,2.846605,0.7794577
2445309,3.1796575,0.7763189
2446309,3.198847,0.79985857
2447311,3.4649572,0.75120664
2448311,3.6445744,0.72890276
2449310,4.1738005,0.7195297
2450309,4.0752087,0.8305555
2451310,3.903428,0.7212254
2452309,3.7358234,0.7104074
2453310,4.117313,0.7178796
2454309,4.583823,0.73035043
2455309,5.0200725,0.66868407
2456310,5.7739096,0.65579295
2457310,5.656065,0.60718465
2458310,5.607405,0.6129424
2459311,5.145678,0.7094005
2460311,5.439321,0.6694275
2461311,5.9272676,0.59749407
2462310,6.0552993,0.6710827
2463310,5.7519574,0.6174424
2464310,5.709128,0.6447027
2465310,5.299012,0.69834095
2466312,4.5767884,0.71217984
2467310,4.7483225,0.6304954
2468310,4.34831,0.73053616
2469310,4.668663,0.71217996
2470310,4.6674824,0.68667704
2471310,4.589132,0.6677737
2472310,5.0088334,0.7057221
2473310,4.5911236,0.71867543
2474310,5.0405474,0.7733515
2475309,5.248067,0.63922197
2476310,5.977922,0.5816454
2477310,5.355405,0.696545
2478310,5.3499923,0.6933495
2479309,5.977788,0.6428203
2480312,5.7563252,0.59052676
2481310,4.6074057,0.67987186
2482310,5.3693037,0.7111751
2483310,4.799347,0.757027
2484310,5.105445,0.709726
2485311,5.5988603,0.57977456
2486310,5.6105103,0.702184
2487309,5.1987123,0.76106834
2488310,5.9021025,0.6432902
2489309,6.430847,0.5898541
2490310,5.9120216,0.6600671
2491311,5.53696,0.67135847
2492310,6.025857,0.5941393
2493309,6.1353664,0.59686846
2494310,5.8250175,0.6652078
2495309,5.511532,0.67466134
2496310,6.06727,0.68325055
2497311,4.565872,0.70664847
2498309,4.8968306,0.65414584
2499310,4.776084,0.66253096
2500310,5.5019217,0.6754293
2501310,5.6181045,0.64711183
2502310,5.480251,0.68142784
2503310,4.976494,0.69222105
2504310,4.5831785,0.65270925
2505310,3.691644,0.6921448
2506309,2.5938065,0.7763575
2507309,2.509473,0.80500835
2508310,2.8091729,0.8097264
2509310,2.5925908,0.84402406
2510310,2.3421798,0.8353144
2511310,2.5348456,0.84502757
2512310,2.239219,0.84760946
2513310,2.6073718,0.78285784
2514310,3.4982383,0.7829465
2515310,3.8629413,0.73884207
2516310,4.3321533,0.6941202
2517310,4.134133,0.67946583
2518310,4.6963377,0.72662604
2519310,4.121469,0.7410741
2520310,4.1522756,0.69544333
2521311,3.857209,0.7867296
2522311,3.9997385,0.759688
2523310,3.7852929,0.6954581
2524310,4.6078854,0.6647473
2525310,4.8249702,0.7375371
2526310,5.3202977,0.701812
2527310,3.9966297,0.7148686
2528310,4.463201,0.65530914
2529311,4.165226,0.702508
2530311,4.136999,0.70952886
2531310,4.814884,0.68777394
2532310,4.574018,0.7321872
2533310,5.4675937,0.67413783
2534310,5.4287977,0.69963473
2535312,4.8322344,0.69534963
2536309,5.2249055,0.71325904
2537310,5.188661,0.69109195
2538310,5.723535,0.65637505
2539310,5.4229884,0.7179433
2540310,5.532487,0.6171635
2541310,5.032457,0.6670062
2542310,4.8087406,0.63702184
2543310,5.2341013,0.6653129
2544310,5.3222504,0.695673
2545310,6.1098495,0.61983263
2546311,6.5267777,0.5374925
2547311,7.2163467,0.57596415
2548310,6.3775496,0.6744103
2549310,6.1828976,0.5888974
2550309,6.5383487,0.67609334
2551311,6.7054443,0.59503204
2552311,6.1417785,0.6481953
2553309,6.885199,0.59171647
2554310,6.7553763,0.6219724
2555310,6.1055393,0.6552254
2556310,6.1177735,0.6306161
2557310,6.210445,0.6223532
2558310,5.505585,0.72649777
2559310,5.585462,0.60696816
2560309,6.3059163,0.59620684
2561310,5.207934,0.65252936
2562310,4.878716,0.714054
2563309,5.8179827,0.63161206
2564310,4.7442255,0.6679804
2565309,4.6900687,0.71685606
2566310,5.164136,0.6446741
2567309,4.3925114,0.7377995
2568310,4.1197433,0.71039844
2569310,4.85849,0.74562603
2570310,4.9612,0.65427464
2571310,4.988817,0.7259132
2572309,5.205468,0.6642022
2573310,5.0453124,0.7550904
2574310,4.6175513,0.703604
2575310,4.1926856,0.6976775
2576312,4.44263,0.7254569
2577310,3.9322047,0.7613473
2578309,3.3268273,0.76641613
2579310,2.7477696,0.81428194
2580310,3.2192895,0.784816
2581310,2.3354754,0.82745856
2582310,2.9167378,0.8114849
2583309,2.849117,0.8241536
2584310,3.1296802,0.8118936
2585311,3.252089,0.8157313
2586310,3.3492167,0.79526335
2587311,3.3059096,0.7671471
2588310,4.0688868,0.76155263
2589312,4.1016335,0.69283605
2590310,3.5571585,0.84273106
2591310,4.305664,0.64303195
2592311,4.2063236,0.7278018
2593310,3.9377031,0.78205556
2594310,4.862237,0.7105353
2595312,5.0889688,0.66422117
2596310,5.4230714,0.65256643
2597310,5.4825788,0.71993685
2598309,5.138428,0.641879
2599310,5.3937173,0.6686
2600309,5.0100856,0.70943624
2601310,4.7772346,0.72458684
2602310,6.214163,0.6537477
2603310,6.0075803,0.6768028
2604309,5.95805,0.6435769
2605310,5.8235736,0.6409545
2606311,5.2872386,0.6565962
2607311,4.832254,0.6889699
2608310,5.1577134,0.6376051
2609310,4.340035,0.67215693
2610310,5.5529423,0.68060756
2611310,5.6290936,0.7119173
2612310,5.4904084,0.66976213
2613310,5.4399967,0.65678287
2614310,5.181557,0.66120803
2615310,4.97053,0.6849043
2616310,5.1849446,0.7072333
2617310,4.7447433,0.7205834
2618310,4.7079554,0.6296433
2619310,5.1584735,0.67269343
2620310,5.424083,0.6962513
2621310,4.88326,0.7296299
2622312,4.9133344,0.7046001
2623310,4.8787932,0.7275766
2624310,4.333016,0.65864974
2625310,4.833512,0.6397949
2626311,4.5999727,0.6939836
2627310,5.515568,0.6824876
2628310,5.793203,0.67094946
2629310,5.0264335,0.7602466
2630309,5.332111,0.63092595
2631309,5.4779325,0.7085611
2632310,4.8241863,0.6731559
2633309,3.97023,0.71910626
2634310,3.728013,0.76725763
2635310,4.3073044,0.64978105
2636310,4.0200744,0.7634155
2637310,4.584582,0.72180635
2638311,4.391077,0.67945105
2639310,4.684675,0.72790813
2640309,4.6383934,0.71536946
2641309,4.3726177,0.75423014
2642310,4.4580154,0.67401886
2643310,4.8020744,0.66422904
2644310,5.306228,0.67080486
2645311,5.2111764,0.7117826
2646310,5.9510913,0.6926253
2647312,5.639679,0.6518995
2648310,5.3796268,0.63695395
2649310,5.0387163,0.6671956
2650310,5.143511,0.65509325
2651311,5.0160685,0.6751921
2652310,4.9271636,0.71463674
2653310,4.4748745,0.722049
2654310,4.5547,0.6595664
2655311,4.360707,0.67735004
2656311,4.317158,0.74004215
2657310,4.1376905,0.75909716
2658310,4.0621543,0.76491284
2659310,4.0047326,0.7697498
2660311,4.0872107,0.748765
2661311,4.163041,0.7634559
2662309,3.877544,0.7289977
2663310,4.5530043,0.70002514
2664310,4.597004,0.6676029
2665310,3.9371006,0.7204715
2666310,4.0075445,0.681553
2667310,4.0115685,0.7292783
2668310,3.1352804,0.74548393
2669310,2.990594,0.79390585
2670310,3.5819385,0.720761
2671310,2.9409606,0.75154227
2672309,3.041433,0.7822483
2673310,3.226425,0.79622126
2674311,3.2240171,0.7806902
2675310,3.0838132,0.8236533
2676310,3.627474,0.6948249
2677309,4.245317,0.72147393
2678310,4.0077906,0.7474592
2679309,3.9061148,0.7306333
2680311,3.6045604,0.7791459
2681310,3.573713,0.7646355
2682310,3.572175,0.79555035
2683310,3.5726376,0.7958198
2684309,3.8843274,0.72304535
2685311,4.136768,0.7421568
2686310,4.2241144,0.74745536
2687311,4.4423976,0.73688245
2688310,4.7462473,0.71742415
2689310,4.600172,0.6825334
2690310,4.886124,0.6618811
2691310,4.1884685,0.6710057
2692310,4.503388,0.7151825
2693310,4.418791,0.6910556
2694310,4.6977882,0.73923486
2695310,5.131536,0.6789794
2696310,5.5550833,0.6686336
2697311,5.0054545,0.70246166
2698309,5.511704,0.67643297
2699309,5.46142,0.69049996
2700310,5.1570625,0.715643
2701310,5.0039644,0.655169
2702310,4.9639354,0.63553894
2703310,5.4472585,0.6482539
2704310,5.2701178,0.64285403
2705311,5.061995,0.6623739
2706310,5.91571,0.67739207
2707311,5.5818353,0.67668027
2708310,5.6047897,0.62630814
2709311,5.358452,0.7131175
2710310,5.3118896,0.6758941
2711310,4.7808447,0.7101135
2712310,5.6458836,0.6559532
2713310,5.943683,0.7179575
2714310,5.9570518,0.65691495
2715310,6.796429,0.5951822
2716310,6.8550725,0.6289029
2717311,6.780373,0.6773947
2718311,6.2250404,0.60185766
2719311,6.195931,0.6008001
2720309,5.9486284,0.64359677
2721310,5.485137,0.61156046
2722310,5.04343,0.6976595
2723310,6.18358,0.6307596
2724310,5.789024,0.6457535
2725310,6.3877254,0.6388396
2726310,6.5848355,0.67313725
2727310,6.6579566,0.57418305
2728310,6.1656837,0.6055655
2729310,6.0419793,0.5945875
2730310,5.5478544,0.6720764
2731311,5.604424,0.67499477
2732310,5.3174677,0.7150683
2733310,5.2448454,0.65296453
2734310,5.8310957,0.7004624
2735310,5.3796115,0.69234365
2736310,5.491893,0.7564516
2737310,5.5525246,0.67376924
2738310,5.5723076,0.65664786
2739311,5.408859,0.6732641
2740314,5.948447,0.6926777
2741311,6.592188,0.65414053
2742310,7.2403665,0.6468654
2743311,6.956681,0.62101024
2744310,6.732237,0.65948445
2745310,6.741626,0.6051669
2746310,6.1570263,0.7406999
2747309,5.788511,0.6615435
2748310,6.2331104,0.6501509
2749310,6.4507413,0.56452495
2750310,5.732512,0.62179303
2751310,5.7454796,0.5908305
2752310,6.4808292,0.6250489
2753310,5.455165,0.6085083
2754311,5.22579,0.6604606
2755310,5.4940057,0.6893098
2756310,5.827782,0.67275816
2757310,5.9030623,0.6977359
2758310,6.391263,0.62990844
2759310,6.157283,0.591421
2760311,5.9805617,0.6265102
2761309,6.0297513,0.7140536
2762311,5.677947,0.5835908
2763309,6.1377482,0.651717
2764310,6.597325,0.5875724
2765310,6.7043114,0.58636415
2766310,6.3518987,0.7135598
2767311,6.7468233,0.58396864
2768310,6.376274,0.559505
2769310,6.0604606,0.6593654
2770311,5.800528,0.6980073
2771310,5.8167734,0.6212151
2772310,6.0445538,0.65223145
2773310,6.1483903,0.63815886
2774310,5.7344546,0.7259567
2775310,5.968239,0.6760365
2776310,6.250075,0.59536576
2777310,5.9622884,0.5896765
2778310,6.110289,0.63187414
2779309,6.1053596,0.6396084
2780310,6.4042635,0.7150071
2781310,6.015381,0.66316265
2782310,6.2000575,0.5614974
2783310,6.312773,0.7508461
2784310,6.1246862,0.6557224
2785310,6.502661,0.61890876
2786310,6.5602365,0.6640513
2787310,6.435794,0.64580643
2788310,6.545585,0.6151298
2789310,7.0423427,0.5771814
2790310,5.700795,0.62614596
2791310,6.203442,0.624671
2792309,6.0907164,0.5760307
2793310,6.8283362,0.62840426
2794311,6.596728,0.543766
2795310,7.6386604,0.6322198
2796310,7.087092,0.6720158
2797310,7.0404506,0.59037113
2798315,6.341485,0.5972705
2799310,6.1002226,0.5948977
2800310,6.143071,0.65431195
2801310,5.590224,0.7134599
2802310,6.0535517,0.61170334
2803310,4.612534,0.66406137
2804310,3.5498483,0.7578011
2805310,2.775385,0.84773993
2806310,2.748265,0.7968133
2807310,2.3018851,0.831823
2808310,2.3599617,0.8282192
2809310,2.7271187,0.81282914
2810310,2.9093528,0.81435794
2811310,2.986451,0.8006663
2812310,2.9768674,0.7775839
2813310,2.9778006,0.7651758
2814311,3.3730528,0.77687126
2815311,3.1719959,0.7744717
2816310,3.230691,0.7679012
2817310,3.2847161,0.761604
2818310,3.0968525,0.80420464
2819311,3.1286318,0.8268451
2820310,3.4209697,0.77792066
2821310,3.832986,0.6783939
2822312,4.376688,0.7036109
2823309,4.3483944,0.69187695
2824310,4.7126675,0.6909382
2825311,4.610585,0.7138785
2826310,4.4956036,0.7001143
2827311,4.8810167,0.6692221
2828310,5.1976113,0.7102013
2829310,5.023729,0.66447324
2830310,5.2536893,0.73738146
2831310,4.7682056,0.6644446
2832309,5.2886786,0.6459551
2833312,5.1702375,0.75636923
2834310,5.216413,0.76440024
2835310,5.416114,0.7316438
2836310,5.3809943,0.63174045
2837309,4.847316,0.66218054
2838310,5.6898403,0.7112438
2839311,4.999454,0.67829365
2840309,4.827027,0.6435586
2841310,4.9434423,0.6749802
2842309,4.4778066,0.64159614
2843310,4.5420322,0.6749475
2844309,5.090114,0.66550344
2845310,4.950319,0.678772
2846310,4.4241247,0.6876804
2847310,4.18123,0.67532647
2848311,4.447088,0.67722744
2849310,4.7223334,0.6471977
2850310,5.373189,0.6164814
2851312,5.782506,0.6541953
2852310,5.4194093,0.6083434
2853310,4.95316,0.6929295
2854310,4.949606,0.68521786
2855311,4.7283883,0.68179554
2856310,4.6087494,0.708542
2857310,5.310246,0.69877875
2858310,4.630425,0.711343
2859310,4.6029763,0.7593413
2860311,5.1297264,0.6914332
2861310,5.4375806,0.6945308
2862310,5.4431243,0.6371327
2863310,5.2186203,0.7362794
2864309,5.590672,0.6699796
2865310,5.4857583,0.7112102
2866310,5.6968875,0.69934916
2867310,6.191718,0.7290778
2868310,5.4161806,0.62822187
2869310,5.8055425,0.6617638
2870309,5.136006,0.69697094
2871310,4.595034,0.774316
2872310,5.180741,0.6954124
2873310,5.241974,0.76544833
2874310,5.713537,0.69065094
2875310,5.3035073,0.7167797
2876310,5.4133573,0.67086625
2877310,5.1799297,0.65198904
2878309,4.762777,0.63085365
2879310,4.9149885,0.72140694
2880310,4.605857,0.71758026
2881312,5.065602,0.71807075
2882310,4.974,0.68480366
2883311,4.855402,0.65439945
2884310,5.1113634,0.66711
2885310,5.4013443,0.66521686
2886310,5.167333,0.66856295
2887310,6.3995147,0.57918453
2888312,6.0621686,0.6735408
2889310,5.2511835,0.7187675
2890309,4.789213,0.71739274
2891311,5.02672,0.69071203
2892310,4.6233635,0.72547245
2893310,5.039258,0.6877055
2894311,6.2598104,0.60356635
2895310,6.10651,0.70776576
2896310,6.002886,0.6255195
2897309,6.501993,0.66142863
2898310,5.520263,0.6896865
2899309,5.8063464,0.6694676
2900309,5.8207545,0.6691371
2901310,5.6348367,0.66845053
2902310,5.937267,0.62972283
2903309,6.1404977,0.6776275
2904310,6.1314692,0.562229
2905311,6.3242435,0.681843
2906310,5.9936047,0.6653531
2907309,6.467404,0.6343297
2908310,6.2102294,0.65523803
2909310,6.650574,0.6372729
2910310,7.320715,0.61993927
2911310,7.130673,0.61012024
2912309,6.805508,0.6230344
2913310,6.8956375,0.6030225
2914310,6.4222326,0.6567755
2915310,6.037567,0.59845674
2916310,5.8332996,0.64519596
2917310,5.582124,0.7123534
2918311,6.378619,0.59483534
2919310,6.476691,0.5737074
2920311,6.490625,0.6636692
2921311,5.858536,0.63820606
2922312,6.2375164,0.64641035
2923311,6.2442603,0.658842
2924310,6.083215,0.6457825
2925310,6.33215,0.55729216
2926310,5.7347198,0.6786483
2927309,5.840653,0.67396104
2928310,5.962204,0.63364965
2929312,6.811583,0.6354942
2930312,6.4802413,0.61550665
2931310,6.873367,0.6166408
2932311,6.2177362,0.60584205
2933309,6.5564656,0.56187415
2934310,6.373175,0.60120493
2935310,6.1984687,0.6878381
2936310,6.0946383,0.66508764
2937309,6.6028185,0.5928996
2938310,6.549058,0.5963463
2939311,6.8936515,0.68434364
2940310,7.1310825,0.5889411
2941309,7.3869147,0.55889654
2942311,7.265471,0.59406227
2943310,6.6681447,0.6414897
2944309,7.269621,0.5695652
2945310,6.7990417,0.66640806
2946310,6.7878366,0.6697224
2947310,6.946796,0.6342702
2948310,7.1042266,0.62022096
2949311,6.4329925,0.6691807
2950310,6.7990537,0.62425905
2951309,7.1998825,0.5661998
2952310,7.6623974,0.5608184
2953311,7.6387157,0.53530854
2954310,7.6944227,0.5191368
2955309,7.568489,0.6939932
2956310,7.5413227,0.59017324
2957310,7.3197923,0.5434834
2958310,6.276595,0.69053215
2959310,7.067631,0.68141174
2960309,6.6096416,0.65043163
2961309,6.489093,0.61351305
2962311,6.2055387,0.6749666
2963309,6.0531373,0.612915
2964310,5.5900927,0.66162854
2965310,5.1836367,0.69028133
2966310,5.4960527,0.6318016
2967310,5.285446,0.7299302
2968309,6.1726313,0.70073384
2969309,6.3729405,0.69067055
2970310,6.4692426,0.7308259
2971309,6.31004,0.6788442
2972310,5.342631,0.67439276
2973310,5.3469234,0.68560505
2974310,5.1323395,0.7001875
2975311,5.7985325,0.72184354
2976310,5.954986,0.640694
2977309,6.1587253,0.6704456
2978310,5.959854,0.733538
2979309,6.2270374,0.607748
2980310,5.3841586,0.6060465
2981310,6.093237,0.686731
2982310,5.7829394,0.66219574
2983309,5.904319,0.60509384
2984310,5.59448,0.71158874
2985310,5.823957,0.67670274
2986310,5.580624,0.6766806
2987310,6.2709193,0.6631964
2988310,6.554078,0.6450557
2989310,6.5093503,0.6213489
2990311,5.997089,0.6551631
2991310,6.029198,0.64877105
2992310,6.013233,0.6714864
2993310,6.176988,0.6531859
2994311,5.9048486,0.6862585
2995310,6.195087,0.57337034
2996310,6.353633,0.57216567
2997311,5.4174604,0.66474575
2998311,5.3168797,0.7147622
2999311,5.9326205,0.62919134
3000310,6.5023437,0.6204945
3001310,6.7638493,0.64354634
3002310,6.782263,0.6425295
3003310,6.369693,0.6496011
3004310,6.4889555,0.6451363
3005310,5.5898457,0.69898474
3006310,6.3079762,0.6624636
3007311,6.105554,0.56584316
3008310,5.500398,0.6674664
3009310,5.7152095,0.64002615
3010310,5.78716,0.6913797
3011310,5.7198052,0.66268617
3012309,5.653192,0.66466165
3013311,6.1143227,0.72040135
3014310,4.9693127,0.70691943
3015311,5.1224275,0.66402036
3016310,5.5079093,0.65848535
3017310,5.348554,0.71480083
3018310,5.8755155,0.6836676
3019310,6.3265157,0.6467753
3020311,6.4770365,0.68619287
3021310,6.5954447,0.68207496
3022310,6.1382294,0.640919
3023311,6.287344,0.6107823
3024311,6.4677334,0.64600104
3025310,6.9967723,0.5814003
3026310,6.405427,0.67757344
3027311,7.3032327,0.5479006
3028311,7.615789,0.55623823
3029309,7.0965433,0.6336248
3030310,7.568804,0.60521245
3031310,7.592251,0.6144635
3032310,7.313027,0.59989566
3033310,7.43324,0.6331469
3034310,7.102369,0.58301073
3035311,6.8822284,0.60854995
3036310,7.310066,0.56288654
3037311,7.0216527,0.6441969
3038310,6.9465003,0.6204604
3039310,7.074158,0.53911924
3040312,7.6415834,0.6075396
3041310,7.235069,0.6632739
3042310,6.823292,0.5815128
3043310,7.6508036,0.533886
3044310,7.4064846,0.6099498
3045309,7.1579103,0.62558836
3046310,6.717324,0.60385424
3047309,6.2567515,0.64253503
3048310,5.49845,0.63878095
3049310,5.919411,0.6220762
3050310,6.1581254,0.63778126
3051311,6.2851405,0.6651078
3052310,6.3430767,0.61878705
3053311,6.2983937,0.6397004
3054310,6.1825423,0.6883983
3055309,6.0342393,0.6167298
3056310,5.8109207,0.6710333
3057313,5.480331,0.66487557
3058310,6.1960807,0.6579726
3059310,5.7564673,0.67094415
3060310,5.8682885,0.6564183
3061310,6.3148727,0.6367606
3062310,6.9723406,0.5993344
3063310,6.341266,0.60153383
3064310,6.5174108,0.61403704
3065310,6.4687223,0.6555472
3066310,6.528468,0.56492174
3067310,6.5245776,0.6315181
3068310,6.756615,0.6157172
3069310,6.483708,0.62201566
3070310,6.259866,0.59795064
3071310,6.382605,0.63832694
3072311,6.715833,0.5886421
3073310,6.9048567,0.6363366
3074310,6.805263,0.63006514
3075310,6.775138,0.60223705
3076310,6.6044955,0.6430582
3077311,6.2824006,0.5951881
3078310,6.39269,0.66533184
3079311,5.50951,0.7281769
3080309,6.4301925,0.6644923
3081312,6.4788704,0.6138989
3082310,6.597327,0.612108
3083310,6.8355947,0.6304129
3084309,6.5320187,0.579363
3085310,6.494091,0.67542833
3086310,6.245039,0.62585515
3087311,6.83571,0.63728285
3088310,6.939387,0.6693937
3089310,6.875725,0.6724411
3090310,6.9701176,0.64626026
3091310,6.8009734,0.6317381
3092310,6.112265,0.6328398
3093310,6.6951423,0.6793359
3094310,7.2000237,0.5339845
3095310,6.269176,0.6305145
3096310,6.7336845,0.6002538
3097310,6.182955,0.6780604
3098312,5.6947355,0.6778713
3099310,5.8266907,0.60627484
3100310,6.025821,0.6445183
3101310,5.8757753,0.6216845
3102310,5.750435,0.59817314
3103310,5.29425,0.6823705
3104310,5.660213,0.6347984
3105310,6.115431,0.60751814
3106310,6.181417,0.6720276
3107310,6.5759044,0.68501896
3108310,6.243169,0.61232877
3109310,5.683808,0.633881
3110309,5.926679,0.65897864
3111310,4.5226927,0.6889547
3112310,4.9942007,0.69556195
3113311,5.206142,0.60023
3114310,5.250616,0.6781084
3115309,5.2592106,0.6766328
3116310,5.323865,0.76454157
3117311,5.076366,0.70352817
3118309,4.2767425,0.6744523
3119311,3.245904,0.7499521
3120310,3.5342827,0.78559804
3121310,3.273782,0.72976756
3122310,3.4704921,0.7297693
3123310,3.8769329,0.78760386
3124309,3.952019,0.6709935
3125310,3.6068249,0.72677773
3126310,3.488775,0.78305
3127310,2.4811642,0.8469743
3128310,1.402615,0.8903117
3129310,1.5334029,0.87284493
3130310,1.1441114,0.9092657
3131311,0.9561722,0.9484306
3132310,1.2670665,0.8851381
3133310,1.6194992,0.8811056
3134310,1.59805,0.83964425
3135310,2.6204724,0.8175368
3136310,3.198101,0.7441755
3137309,2.8564441,0.81518555
3138312,3.4848084,0.8033131
3139311,3.4850347,0.79279363
3140311,3.430439,0.7562907
3141310,3.7312615,0.6796624
3142311,4.1275496,0.7493032
3143310,3.4331844,0.72880495
3144311,3.7590258,0.7431361
3145309,4.0252175,0.7198046
3146310,4.0626035,0.697713
3147310,3.2304003,0.7534484
3148310,3.7441525,0.7873553
3149309,4.024491,0.78788024
3150311,4.2211075,0.7600478
3151310,4.352484,0.7196293
3152310,5.181841,0.6491791
3153311,5.1444135,0.6754427
3154310,5.0665097,0.6669607
3155309,4.5416613,0.6487372
3156310,4.419516,0.7598177
3157310,4.5685706,0.7559646
3158310,4.8765407,0.66222656
3159310,4.9873075,0.68352884
3160312,5.0951366,0.6644123
3161309,4.727711,0.71328765
3162310,4.639139,0.703229
3163310,4.7936916,0.72335154
3164310,3.9384205,0.69558495
3165310,4.923105,0.671467
3166309,4.1519933,0.7225305
3167310,3.9878843,0.76304835
3168309,4.443916,0.69748735
3169311,4.5253477,0.66961485
3170313,5.1109776,0.73508
3171309,5.283131,0.7327403
3172310,5.272195,0.6952241
3173311,4.9870305,0.68906313
3174310,4.726829,0.7607861
3175309,4.254161,0.7038445
3176310,4.1877036,0.66694444
3177311,4.771237,0.7109744
3178310,4.70286,0.6776644
3179310,5.133486,0.7217988
3180310,4.249137,0.7203805
3181310,4.013657,0.720903
3182310,2.8388667,0.81060374
3183310,2.1342108,0.8659987
3184310,1.6659731,0.8599976
3185310,1.4929622,0.85229504
3186310,0.7992179,0.9181813
3187310,0.71100825,0.9468502
3188309,0.65203464,0.9431384
3189310,0.76311845,0.947462
3190310,0.8187485,0.9491915
3191310,0.86862314,0.9341317
3192311,1.0705761,0.9087948
3193310,1.4201431,0.90456074
3194310,1.4835976,0.88248473
3195310,1.5922841,0.8961961
3196310,2.1979754,0.8109912
3197311,2.1629562,0.8778242
3198309,2.3323705,0.81713855
3199310,2.431523,0.7956902
3200310,2.3316817,0.85746145
3201310,2.093319,0.8489116
3202310,2.6094475,0.8405844
3203310,2.0894108,0.84914374
3204310,2.4488268,0.8276146
3205310,2.676875,0.8084876
3206312,2.6416442,0.78210384
3207309,2.6927855,0.80052584
3208310,2.82902,0.7777281
3209310,3.2338395,0.79939973
3210311,3.489672,0.7562374
3211311,3.8621652,0.70350456
3212310,4.0326076,0.76237893
3213311,4.111856,0.69321245
3214309,3.9945428,0.74984795
3215310,3.4915972,0.7828938
3216309,4.180062,0.717102
3217310,4.278319,0.727648
3218309,3.8564322,0.6907333
3219309,3.958961,0.7029616
3220310,4.065358,0.72294974
3221310,4.0814314,0.6791163
3222311,4.012606,0.7263985
3223310,3.895001,0.70703644
3224310,3.9019148,0.76409405
3225310,3.435488,0.7879193
3226312,3.6018693,0.78599125
3227309,3.8432493,0.7458355
3228310,3.575356,0.7655476
3229310,3.5558162,0.81447065
3230310,3.4029198,0.77535623
3231310,3.2670257,0.76809525
3232310,3.0976067,0.74508446
3233310,3.6104798,0.770139
3234310,4.080672,0.78190964
3235310,3.5054173,0.7984956
3236310,4.115976,0.727213
3237311,4.3188624,0.76497585
3238310,3.8029945,0.764526
3239310,3.4226856,0.74006665
3240309,3.8595076,0.7773412
3241310,4.118378,0.6854686
3242318,3.953833,0.7445486
3243310,3.7377832,0.76636106
3244310,3.2526028,0.7900327
3245310,2.5996306,0.8446869
3246311,2.1846347,0.85820854
3247310,2.3521347,0.83639354
3248310,2.116382,0.8157676
3249309,2.762792,0.830662
3250310,2.570182,0.8357381
3251310,2.834109,0.7962541
3252310,3.0120707,0.8498722
3253310,3.0239167,0.79947805
3254310,3.6698873,0.7521708
3255310,4.088676,0.7282601
3256310,4.6473284,0.74326384
3257310,5.1133757,0.7760647
3258310,4.6835775,0.70442545
3259310,5.0510936,0.6683152
3260310,4.9492807,0.6990775
3261310,4.6078987,0.7928197
3262310,4.298058,0.73943025
3263310,4.4486046,0.74661833
3264310,4.574961,0.7264645
3265311,4.9108324,0.6486554
3266310,5.159517,0.631201
3267309,4.843585,0.7024542
3268310,5.1464243,0.6754669
3269309,4.2603145,0.7580729
3270311,4.04571,0.7238259
3271310,4.366892,0.7290873
3272312,4.3935323,0.669453
3273310,4.9261527,0.6751875
3274311,5.061665,0.75168085
3275310,4.9312696,0.69923997
3276309,4.915448,0.70341045
3277310,4.496239,0.70497555
3278310,4.5843744,0.7299641
3279309,4.49646,0.74722433
3280311,3.8629584,0.76922107
3281310,3.7024515,0.71908695
3282310,3.6058934,0.7134781
3283310,3.694643,0.7565642
3284310,3.9506404,0.75826573
3285310,4.232778,0.6598121
3286310,3.326721,0.7884603
3287311,2.8981678,0.8029579
3288309,3.645515,0.81285137
3289310,3.083798,0.7562865
3290310,3.559676,0.7881695
3291310,3.6518083,0.7918692
3292310,4.0092974,0.7700306
3293310,3.431287,0.8019247
3294310,3.4283412,0.77064914
3295310,3.9843426,0.7247586
3296310,4.153728,0.7453597
3297310,3.2651324,0.72379273
3298310,4.597929,0.7229608
3299310,5.0751147,0.6846959
3300310,5.44218,0.69620764
3301310,6.0658255,0.6050639
3302309,6.4920907,0.601985
3303310,6.158735,0.59356385
3304310,5.5395985,0.7517888
3305310,5.1389437,0.7348922
3306310,5.006239,0.6571913
3307311,5.244524,0.7134949
3308311,5.5781875,0.6444923
3309311,5.4771967,0.68013895
3310312,5.6087017,0.6541189
3311310,5.0414033,0.68924576
3312310,5.2920957,0.6596648
3313309,4.865884,0.66812557
3314310,4.915108,0.722214
3315310,5.092971,0.6876192
3316315,5.1800885,0.66080076
3317311,5.4618344,0.6907375
3318310,6.2108727,0.6138165
3319311,5.8139653,0.62236303
3320310,6.0243835,0.61231744
3321310,5.4548383,0.6467203
3322309,4.954304,0.7168949
3323309,4.574463,0.6721037
3324310,4.9086185,0.64152914
3325310,4.6720676,0.6504144
3326311,4.6434917,0.6897009
3327310,4.4415874,0.7313849
3328310,4.8897743,0.7359745
3329310,4.730456,0.69824064
3330309,5.2278533,0.66787857
3331310,5.7338123,0.6508845
3332309,5.0354924,0.636583
3333310,3.6531742,0.73742944
3334310,4.3034205,0.7194544
3335313,3.410561,0.7884165
3336310,2.7523072,0.7619435
3337310,3.4064429,0.718709
3338310,3.4081585,0.756338
3339310,3.070995,0.82429713
3340310,2.882048,0.835846
3341309,3.2645843,0.7788021
3342310,3.7443445,0.79815507
3343310,3.898155,0.7270389
3344310,4.011107,0.76943266
3345310,4.3259625,0.79230917
3346313,4.137264,0.7694838
3347310,4.180417,0.7162077
3348310,3.8755016,0.7616725
3349310,3.7206688,0.72857624
3350310,3.8128705,0.7552153
3351310,4.606003,0.677708
3352311,4.720155,0.7732629
3353310,5.1499505,0.6610906
3354310,4.804033,0.79039437
3355310,4.8002596,0.6386651
3356310,4.3739214,0.6943912
3357310,4.1931167,0.7195621
3358310,3.9218159,0.7315681
3359310,4.244495,0.73854125
3360310,4.0470877,0.70610046
3361310,4.222984,0.68887305
3362311,4.5625563,0.76294315
3363311,4.382892,0.7411931
3364310,3.709299,0.7810905
3365310,3.8296762,0.709849
3366310,3.4373238,0.75329834
3367310,3.2389748,0.82962984
3368310,3.15654,0.74252254
3369310,3.1780639,0.7939125
3370310,2.6736984,0.77499944
3371310,2.5787172,0.80616754
3372310,1.8943126,0.8771424
3373310,1.9786547,0.8337859
3374311,2.031169,0.84310067
3375310,2.5203903,0.86396664
3376311,2.583662,0.81167936
3377310,2.8235524,0.8062427
3378309,2.7902546,0.8238109
3379310,3.1960406,0.7597824
3380310,3.4375324,0.7388027
3381309,3.5032601,0.698551
3382309,4.4648747,0.6881661
3383310,4.9089994,0.7208459
3384311,3.9423687,0.6634672
3385310,4.1432643,0.760975
3386310,4.1833525,0.7276451
3387310,4.2260394,0.75389063
3388310,4.26048,0.72677267
3389310,4.991873,0.7045783
3390311,5.408284,0.72106344
3391309,5.3040843,0.6718528
3392310,4.634325,0.6420201
3393310,4.795507,0.6967537
3394311,4.2595162,0.6657507
3395311,4.227408,0.7212959
3396310,4.7815638,0.741729
3397310,5.436384,0.6749821
3398310,5.476648,0.66215765
3399311,5.1234503,0.76116663
3400311,4.7295604,0.6954
3401310,4.601908,0.66417265
3402310,4.8670874,0.6676595
3403310,4.6750245,0.7057651
3404311,5.213742,0.6706464
3405310,5.935505,0.64016116
3406310,5.862996,0.70800376
3407310,5.0491047,0.7752015
3408310,5.613586,0.63642025
3409309,5.128867,0.66721106
3410309,4.9059496,0.7040891
3411310,5.5243616,0.7093777
3412311,5.471396,0.6707476
3413311,5.8206334,0.6046671
3414309,6.1981244,0.6136852
3415310,5.7906027,0.6125129
3416310,5.489752,0.6638476
3417309,5.0561156,0.6868109
3418310,5.509346,0.69315517
3419311,4.7374043,0.6437872
3420309,5.3566947,0.71918184
3421311,5.5780416,0.6441141
3422310,5.8075366,0.6042539
3423311,6.2050843,0.58213925
3424310,5.911071,0.6218977
3425311,5.123234,0.72645783
3426310,4.6590223,0.73397326
3427311,4.2267737,0.7050466
3428310,5.000488,0.6248923
3429310,5.7502265,0.6045644
3430310,5.7363496,0.68550915
3431310,5.6108603,0.62922615
3432309,5.4127264,0.6305897
3433311,5.0251846,0.7171209
3434310,4.269102,0.71368426
3435311,4.2130837,0.7799616
3436310,4.1180944,0.76606923
3437310,3.93754,0.7321653
3438310,3.7338357,0.72950274
3439312,3.9485464,0.7543833
3440310,4.271088,0.75606257
3441310,4.7235637,0.6920542
3442309,4.57906,0.7552867
3443310,3.6061413,0.7491256
3444310,3.6789591,0.71874434
3445310,2.76199,0.82488614
3446310,2.4672964,0.82769114
3447310,2.2460167,0.8014993
3448309,3.0868495,0.8022999
3449310,2.9302263,0.8090149
3450311,2.9555812,0.83635366
3451310,2.5693896,0.75988984
3452310,2.5586646,0.8548862
3453310,2.7195158,0.8091735
3454310,3.148911,0.8006337
3455311,3.3618085,0.77320904
3456309,3.8041286,0.79398245
3457309,3.7781188,0.69636804
3458310,4.3757205,0.6400156
3459311,4.504541,0.752197
3460310,4.350306,0.7118825
3461312,4.633339,0.7670102
3462310,4.376158,0.7747253
3463310,4.794617,0.7288655
3464310,5.464787,0.6734889
3465310,5.4415565,0.68269694
3466310,5.0821104,0.669861
3467310,5.166151,0.71021706
3468309,5.533848,0.68213034
3469310,4.9423623,0.7055828
3470310,6.203212,0.6616301
3471310,6.242859,0.5478343
3472310,6.077935,0.625681
3473310,5.8972483,0.6728807
3474310,7.3110337,0.56766367
3475309,6.863354,0.5717006
3476310,7.2329082,0.58699286
3477310,8.200406,0.53148293
3478310,8.389854,0.57365745
3479309,8.4513445,0.5339607
3480310,7.5794125,0.5715984
3481311,7.788351,0.5669732
3482310,8.062843,0.5433593
3483310,7.4194775,0.61552143
3484310,6.836137,0.6379189
3485312,7.7433634,0.6009189
3486309,7.925741,0.60813427
3487310,6.804018,0.6314574
3488310,8.33983,0.628014
3489309,7.94114,0.6364114
3490310,7.892662,0.6266346
3491310,8.731922,0.53592485
3492310,8.478161,0.60039324
3493309,8.0293455,0.62940073
3494310,9.208364,0.5289899
3495311,9.113805,0.5154939
3496309,8.307948,0.57015836
3497310,8.311609,0.51401025
3498311,7.4713826,0.552089
3499310,8.256541,0.5776888
3500311,7.926818,0.5604398
3501309,8.686797,0.54553616
3502311,9.350391,0.5021367
3503310,9.132397,0.5731369
3504310,8.221998,0.64831334
3505310,8.706355,0.6135038
3506310,6.9885497,0.6523673
3507309,7.6355295,0.5559068
3508310,7.331754,0.5891156
3509311,7.536777,0.54834217
3510310,8.744245,0.49832252
3511311,8.658421,0.5535844
3512310,8.930977,0.5541222
3513311,9.275846,0.52205944
3514310,9.32667,0.5627106
3515310,8.221698,0.59595174
3516310,8.150737,0.5420855
3517310,8.054314,0.59836197
3518312,7.5741158,0.60034263
3519312,8.354947,0.62627655
3520310,8.229769,0.58045876
3521310,8.330463,0.5884272
3522310,7.460905,0.5954708
3523310,7.4453654,0.5646186
3524311,7.42351,0.5935717
3525309,7.783109,0.643134
3526310,8.189919,0.5955523
3527309,8.317386,0.52593136
3528310,8.619003,0.60550773
3529310,7.8489113,0.61884075
3530310,7.873932,0.54722345
3531311,7.907174,0.56514454
3532310,6.858212,0.6044057
3533309,7.5305476,0.5966638
3534310,7.3727646,0.5517283
3535310,7.298628,0.5654904
3536310,6.747945,0.6157053
3537310,6.8880253,0.6050407
3538310,6.2169385,0.5710494
3539310,6.7720013,0.6629538
3540310,6.5833163,0.6428752
3541310,5.4712915,0.64546263
3542310,5.8846827,0.6696697
3543310,5.8615937,0.59551173
3544310,5.821432,0.59222174
3545310,6.2416058,0.5730068
3546310,6.8874593,0.5478584
3547309,6.443142,0.63773566
3548309,5.712121,0.7136368
3549310,5.1057677,0.70311594
3550310,3.88764,0.7160437
3551310,3.248345,0.76758057
3552309,2.67701,0.8141491
3553310,2.8722973,0.81292564
3554310,3.2554152,0.8035289
3555310,3.233416,0.79111433
3556311,3.6626077,0.7315213
3557310,3.9546046,0.71533513
3558311,3.861185,0.7632132
3559309,3.8759046,0.6907022
3560310,3.4678478,0.7800133
3561310,3.3695006,0.7609578
3562311,3.033544,0.83828306
3563310,3.768961,0.74490833
3564310,4.0471096,0.7654772
3565310,4.235496,0.69520324
3566311,4.626622,0.710985
3567310,4.6504965,0.7095433
3568310,4.776808,0.7604834
3569311,5.1402454,0.66461223
3570310,5.1507297,0.63791543
3571310,5.0068593,0.6850042
3572310,4.9314237,0.6082742
3573310,5.278279,0.7153986
3574311,5.7103467,0.6062131
3575310,5.9810357,0.6120199
3576310,5.7249613,0.6524046
3577310,5.6930585,0.65996104
3578310,5.27976,0.6911201
3579310,4.8879857,0.72875154
3580310,4.2547016,0.76177466
3581310,4.419121,0.7508891
3582310,4.7184377,0.7660723
3583310,3.7755342,0.69439363
3584310,3.7680328,0.72953665
3585310,4.92203,0.7013305
3586310,4.8229446,0.72309726
3587310,5.5251427,0.72901976
3588311,5.137179,0.6451221
3589310,5.7349877,0.67655116
3590311,5.34158,0.6878282
3591310,6.085856,0.7378443
3592311,5.6537824,0.68435675
3593311,5.9747014,0.6817349
3594310,5.6181307,0.59752524
3595309,4.906432,0.65461755
3596309,3.8317654,0.7418007
3597310,3.731612,0.7579138
3598310,4.4653516,0.70650846
3599310,4.0048604,0.75266176
3600310,3.65912,0.7534561
3601310,2.864994,0.7404823
3602310,2.7323134,0.77919906
3603311,1.5818347,0.8677458
3604310,1.1673179,0.90310633
3605310,0.9061688,0.91860336
3606310,0.6110648,0.9428148
3607311,0.6857171,0.92505443
3608310,0.7047245,0.9517512
3609311,0.95027363,0.92852503
3610310,1.2922395,0.8998564
3611310,1.5162557,0.893337
3612311,1.6114446,0.89072996
3613310,1.8176663,0.8604901
3614309,2.9767847,0.787524
3615311,3.2069511,0.80400103
3616309,2.692146,0.8127487
3617310,2.7339122,0.7717455
3618310,3.0664322,0.82150733
3619309,2.7425632,0.8072327
3620310,3.64602,0.6824423
3621310,4.2091165,0.7294585
3622310,4.432399,0.7034188
3623310,4.2586927,0.7068329
3624310,4.1573906,0.729834
3625309,3.9449973,0.74548936
3626310,4.6270075,0.6496877
3627310,4.274147,0.71643883
3628310,4.5176578,0.7359984
3629310,4.5760813,0.70534843
3630310,4.1202254,0.7546407
3631309,3.8182862,0.77900106
3632310,4.23772,0.7513679
3633311,4.5106726,0.69881606
3634310,5.4378924,0.64983046
3635309,5.176597,0.64422953
3636310,4.827319,0.68293494
3637310,4.7297463,0.73688745
3638309,3.8955388,0.6545313
3639310,4.0246577,0.7311841
3640311,4.0474534,0.7283958
3641310,4.519692,0.7675067
3642310,4.7921667,0.68385786
3643310,5.0623193,0.72163224
3644310,3.8500068,0.7340018
3645310,3.7264671,0.7409796
3646310,3.5064845,0.7658116
3647310,3.7810795,0.740731
3648310,3.5053496,0.77896786
3649310,3.9120038,0.75988764
3650311,3.8509667,0.6983338
3651309,4.1909285,0.7144076
3652310,4.013975,0.74169797
3653309,4.7094135,0.7562564
3654312,4.3084326,0.76476
3655310,4.0650334,0.71516657
3656310,3.6743686,0.8217896
3657310,4.042402,0.76151705
3658309,2.8496683,0.80302775
3659310,2.4986854,0.8333122
3660310,2.6508567,0.85105205
3661311,2.585951,0.7896457
3662310,2.0153575,0.8206599
3663310,2.0928705,0.8548668
3664310,2.232792,0.82388115
3665310,2.6245418,0.809758
3666310,2.5933778,0.7771103
3667310,3.8429327,0.6627506
3668310,3.734356,0.71195066
3669310,4.773202,0.73692536
3670310,4.5349526,0.70790195
3671312,4.3844895,0.70587283
3672310,4.296749,0.7668146
3673311,4.762374,0.6897965
3674309,4.8278,0.7201823
3675310,5.9197474,0.6334544
3676310,6.5341825,0.541669
3677310,6.3275433,0.684379
3678311,5.6234426,0.76383096
3679310,5.8006988,0.6661543
3680309,5.310439,0.66225845
3681310,6.635656,0.57972366
3682310,6.7928114,0.6328176
3683310,6.8519034,0.6173883
3684309,6.8415027,0.5756601
3685309,7.180029,0.64241415
3686310,6.9894557,0.62182146
3687311,7.2050376,0.6345314
3688310,6.9358425,0.6449961
3689310,7.2049613,0.6166547
3690310,6.283851,0.6665677
3691310,6.769055,0.63233835
3692310,6.9851565,0.5633632
3693309,7.1147714,0.56756353
3694310,7.3513236,0.5926367
3695310,7.2608604,0.5855569
3696310,7.239041,0.565023
3697311,7.1612515,0.63045
3698310,7.643385,0.61512923
3699310,6.792257,0.58046216
3700309,6.9012785,0.6334565
3701309,6.4261465,0.6494678
3702310,6.5663524,0.62987024
3703310,6.4034643,0.64050245
3704310,6.3548884,0.59723866
3705310,6.7283635,0.604792
3706310,6.5717854,0.5759624
3707310,5.7997155,0.67035437
3708311,5.5291305,0.7324049
3709310,5.3473663,0.6696513
3710310,4.9869914,0.675713
3711310,5.185225,0.7089184
3712310,4.883581,0.62713724
3713310,4.407588,0.7195023
3714310,4.3601594,0.67868614
3715310,4.2543607,0.70655024
3716310,4.5093203,0.66701615
3717310,4.4207625,0.7296017
3718310,4.5942354,0.71793264
3719311,4.5859413,0.7136248
3720310,4.6185675,0.65253294
3721310,4.4679437,0.7411817
3722310,4.600468,0.6730074
3723311,4.5719647,0.71765345
3724310,4.327663,0.69645905
3725311,4.4872465,0.7483172
3726310,4.667705,0.69929534
3727310,4.6630087,0.6884397
3728310,4.7951117,0.6457181
3729310,5.2107506,0.68328017
3730310,4.7615557,0.7311702
3731310,4.9913588,0.7340281
3732310,5.444335,0.697422
3733310,5.5389867,0.6982551
3734311,5.600114,0.6938735
3735310,5.4881687,0.6313666
3736310,5.0405874,0.62045604
3737310,5.2656975,0.7729436
3738310,5.086329,0.67650354
3739311,5.190267,0.7056516
3740310,5.6227155,0.645939
3741310,5.8152084,0.66974217
3742311,6.007664,0.61500645
3743309,5.7477355,0.6332304
3744310,5.765262,0.6572651
3745310,6.362163,0.53941315
3746310,5.89265,0.63792646
3747311,6.2827497,0.61270535
3748309,6.979944,0.6393629
3749309,6.760555,0.60255426
3750311,7.0092335,0.5674716
3751310,7.4895077,0.6326467
3752310,7.1039677,0.6218887
3753311,6.3174663,0.65212333
3754310,7.019701,0.6001466
3755309,6.2463207,0.6343369
3756310,7.1471915,0.5748611
3757310,7.0995793,0.58339006
3758310,7.811432,0.57687837
3759310,7.5636444,0.5386793
3760310,7.422838,0.63130254
3761310,7.3971443,0.58360034
3762310,7.0933237,0.57886136
3763310,7.6368504,0.61854357
3764310,7.388957,0.5960057
3765309,7.6786265,0.5867878
3766310,7.1678915,0.623325
3767310,6.2571144,0.70000964
3768310,5.926234,0.6440205
3769309,6.790317,0.6218695
3770309,6.2056036,0.713198
3771310,6.285127,0.568638
3772310,7.0260754,0.57492375
3773310,6.961745,0.64009804
3774309,6.785521,0.65796006
3775311,6.9578905,0.61895293
3776310,6.6305084,0.60740775
3777309,6.3658924,0.6595081
3778311,6.62967,0.6593107
3779310,5.304809,0.6888847
3780310,5.346418,0.63242424
3781310,5.6754675,0.6493312
3782310,5.49589,0.6751491
3783310,5.3226113,0.6970539
3784310,6.3843417,0.6239257
3785311,6.1471467,0.6460316
3786310,6.230345,0.607588
3787310,6.648733,0.62775946
3788311,6.7756886,0.6303254
3789310,6.0457687,0.68864316
3790310,6.061613,0.592977
3791310,6.414382,0.5976962
3792311,6.828025,0.549813
3793310,6.9672036,0.58333904
3794310,7.2336793,0.5598881
3795310,7.3884606,0.5964763
3796310,6.890434,0.66198295
3797309,6.5279536,0.6402833
3798310,6.5474916,0.5939418
3799310,6.66873,0.6302428
3800309,6.50111,0.6519747
3801310,6.9536033,0.61577064
3802309,6.77928,0.5585767
3803313,6.9560432,0.6456944
3804310,6.391382,0.7149774
3805310,7.107262,0.6080776
3806310,7.320793,0.61680645
3807310,7.0467463,0.6120745
3808310,6.8336463,0.62953436
3809310,7.4579873,0.64485097
3810309,7.0061064,0.59116143
3811310,7.3115106,0.5452683
3812310,6.6704593,0.5888936
3813310,6.811206,0.6151212
3814309,5.9900107,0.65223
3815310,6.09238,0.65724844
3816312,6.3534646,0.66408503
3817310,6.6146965,0.63481104
3818311,6.234273,0.6115863
3819310,6.160802,0.67824
3820310,6.571181,0.6720223
3821310,6.4347343,0.71788365
3822309,6.438355,0.61644256
3823309,6.6167865,0.6349342
3824310,5.8065553,0.65080196
3825311,6.2681975,0.6653095
3826309,5.8900867,0.6497012
3827311,5.842581,0.667554
3828310,5.6387606,0.6394753
3829310,6.2873106,0.62993586
3830309,5.699722,0.67600226
3831310,6.4811635,0.6630227
3832310,6.298591,0.6234381
3833311,6.480642,0.61078614
3834310,6.211851,0.6134911
3835311,6.3702426,0.5960689
3836310,6.5114923,0.6167576
3837310,6.5287204,0.6709907
3838310,6.5503793,0.5531047
3839310,6.7528915,0.52802545
3840310,6.7843413,0.62712425
3841311,6.508998,0.6431054
3842310,6.9314575,0.60532856
3843310,6.712355,0.7008902
3844311,6.9450026,0.57167
3845310,6.7014165,0.6281893
3846310,6.6848984,0.63668525
3847310,5.910422,0.63236296
3848310,5.585818,0.6626165
3849310,5.547691,0.72434956
3850313,5.787906,0.6443165
3851310,5.6019354,0.6871994
3852310,5.8327675,0.6184874
3853310,5.922593,0.67046905
3854309,5.991614,0.6715614
3855310,5.690376,0.62750953
3856310,5.850606,0.64820194
3857310,5.975609,0.6807206
3858310,5.2044997,0.690795
3859310,5.73386,0.67853856
3860309,5.260112,0.6616615
3861310,5.5645423,0.6469593
3862311,5.444069,0.7162856
3863310,5.4282804,0.6019203
3864309,5.568643,0.6514528
3865310,6.3133187,0.61087817
3866309,5.666847,0.6572169
3867310,6.0295815,0.73378205
3868309,6.236699,0.62684304
3869310,5.9557676,0.6577793
3870309,5.8024235,0.6223802
3871310,6.156958,0.58536434
3872310,6.232616,0.6478456
3873310,6.311631,0.7026201
3874310,5.5733676,0.60828614
3875309,6.1664476,0.5752753
3876310,5.861804,0.57725304
3877310,5.6182647,0.69819456
3878310,6.0133986,0.6516558
3879310,5.932128,0.6189256
3880310,5.8920608,0.6201978
3881310,6.239063,0.5821027
3882310,5.6196733,0.66775244
3883310,6.056088,0.6291743
3884310,5.657241,0.70218486
3885310,5.7227654,0.5876534
3886310,5.3787684,0.6680128
3887310,6.109135,0.65141106
3888311,6.1975694,0.6568536
3889310,6.840633,0.6438897
3890310,7.2215652,0.6730506
3891310,6.789285,0.6469953
3892310,6.7653937,0.60642
3893309,6.7345614,0.6266846
3894310,5.8664865,0.636249
3895312,5.946593,0.71238524
3896310,6.6786427,0.6040054
3897312,6.762818,0.624749
3898311,6.679539,0.6297518
3899310,7.32692,0.5374681
3900311,7.249493,0.5275807
3901311,6.9789696,0.6647433
3902310,7.21758,0.5984231
3903310,7.0159173,0.5268161
3904310,6.5544724,0.5878345
3905310,6.85304,0.66820914
3906310,6.3200727,0.6132708
3907311,6.205912,0.6507212
3908310,6.218672,0.6581657
3909310,6.5233226,0.57004213
3910309,6.91365,0.58304435
3911310,6.930461,0.6142714
3912310,6.5735006,0.59256923
3913310,6.9893975,0.5568026
3914310,6.9029565,0.6025428
3915310,7.7578397,0.55949616
3916310,7.0390673,0.628802
3917310,7.350106,0.65883297
3918311,7.2398133,0.5618195
3919310,6.699189,0.6002619
3920310,6.962879,0.56685
3921310,7.5139856,0.6136819
3922310,7.6284976,0.54895526
3923310,7.958126,0.67462087
3924310,8.220951,0.5881032
3925310,7.41384,0.555633
3926311,7.2860084,0.6668802
3927311,7.0402393,0.63501537
3928310,6.667817,0.57195795
3929310,6.576462,0.6105563
3930310,5.9780874,0.6664023
3931310,6.1106696,0.6877828
3932311,5.7527237,0.64934725
3933309,6.095621,0.72244036
3934310,5.3553653,0.66882116
3935311,5.3059607,0.6370718
3936310,4.6045732,0.73394614
3937310,2.9906335,0.7564697
3938310,2.0377493,0.8270239
3939310,1.3569142,0.8840072
3940311,0.96139723,0.9277572
3941310,0.76689327,0.9540021
3942310,1.8082579,0.8419804
3943311,2.3831744,0.8157277
3944309,2.919612,0.80241144
3945310,3.0980456,0.78471506
3946309,3.8633797,0.71828854
3947310,3.182112,0.77999324
3948310,3.1690571,0.7542682
3949310,4.4712267,0.7252419
3950309,4.7151523,0.7080157
3951310,5.4441895,0.6519751
3952315,5.6237144,0.6214255
3953310,5.6841693,0.659123
3954310,5.2502766,0.6731111
3955310,5.467546,0.7058314
3956310,5.74767,0.65814483
3957311,6.2350516,0.620296
3958310,6.6206536,0.6798489
3959311,6.8185678,0.59380674
3960310,6.841149,0.66610086
3961310,6.4149966,0.6563659
3962310,6.221317,0.59685755
3963310,6.9135075,0.6037698
3964310,7.7687354,0.54848814
3965309,7.3725915,0.5649837
3966310,7.9116054,0.5289287
3967310,7.4876156,0.61791575
3968310,7.309365,0.5981333
3969310,7.052939,0.5921338
3970310,7.890296,0.59034425
3971310,8.250063,0.5798633
3972310,7.8047605,0.61654854
3973310,7.8193183,0.56102264
3974311,8.585119,0.60827744
3975310,7.4534116,0.5491944
3976310,8.1595745,0.5686961
3977310,8.47546,0.5273184
3978310,8.966629,0.4877488
3979310,8.1043825,0.60984886
3980310,8.931771,0.568215
3981310,7.7330236,0.6078307
3982310,7.9344077,0.67451113
3983310,7.7951574,0.55538875
3984310,8.41137,0.5852493
3985310,7.7830763,0.567451
3986310,8.128963,0.5527259
3987310,8.576541,0.54398614
3988310,8.0321455,0.63662916
3989311,7.4531555,0.63641465
3990310,8.027851,0.51461315
3991310,7.622944,0.6394628
3992310,8.018475,0.61799234
3993310,7.7636814,0.5479996
3994310,8.475075,0.5718896
3995311,9.222166,0.5449934
3996310,8.35236,0.5928881
3997310,8.50519,0.6180554
3998312,8.412405,0.5838235
3999310,8.587414,0.6404472
4000310,7.0642657,0.6166711
4001310,7.9013577,0.5624205
4002310,8.572877,0.45053455
4003310,9.031895,0.5475831
4004310,8.555588,0.5397982
4005310,8.2682705,0.5180168
4006310,9.098854,0.4932072
4007310,8.216753,0.5461191
4008310,7.601513,0.5906873
4009310,8.345417,0.5939842
4010310,8.598185,0.5117813
4011309,7.246478,0.5852908
4012310,8.130416,0.54197687
4013310,8.387772,0.5709539
4014310,8.456322,0.55525887
4015311,8.739833,0.5637856
4016310,9.706733,0.5384342
4017314,8.618776,0.59483707
4018310,9.14051,0.51406604
4019310,8.237863,0.5870454
4020309,8.842685,0.5851234
4021310,8.383986,0.5732642
4022310,8.382233,0.679445
4023310,8.581511,0.56699026
4024310,8.4568205,0.53666204
4025311,8.476856,0.6308924
4026310,8.078516,0.5498324
4027310,7.470789,0.5961434
4028309,8.621797,0.5504336
4029310,8.857702,0.53807485
4030310,8.642798,0.5641174
4031309,8.321524,0.60552883
4032310,8.873986,0.53336674
4033311,8.128843,0.56023777
4034310,8.337243,0.6245869
4035310,8.489667,0.5684177
4036317,8.190078,0.58333975
4037310,7.9890614,0.5817808
4038310,8.333347,0.47572103
4039311,7.611605,0.5754485
4040310,8.167788,0.6092645
4041310,8.551149,0.62489456
4042310,8.916859,0.5995812
4043309,8.484504,0.5868979
4044310,7.90025,0.6270332
4045310,7.9848566,0.5828519
4046311,8.121168,0.52578217
4047310,8.0287,0.5886603
4048310,7.659342,0.57129
4049310,7.3739233,0.59759456
4050310,7.2642026,0.6435676
4051309,7.967942,0.5716025
4052310,7.7342763,0.5681252
4053309,8.335809,0.59375805
4054310,8.799625,0.56965536
4055311,8.70059,0.5158163
4056310,7.7516537,0.56445664
4057310,7.453211,0.5494831
4058310,7.8065944,0.572297
4059310,7.9595876,0.6334468
4060310,8.645164,0.5913215
4061311,8.4404125,0.5417746
4062310,8.125014,0.5304474
4063310,7.267716,0.66764206
4064310,7.747078,0.59353477
4065311,7.6157694,0.5710166
4066309,8.142861,0.6155926
4067310,8.83645,0.5911462
4068310,9.403765,0.52451056
4069310,8.710575,0.5749354
4070310,7.672638,0.6034832
4071310,7.432187,0.62968874
4072310,7.9128065,0.57842994
4073310,7.7707195,0.5588109
4074310,7.4199147,0.6586431
4075310,7.8610115,0.61797166
4076310,7.7662067,0.6032947
4077310,7.861466,0.6460603
4078309,7.2829027,0.659663
4079310,8.254829,0.58068055
4080312,8.310699,0.6403185
4081311,8.55288,0.52095044
4082310,7.8089604,0.61476743
4083310,8.222422,0.5338307
4084310,7.667064,0.60280395
4085310,7.56615,0.5972116
4086310,7.8804326,0.58139706
4087311,8.032113,0.51134455
4088311,7.752107,0.53295946
4089310,7.91346,0.5044972
4090310,7.10502,0.60245365
4091310,7.8055296,0.50330323
4092309,6.4636173,0.66894215
4093310,7.532346,0.60560316
4094310,7.328264,0.5210789
4095310,7.4597754,0.5935233
4096310,7.386036,0.55235595
4097310,6.966392,0.5249311
4098310,6.81827,0.6079514
4099310,7.1849313,0.59696466
4100310,6.4068546,0.7049974
4101310,6.407971,0.65439826
4102310,6.6010084,0.71568424
4103310,6.50713,0.6337303
4104310,6.671445,0.6218013
4105310,6.59173,0.5612661
4106309,6.042272,0.7075524
4107310,5.7015967,0.70610034
4108310,3.8838153,0.74924195
4109309,3.190223,0.7858623
4110311,2.9774425,0.79249233
4111310,2.813391,0.7938942
4112310,2.841451,0.8211737
4113310,2.5249338,0.846838
4114310,2.3945806,0.80161583
4115310,2.3451667,0.7998615
4116310,2.4188225,0.85730886
4117310,2.0514023,0.8087432
4118311,2.469221,0.77720106
4119310,2.559926,0.8413807
4120309,2.3602176,0.78380525
4121310,2.6927807,0.7677806
4122310,3.1751535,0.7946345
4123310,3.1397474,0.7633273
4124309,3.9097013,0.7470371
4125310,4.041845,0.712527
4126310,5.1013713,0.63972
4127312,5.302342,0.72057116
4128311,5.6066704,0.6245911
4129309,6.1830883,0.5948783
4130310,6.068306,0.65255463
4131310,6.129115,0.63120496
4132310,6.265419,0.63124657
4133310,6.062551,0.5975502
4134310,5.286727,0.69540155
4135310,5.518229,0.66657376
4136310,5.391095,0.6170344
4137313,5.554594,0.6808836
4138310,5.6330333,0.67056495
4139310,5.8335667,0.7127075
4140310,5.7070174,0.6320248
4141310,6.816539,0.60786426
4142310,6.765134,0.67065334
4143310,6.0344267,0.6480511
4144310,5.4382887,0.71505195
4145310,4.741258,0.688655
4146310,4.650061,0.651641
4147310,3.777669,0.77592045
4148310,3.811879,0.75888103
4149309,3.317197,0.80014974
4150310,3.4685063,0.78969175
4151310,2.7718046,0.82636255
4152310,3.2440448,0.82360137
4153310,3.4845371,0.7661555
4154310,2.9757342,0.7821048
4155309,2.57869,0.8079717
4156311,2.3518384,0.8320304
4157312,2.7912374,0.8094529
4158313,3.1919181,0.76340413
4159309,3.4175112,0.68769586
4160310,4.183845,0.70065784
4161310,4.102786,0.74408877
4162309,3.9834435,0.783287
4163310,4.197979,0.74055064
4164310,4.4914417,0.7483316
4165310,4.4507694,0.7350758
4166311,4.453176,0.71720576
4167310,4.8187013,0.7059751
4168310,4.978123,0.67716724
4169310,4.530248,0.71333855
4170310,3.856274,0.7629456
4171310,3.7658606,0.7961798
4172309,3.6694384,0.7926236
4173310,2.9485652,0.80796456
4174310,3.4602284,0.6960545
4175311,3.5628233,0.7823757
4176310,2.8628993,0.77867
4177310,2.645984,0.80782694
4178311,3.2068613,0.73550946
4179310,2.617733,0.80972475
4180310,3.142179,0.83397305
4181310,3.6871254,0.70945776
4182311,4.7043643,0.7010623
4183310,4.183975,0.73743725
4184312,4.820271,0.7310362
4185310,4.862989,0.68317235
4186310,4.5646553,0.73963696
4187311,3.946785,0.76486313
4188310,4.2865777,0.7291216
4189310,3.2050474,0.7592528
4190310,2.5537407,0.81393534
4191311,2.242262,0.77089417
4192310,1.7150351,0.8867693
4193311,1.1012357,0.9260749
4194310,1.2069507,0.9162566
4195312,0.9339696,0.9309778
4196310,1.8074641,0.87668926
4197310,2.3404994,0.8099893
4198309,2.966196,0.77890563
4199310,3.352519,0.7717371
4200310,3.2242486,0.7525925
4201310,2.7718856,0.81549644
4202310,3.045221,0.8106338
4203309,3.0556667,0.8106232
4204310,3.471069,0.79843813
4205310,4.226338,0.72909236
4206310,4.835204,0.6394103
4207310,5.7253723,0.6187982
4208310,5.815891,0.64329565
4209310,6.1959376,0.66013694
4210311,5.8433313,0.7023429
4211310,5.9760475,0.602017
4212309,5.4992523,0.74513817
4213310,4.5635777,0.69195336
4214310,4.8188243,0.6973977
4215310,4.857518,0.7990458
4216310,4.8816247,0.67902267
4217310,5.648564,0.64291775
4218309,6.3062267,0.6396377
4219310,6.0056796,0.6417375
4220311,6.0303755,0.6375542
4221310,5.4864674,0.73745406
4222310,5.299312,0.7525157
4223310,5.0705867,0.66335267
4224310,5.664655,0.64446044
4225310,5.673933,0.6334296
4226310,6.0753045,0.6239104
4227310,5.695464,0.6257722
4228310,5.319336,0.67552614
4229310,4.99185,0.6603197
4230310,5.262584,0.7006576
4231310,5.23126,0.70465755
4232310,5.586541,0.6144356
4233310,6.3227324,0.6230038
4234312,6.43892,0.6632455
4235310,6.6683145,0.698037
4236310,6.454191,0.6074104
4237310,7.2407784,0.68063796
4238309,6.5202537,0.4942297
4239310,6.8747225,0.6171642
4240310,7.470413,0.5495391
4241310,7.3100486,0.5151656
4242310,7.4251738,0.6002613
4243310,7.5435843,0.63884485
4244310,7.648533,0.57875186
4245310,7.822748,0.59815794
4246310,7.7150946,0.6224177
4247310,7.832522,0.6047063
4248310,7.3120914,0.6360559
4249310,7.264745,0.60441065
4250310,8.379042,0.57384974
4251310,8.416287,0.472518
4252310,7.5083256,0.58116454
4253311,7.89823,0.6189318
4254310,7.7463565,0.5602273
4255310,7.501373,0.5788775
4256310,7.887983,0.5749567
4257310,7.9342856,0.60102284
4258310,8.061128,0.60567373
4259310,7.627622,0.5885616
4260310,7.5001354,0.699054
4261310,7.731726,0.61910504
4262310,6.3960767,0.62230945
4263310,6.081572,0.6189238
4264310,5.8813396,0.65540487
4265310,6.466426,0.6081631
4266311,7.0932183,0.65095454
4267310,7.1001563,0.57611084
4268311,7.867547,0.5727238
4269310,7.1185465,0.6108363
4270311,7.112499,0.66172844
4271310,6.655407,0.5939605
4272311,6.858775,0.64513415
4273310,5.947943,0.6443094
4274310,6.656509,0.59226984
4275312,6.1370354,0.61003506
4276309,7.474379,0.53893656
4277310,7.213093,0.6282717
4278309,7.2562013,0.5456598
4279310,6.8714123,0.646463
4280310,6.781357,0.6159506
4281310,6.6095057,0.54040325
4282310,7.1425323,0.5382177
4283310,6.7319818,0.58909947
4284311,7.545005,0.6036579
4285310,7.0816784,0.51375616
4286310,6.7598805,0.66392297
4287311,6.8708653,0.58139735
4288310,6.723385,0.63653064
4289310,6.643966,0.66357946
4290310,6.31387,0.5872589
4291309,6.1633997,0.68062794
4292310,6.3604302,0.65730643
4293310,6.877675,0.62679356
4294309,6.7119927,0.64972013
4295310,7.893164,0.5603342
4296309,7.772013,0.5681527
4297310,7.909075,0.55870247
4298310,7.254289,0.53686404
4299310,7.7364693,0.56784105
4300310,7.0615263,0.5933174
4301310,7.489335,0.60229385
4302312,7.6527863,0.60779405
4303309,7.6286807,0.6155405
4304310,8.110741,0.583513
4305310,8.004174,0.6118799
4306310,7.3275366,0.57573694
4307310,7.652209,0.6125971
4308310,7.3071523,0.59872323
4309310,6.3286533,0.6021155
4310310,6.9263396,0.5960169
4311310,6.923726,0.5805049
4312310,7.4334106,0.59397894
4313310,7.577845,0.565438
4314309,8.185221,0.61185384
4315310,7.700248,0.554482
4316310,7.4123693,0.5714861
4317310,7.085466,0.5567759
4318310,6.662216,0.6018513
4319310,6.5327945,0.59559524
4320310,7.0324974,0.5594227
4321310,7.1547256,0.58559257
4322311,7.6052246,0.61212635
4323309,7.2112117,0.64088166
4324310,7.747234,0.5940216
4325310,7.3557405,0.67161053
4326310,7.609969,0.59926987
4327310,7.816189,0.5935771
4328310,7.8352175,0.5143593
4329309,8.185145,0.6169034
4330310,7.835456,0.58146966
4331310,7.5445952,0.5340239
4332310,7.366307,0.575805
4333310,7.73088,0.6261323
4334310,8.208667,0.555346
4335310,7.4741154,0.56510365
4336310,7.3877296,0.5785917
4337311,7.2968903,0.54893273
4338309,7.4617505,0.59566295
4339309,6.6374784,0.60170573
4340310,6.791685,0.63741606
4341310,6.925444,0.61757654
4342310,6.991289,0.6369157
4343309,6.481283,0.5983891
4344310,7.5790877,0.64099824
4345310,8.135824,0.57409585
4346310,7.9406824,0.5064929
4347309,7.7211986,0.6204447
4348311,7.5211425,0.50305814
4349310,7.4218445,0.551519
4350310,8.056625,0.4982093
4351309,7.6487503,0.6116134
4352310,7.719726,0.620952
4353309,7.878961,0.662966
4354310,6.7973394,0.6703861
4355310,7.505715,0.558453
4356310,7.6498523,0.5489838
4357310,7.7623234,0.55593127
4358310,7.3071,0.5803187
4359310,6.988344,0.6595467
4360311,7.3013015,0.6341889
4361310,7.622358,0.58617
4362310,7.0552516,0.53609353
4363310,6.6973543,0.65511507
4364310,7.198532,0.57262963
4365310,6.8684936,0.65926343
4366310,6.782143,0.6838408
4367309,7.415658,0.6236861
4368312,7.303978,0.56150067
4369310,6.31664,0.6630946
4370311,6.68852,0.6294111
4371310,6.785769,0.7189276
4372310,7.563036,0.5904744
4373310,7.2996078,0.64863133
4374310,7.8155637,0.63105774
4375310,7.5661364,0.63147587
4376310,6.923278,0.58197135
4377312,6.5994315,0.6470369
4378310,6.947029,0.6558166
4379310,6.5566564,0.64251786
4380311,7.3186803,0.61787325
4381310,8.366159,0.66639394
4382310,7.560227,0.59450865
4383310,7.5023637,0.5724441
4384310,7.7896233,0.5703158
4385309,7.0517282,0.6575403
4386311,6.758387,0.621083
4387310,7.040063,0.6553962
4388310,7.218753,0.62231165
4389313,7.5653872,0.6229012
4390310,7.67225,0.51321906
4391310,8.809797,0.5600433
4392311,8.463057,0.59138584
4393310,8.188931,0.5123276
4394312,7.896452,0.57423997
4395309,7.703149,0.6150593
4396309,8.244258,0.5296115
4397311,7.9700937,0.59187067
4398311,8.713757,0.5645499
4399310,9.413467,0.5235057
4400310,8.904129,0.52784616
4401311,8.144983,0.5861932
4402310,8.220459,0.58866584
4403309,7.9934735,0.6511803
4404309,7.6716704,0.66308314
4405310,7.236267,0.5661023
4406311,8.623172,0.55356765
4407310,8.443028,0.5301139
4408310,8.092234,0.5119701
4409310,7.652219,0.60758495
4410310,7.836203,0.57180405
4411310,8.022031,0.5590542
4412310,7.797112,0.6030719
4413310,8.276296,0.48777005
4414310,8.858233,0.57844204
4415309,8.37257,0.6194547
4416310,7.77569,0.6116919
4417309,7.22854,0.589886
4418310,7.0748863,0.6135159
4419310,7.4387245,0.6087003
4420310,7.291561,0.54874617
4421310,7.5311966,0.60062236
4422309,7.493394,0.60963243
4423310,7.072789,0.5615605
4424310,7.3398695,0.58244735
4425310,7.2701097,0.6261451
4426310,7.386177,0.62990683
4427311,7.4696946,0.6102272
4428311,7.462864,0.57222086
4429310,8.104472,0.52241653
4430310,8.475242,0.52986115
4431310,7.946541,0.58635
4432310,8.332529,0.54612637
4433310,7.9854536,0.6172595
4434310,7.9609323,0.5757781
4435310,7.356825,0.6155417
4436310,7.287848,0.65848154
4437311,6.9053493,0.652364
4438309,6.9131,0.63939625
4439310,7.657058,0.6228886
4440310,7.0739555,0.60393924
4441310,6.97001,0.6066263
4442310,7.408924,0.5455155
4443311,6.9445553,0.59454626
4444311,7.0923114,0.62641364
4445310,7.8937697,0.59355944
4446309,7.9134192,0.55703014
4447310,7.9509845,0.5730966
4448310,7.6901436,0.5930926
4449310,7.4373565,0.60806215
4450310,7.3321166,0.55489725
4451310,7.161473,0.60430425
4452310,7.3521695,0.582778
4453309,7.785569,0.5964847
4454311,7.9794335,0.5756777
4455310,7.5126276,0.60983133
4456311,7.4428287,0.6185695
4457309,7.757791,0.5777821
4458310,8.431234,0.5670628
4459310,7.7031507,0.6226393
4460310,7.854838,0.6087827
4461310,8.319428,0.5971712
4462309,7.6621704,0.6717658
4463310,7.7998676,0.5044316
4464310,8.408407,0.61006176
4465311,8.475674,0.44659284
4466310,7.8211594,0.57283545
4467310,8.106258,0.49777076
4468310,7.6241746,0.54669166
4469311,7.995288,0.5828574
4470310,7.5732226,0.5626069
4471310,7.9601274,0.61445576
4472310,7.942153,0.6069632
4473311,8.019394,0.5194189
4474310,7.834047,0.5539891
4475310,8.247763,0.5631632
4476311,8.584408,0.5678485
4477311,8.8907795,0.5240088
4478310,8.754127,0.59980047
4479310,9.032068,0.5479525
4480310,8.948593,0.52148527
4481311,8.346587,0.63222474
4482311,8.295716,0.61141396
4483310,7.5580673,0.64567924
4484311,7.505716,0.62738496
4485310,7.967146,0.5616686
4486309,7.933133,0.59163314
4487310,8.413306,0.5516903
4488310,8.65136,0.574088
4489311,8.693876,0.57539433
4490310,8.110089,0.54801923
4491310,8.8661375,0.5390954
4492309,8.807285,0.5252479
4493310,8.223195,0.58351505
4494310,8.894563,0.5696771
4495311,8.566031,0.5270761
4496310,9.179399,0.58480126
4497310,8.4927,0.52510107
4498310,8.65059,0.5135373
4499310,7.6885557,0.5869291
4500310,8.066041,0.56122726
4501310,7.511565,0.5640625
4502310,8.146215,0.6304005
4503312,7.9866834,0.6133215
4504309,7.881813,0.65692353
4505310,8.092032,0.63585865
4506310,7.9397273,0.5743469
4507310,8.252059,0.58335006
4508310,8.250577,0.59228605
4509310,8.043675,0.61379486
4510310,7.215085,0.6225931
4511310,8.149911,0.546866
4512310,7.5574374,0.5960194
4513310,8.275534,0.5431749
4514310,8.839361,0.6400929
4515311,8.764044,0.50203043
4516311,8.531872,0.5309439
4517311,8.658246,0.5779923
4518310,8.727639,0.6005781
4519311,8.594071,0.5324132
4520310,8.548369,0.5661838
4521310,8.627376,0.60547507
4522310,8.384706,0.5685843
4523310,7.9396,0.53279775
4524310,7.781679,0.61377335
4525310,8.375454,0.57111394
4526310,7.7408886,0.56798494
4527310,8.472249,0.55685586
4528310,8.862998,0.5446236
4529311,8.475498,0.6627752
4530310,8.275615,0.49332008
4531311,8.774712,0.58922154
4532310,8.829328,0.5664516
4533311,8.665877,0.6424526
4534310,8.730727,0.5728607
4535310,8.95269,0.5370883
4536310,8.662364,0.4982509
4537310,7.365377,0.6298495
4538310,8.970839,0.6271118
4539310,8.402105,0.507278
4540310,8.336274,0.60936856
4541310,8.085803,0.5288592
4542312,8.451551,0.57718045
4543310,7.650597,0.62233573
4544311,8.553332,0.61893326
4545310,8.863386,0.515774
4546310,8.463099,0.6272288
4547310,9.313151,0.48031867
4548310,9.100606,0.4713129
4549310,8.205724,0.5702129
4550311,9.056856,0.60473466
4551310,9.178647,0.498869
4552310,8.489908,0.5563733
4553311,8.98279,0.51576036
4554310,9.667993,0.50336695
4555310,8.202857,0.5250093
4556310,8.01646,0.60255164
4557309,9.019636,0.512009
4558309,8.960436,0.5142718
4559311,9.443824,0.5498206
4560310,9.8141165,0.5727764
4561310,9.105974,0.45315257
4562310,9.428019,0.53578454
4563310,9.5943365,0.4921701
4564310,9.171456,0.5900148
4565309,9.258154,0.59218884
4566310,9.494127,0.5158363
4567310,8.4288225,0.5496338
4568310,8.26888,0.64518654
4569310,8.262642,0.50662136
4570311,8.853743,0.54934573
4571310,8.880112,0.5228585
4572310,8.640518,0.56521297
4573312,9.427925,0.5188894
4574312,9.290204,0.5828186
4575311,9.0886135,0.5240354
4576310,9.209653,0.53290546
4577310,8.720728,0.55313087
4578310,8.806884,0.48019427
4579310,9.050697,0.5149975
4580311,8.489227,0.6608362
4581310,8.749772,0.6059582
4582311,9.044077,0.5791361
4583310,8.554712,0.5606996
4584310,8.549639,0.52521133
4585310,9.078291,0.5215589
4586309,9.40197,0.6301118
4587310,9.983175,0.5134413
4588310,9.743017,0.50219446
4589311,9.616586,0.52891535
4590310,8.50051,0.5315668
4591310,8.436985,0.57599145
4592310,7.8440533,0.58579206
4593311,8.75664,0.5367267
4594310,8.153911,0.56623316
4595310,8.92407,0.5566226
4596310,8.190171,0.58419055
4597310,8.5894785,0.5080416
4598311,9.379938,0.511631
4599309,8.955731,0.54366356
4600311,9.340917,0.50949883
4601310,8.852567,0.5655243
4602310,8.417777,0.55023044
4603310,8.108878,0.57627106
4604310,8.085765,0.5087755
4605311,8.022366,0.6094163
4606309,9.574427,0.5142623
4607309,9.277149,0.5484343
4608310,9.563987,0.53317213
4609310,8.824353,0.50768167
4610310,8.765229,0.56430316
4611310,8.466212,0.5879636
4612310,9.034653,0.59027475
4613310,8.268311,0.5362824
4614310,8.265821,0.5865074
4615310,8.754454,0.5299224
4616310,8.371914,0.5540415
4617310,8.207759,0.5670547
4618309,8.565297,0.5272301
4619311,8.604325,0.5683356
4620310,8.296562,0.56803954
4621310,8.361729,0.5756641
4622311,8.437505,0.5823288
4623310,9.384952,0.56985366
4624310,8.830677,0.67292523
4625310,8.782409,0.48524573
4626311,8.140864,0.6074873
4627309,8.770896,0.6395077
4628310,8.386855,0.5969967
4629311,8.370567,0.59918267
4630309,8.870364,0.5551463
4631310,8.598232,0.5235912
4632310,8.567661,0.5554955
4633310,8.193946,0.5248732
4634310,9.466178,0.47173858
4635311,8.37592,0.6948596
4636310,8.879793,0.5216697
4637310,9.175353,0.5586157
4638310,8.439849,0.54398656
4639310,8.26655,0.5760429
4640310,9.238903,0.51563835
4641310,8.624084,0.58348477
4642309,8.682392,0.55059063
4643310,9.440136,0.58117926
4644310,8.660306,0.5454066
4645310,8.996977,0.5446094
4646310,8.132586,0.53622824
4647310,8.161949,0.5555534
4648309,7.9127474,0.6696275
4649310,8.962079,0.48630655
4650310,8.231873,0.5514493
4651310,8.037489,0.5962165
4652310,8.546804,0.5383994
4653310,8.746142,0.5511555
4654310,8.29351,0.558406
4655310,9.113726,0.5856843
4656310,9.230043,0.54604053
4657310,8.80186,0.6340839
4658310,8.259342,0.59993017
4659310,7.7326455,0.65932524
4660309,8.102109,0.5348579
4661309,7.0347557,0.59233874
4662313,7.4107513,0.57835734
4663309,7.9651856,0.63183236
4664310,8.368146,0.6566416
4665309,8.373576,0.60982025
4666310,7.5069027,0.60048246
4667312,7.278261,0.6378854
4668310,7.569968,0.5705456
4669310,6.9103003,0.58733165
4670310,7.0902295,0.5542514
4671311,7.8260174,0.60907143
4672310,7.7700877,0.6449389
4673310,7.5483437,0.5912451
4674310,7.8711567,0.64065105
4675310,7.5010633,0.6346997
4676310,7.3771033,0.60731256
4677310,7.688291,0.5335683
4678310,7.9141607,0.5953244
4679310,7.7261305,0.60248846
4680309,7.728438,0.60692376
4681310,8.223029,0.61667246
4682310,8.420157,0.491449
4683310,8.338934,0.65995574
4684310,8.642587,0.5775449
4685310,8.180105,0.55501467
4686311,7.933476,0.5907292
4687311,8.53281,0.5530695
4688310,7.6452813,0.5952024
4689310,7.885798,0.5865002
4690310,8.61335,0.5396931
4691310,8.50645,0.56621504
4692310,8.73733,0.60530454
4693310,7.8788366,0.6165803
4694310,7.09943,0.67419845
4695310,6.7436504,0.6068742
4696310,6.7433376,0.58839583
4697311,6.5358915,0.6252637
4698309,7.2788153,0.6399848
4699310,7.4410496,0.61832374
4700310,7.4107056,0.640291
4701310,7.1626234,0.6090662
4702310,6.902024,0.66735464
4703310,7.2320395,0.67590797
4704310,7.851934,0.59988123
4705309,7.9231615,0.66708726
4706310,7.832056,0.6180624
4707310,7.7747517,0.57482857
4708310,7.553765,0.68597096
4709310,7.604559,0.5699078
4710311,7.0621076,0.6011966
4711309,7.554356,0.6141969
4712311,7.16886,0.61547196
4713310,7.0444818,0.5912665
4714310,7.4017158,0.63571894
4715310,8.124017,0.57914793
4716310,8.200184,0.5357792
4717310,8.054543,0.6224629
4718310,7.5873747,0.6758025
4719310,7.833999,0.57449716
4720310,7.6403794,0.5708991
4721310,7.4291778,0.58312386
4722310,6.913369,0.56901914
4723310,7.3852406,0.58750266
4724310,7.1669145,0.60467726
4725310,7.139019,0.6326028
4726310,7.46322,0.5434359
4727310,7.756104,0.64396256
4728310,7.6055317,0.6403784
4729310,8.302252,0.62780917
4730310,7.884866,0.58373183
4731311,8.414911,0.49572203
4732310,8.786154,0.5680225
4733310,8.462611,0.5917249
4734309,8.045273,0.5695762
4735309,8.190336,0.5883576
4736309,7.6278086,0.4915612
4737309,8.084543,0.5884644
4738310,6.762802,0.69537795
4739311,7.3766932,0.55400896
4740311,7.7883253,0.53050333
4741310,7.851764,0.5642913
4742310,8.162953,0.5972454
4743310,8.606786,0.6183885
4744311,8.169649,0.5397937
4745309,7.4041986,0.60059595
4746310,8.440478,0.55277
4747310,8.326712,0.52449477
4748311,8.790748,0.5980188
4749311,9.040043,0.53923404
4750310,8.645815,0.5694198
4751311,7.5239263,0.5425518
4752310,7.348932,0.5740074
4753310,7.3417606,0.6095776
4754309,7.6267924,0.6245416
4755310,8.558112,0.534328
4756310,8.254954,0.597405
4757310,8.343541,0.5466191
4758309,8.229236,0.5431485
4759310,8.145968,0.5947938
4760311,7.548991,0.5180631
4761310,8.223742,0.60482883
4762310,7.8217072,0.6351406
4763310,7.92904,0.613256
4764309,7.9523335,0.57525146
4765309,8.612642,0.55459315
4766309,8.434082,0.54337364
4767310,8.260662,0.6177554
4768310,9.088334,0.49387065
4769310,8.465071,0.5316129
4770310,8.856122,0.5417724
4771311,9.202509,0.5955693
4772310,8.995068,0.6258303
4773310,8.166306,0.52714986
4774310,8.560049,0.603052
4775310,8.158754,0.60987985
4776310,8.403188,0.64131343
4777310,8.320235,0.5752405
4778310,8.089022,0.55335766
4779310,8.809954,0.59034127
4780310,8.526173,0.57826865
4781309,8.318547,0.58599484
4782309,8.2868,0.56238383
4783311,8.04781,0.60983247
4784309,8.042885,0.56201863
4785310,7.5940986,0.60955346
4786310,7.265228,0.59457093
4787309,8.152284,0.6212847
4788310,9.217022,0.59942746
4789310,8.573894,0.5244119
4790310,8.13631,0.6080227
4791310,8.039963,0.63548464
4792309,8.134065,0.58659214
4793310,7.983366,0.5956788
4794312,8.3843775,0.60234284
4795310,9.2217045,0.5356297
4796310,8.858587,0.5438724
4797310,8.529887,0.5586374
4798311,8.598344,0.64220506
4799310,8.309519,0.5611162
4800310,8.947426,0.6113369
4801310,9.122516,0.6100565
4802310,9.072761,0.62458587
4803309,8.432789,0.5111382
4804310,8.182093,0.5287582
4805310,8.670851,0.513691
4806310,7.954267,0.67755693
4807310,8.315015,0.61722815
4808310,8.256697,0.53740203
4809310,8.743277,0.58970934
4810310,8.265163,0.5964178
4811310,8.560746,0.54445684
4812309,8.158208,0.53238916
4813310,8.517471,0.6419643
4814311,7.9883504,0.5998908
4815310,8.975285,0.5359454
4816310,8.485737,0.52654934
4817310,8.513876,0.49195984
4818310,8.646645,0.572389
4819310,7.920382,0.56065464
4820309,8.022332,0.57659304
4821309,7.6482,0.5234898
4822310,7.8828983,0.5540671
4823310,7.641836,0.6797481
4824310,7.6030293,0.5748822
4825310,7.6474943,0.48112783
4826313,7.9392023,0.51685935
4827310,8.304509,0.5406405
4828310,8.107259,0.56251985
4829311,8.765539,0.57866555
4830310,8.8159485,0.536753
4831310,8.633124,0.619407
4832309,8.548662,0.54821867
4833309,8.256162,0.5514462
4834311,8.085389,0.59014785
4835309,7.9075093,0.49612162
4836309,8.048382,0.56347245
4837310,8.935583,0.54739225
4838310,8.865534,0.49308196
4839310,9.545868,0.5290267
4840310,9.028888,0.51990014
4841310,8.265742,0.56111854
4842310,8.416714,0.59982854
4843311,9.052343,0.5747048
4844309,8.557984,0.5267068
4845310,8.936278,0.63352513
4846310,8.668577,0.536626
4847310,8.0121155,0.5281385
4848310,8.632858,0.59031314
4849311,8.821007,0.6046814
4850311,8.591403,0.58635646
4851310,8.800795,0.50891125
4852310,8.886303,0.57852685
4853311,8.501656,0.66193104
4854310,8.600525,0.56925136
4855312,8.690769,0.5337083
4856310,8.746742,0.5899818
4857311,9.824003,0.5035795
4858310,8.963274,0.5726999
4859311,8.999697,0.5558917
4860310,8.147703,0.5379623
4861310,8.302174,0.52524966
4862311,7.613887,0.61747736
4863310,6.706496,0.5822079
4864310,6.7644153,0.60936993
4865310,6.758975,0.64907396
4866310,7.5380216,0.6141771
4867310,7.94486,0.6386464
4868310,8.192813,0.4851685
4869310,7.995425,0.5491237
4870310,7.668919,0.5475313
4871310,6.916442,0.56489843
4872310,7.1188493,0.586441
4873309,7.6409764,0.53425664
4874310,8.275863,0.55819565
4875310,8.918661,0.5337972
4876310,8.585201,0.62830925
4877311,8.887958,0.5152077
4878311,9.206711,0.5765768
4879310,8.693519,0.5746887
4880310,8.041889,0.61078006
4881310,7.8663416,0.67393166
4882311,7.8725224,0.52750826
4883309,7.680406,0.607819
4884310,7.6257644,0.6081515
4885310,8.349133,0.5564976
4886310,8.414762,0.63404816
4887310,7.975007,0.6653383
4888309,8.528822,0.5344789
4889310,8.01615,0.5433451
4890309,7.6926007,0.5719625
4891310,7.80818,0.55254275
4892310,8.10413,0.6126735
4893310,7.6477585,0.5041038
4894310,7.77894,0.5774083
4895310,7.817237,0.5484251
4896310,7.616727,0.60649526
4897309,7.392231,0.5868651
4898310,7.525958,0.6634112
4899309,8.144844,0.49129573
4900310,7.4477496,0.5721616
4901310,6.9991875,0.5942958
4902310,7.1169386,0.5923177
4903310,7.180003,0.6610247
4904310,6.800317,0.609117
4905312,7.3763394,0.6092934
4906311,7.1200986,0.6313897
4907311,6.6752477,0.63161874
4908309,6.807158,0.56359327
4909309,7.0749187,0.56836027
4910310,6.6690235,0.6360224
4911310,6.4359794,0.6516982
4912310,7.2654576,0.5849769
4913310,6.6852446,0.61095524
4914310,6.1307974,0.5923765
4915310,6.2286453,0.6365357
4916310,5.952231,0.68450403
4917310,6.002647,0.64019614
4918310,6.2939644,0.70506805
4919310,6.8748736,0.6328893
4920310,6.88019,0.58067083
4921311,6.7396245,0.62429124
4922310,6.930019,0.64291155
4923310,6.6986446,0.6065844
4924311,6.243283,0.6546927
4925312,6.3517923,0.6127844
4926311,6.153089,0.6148093
4927311,5.7239213,0.6480408
4928310,5.8565683,0.6655647
4929310,5.820736,0.63299674
4930310,5.6607227,0.64917254
4931310,5.9813247,0.61334574
4932310,6.030464,0.667183
4933310,6.2236385,0.64354265
4934310,7.086564,0.62066597
4935310,7.022631,0.6189826
4936310,6.5412416,0.6699767
4937309,5.991919,0.72509336
4938310,5.8805637,0.61846024
4939310,6.0620227,0.62478566
4940310,6.475032,0.6489585
4941310,6.3827686,0.60271746
4942309,5.761972,0.67918175
4943311,6.5716553,0.67011976
4944310,6.6744313,0.62468493
4945311,6.991511,0.6325809
4946312,6.776681,0.6563366
4947310,7.2568502,0.60606337
4948311,6.677739,0.71544653
4949310,7.046473,0.6037875
4950312,7.031081,0.6328969
4951309,6.771031,0.66198134
4952310,6.6933584,0.550299
4953310,7.0295186,0.6420978
4954310,7.0533175,0.60894734
4955310,7.6445956,0.5754851
4956310,7.6313934,0.6535189
4957311,8.122873,0.5366512
4958310,8.214927,0.5926972
4959311,7.7246256,0.5539153
4960310,7.8770437,0.60470223
4961310,7.3290763,0.6129903
4962310,7.1513524,0.59098196
4963310,7.0963683,0.6146085
4964310,7.5254793,0.6658044
4965310,7.447531,0.5845659
4966311,8.338301,0.53313327
4967310,8.392863,0.5178134
4968310,8.321764,0.53741586
4969310,8.248863,0.60086596
4970311,8.1007,0.5929955
4971310,7.5913568,0.5902288
4972310,7.7427955,0.57554096
4973311,7.26556,0.57755053
4974310,8.263045,0.61576986
4975310,7.864532,0.64670324
4976310,7.9400606,0.5798318
4977310,8.117062,0.6078447
4978310,7.4712586,0.54383236
4979309,7.7442656,0.59851116
4980310,8.015673,0.61476874
4981309,7.791531,0.57178223
4982310,8.198568,0.5766249
4983310,8.466395,0.6079989
4984310,8.854843,0.54609734
4985310,8.552851,0.6461413
4986310,8.221201,0.51488006
4987310,8.786269,0.53975254
4988310,8.767702,0.59686613
4989310,8.064258,0.6353107
4990311,7.558668,0.5356961
4991310,7.8796973,0.5874022
4992310,8.022635,0.5814809
4993311,8.777716,0.5147585
4994310,9.115647,0.5107552
4995311,9.145879,0.49639565
4996310,8.807619,0.54309165
4997310,8.728498,0.542856
4998310,7.880784,0.54149514
4999310,8.023986,0.56761944
5000310,7.3688817,0.6093807
5001310,8.109647,0.5787885
5002309,7.8285503,0.50992954
5003310,7.8482833,0.5707795
5004310,8.078358,0.5055891
5005310,8.601658,0.56179345
5006310,8.172445,0.5950314
5007310,8.365935,0.5054317
5008310,8.513912,0.55221677
5009310,7.9509397,0.5623827
5010310,7.9651413,0.601096
5011310,8.003051,0.5397797
5012310,6.887395,0.5837423
5013311,7.010395,0.60060674
5014310,7.364156,0.61022055
5015310,7.684849,0.5341798
5016310,7.466634,0.60363907
5017311,8.321408,0.5933315
5018310,7.9351826,0.6023467
5019310,7.4670806,0.6205135
5020310,7.3365254,0.59046805
5021310,7.4094605,0.59085256
5022309,7.5263963,0.61701155
5023309,8.022907,0.5938156
5024310,7.469971,0.6088761
5025311,7.916992,0.6007137
5026310,8.216948,0.59467745
5027310,7.776212,0.5403056
5028309,7.5258336,0.60480094
5029310,8.71822,0.5308744
5030311,8.765884,0.5930926
5031310,7.821014,0.6323253
5032311,8.317618,0.65703136
5033309,8.536581,0.5730027
5034310,7.7190337,0.5372813
5035310,7.6321096,0.5654858
5036310,8.537041,0.600177
5037310,7.8809996,0.56640774
5038310,9.003057,0.53936213
5039310,8.554302,0.5194529
5040310,8.525488,0.5926172
5041310,7.712252,0.5553041
5042309,7.752944,0.6201681
5043310,7.2973895,0.6841433
5044310,7.6395526,0.55397063
5045311,7.968361,0.5528362
5046310,8.343515,0.61971104
5047310,8.625004,0.54743755
5048310,8.817435,0.5243724
5049310,7.953366,0.5519861
5050310,8.156114,0.55810404
5051310,8.350045,0.61101097
5052310,8.435077,0.5783347
5053310,7.8283596,0.5872246
5054310,8.214993,0.60208684
5055310,7.368267,0.66488594
5056310,6.630085,0.6153071
5057310,6.6745715,0.58723927
5058310,6.346101,0.64496607
5059309,6.279637,0.6458565
5060310,6.431694,0.6065677
5061310,6.874553,0.6279611
5062310,7.0500917,0.6163631
5063310,7.0828576,0.56753266
5064310,7.01432,0.6278638
5065310,7.4529023,0.60559994
5066310,7.4947624,0.63299507
5067310,7.0979214,0.65325135
5068310,7.018489,0.55168575
5069310,7.697488,0.57538617
5070311,7.636874,0.5144073
5071311,7.419866,0.5681976
5072310,7.4527807,0.59147364
5073309,7.1580505,0.6123152
5074309,6.722144,0.64724493
5075310,6.769932,0.5924953
5076310,6.784963,0.6208001
5077310,6.9192123,0.5451332
5078310,7.327774,0.6383658
5079309,6.66116,0.64161384
5080312,7.0858893,0.5367242
5081311,8.001443,0.55729747
5082309,7.998051,0.56045055
5083310,8.421673,0.55933326
5084310,7.9802103,0.65423816
5085310,8.289146,0.5654472
5086310,7.451381,0.5709687
5087310,8.539321,0.5225553
5088310,7.431835,0.6171947
5089310,8.647938,0.48312086
5090311,8.064493,0.5595243
5091311,7.997513,0.5804898
5092310,7.6388297,0.5643737
5093311,8.365466,0.5562132
5094310,8.318939,0.4956734
5095311,8.990857,0.50614995
5096311,9.062205,0.543659
5097310,9.06779,0.53738135
5098311,8.88739,0.52417123
5099310,8.591503,0.60134137
5100309,8.210028,0.6171967
5101310,8.66887,0.57992905
5102309,8.10454,0.6216547
5103310,8.1302595,0.5488
5104311,8.119282,0.53045374
5105310,7.4085736,0.5360133
5106311,7.8403816,0.5641492
5107309,7.479469,0.58364856
5108310,7.189376,0.59601396
5109310,8.202204,0.58013976
5110312,7.867616,0.5633423
5111310,8.087003,0.57059526
5112310,8.238395,0.5907541
5113309,8.439166,0.59441245
5114310,7.7466583,0.60668755
5115310,8.634802,0.49577147
5116310,8.791456,0.5559665
5117310,8.402652,0.54065204
5118311,8.010812,0.5815189
5119310,7.7009974,0.54845905
5120309,7.3461404,0.63388956
5121309,7.8809724,0.6761918
5122310,8.183165,0.63950014
5123310,7.9450607,0.6730638
5124311,8.613352,0.56444854
5125311,8.543204,0.5080043
5126309,8.208221,0.51959735
5127310,8.504001,0.56865215
5128310,8.496243,0.5290913
5129310,8.204459,0.5935194
5130309,8.24317,0.5827647
5131309,7.899124,0.55635065
5132310,8.684508,0.5803535
5133310,8.405819,0.59963864
5134310,8.738055,0.5095448
5135310,7.9281497,0.6729049
5136310,8.03233,0.5386405
5137313,7.8363585,0.5952764
5138310,7.579516,0.5679612
5139309,8.473693,0.60508406
5140311,7.7568927,0.6397921
5141310,8.158044,0.5800064
5142310,8.581027,0.5508853
5143309,8.172326,0.54355055
5144309,9.036113,0.5326701
5145310,8.673805,0.5603509
5146310,8.567739,0.60033226
5147309,8.096539,0.5083885
5148312,7.9506536,0.61553115
5149310,7.9732385,0.61390966
5150310,8.485801,0.55761003
5151309,8.167844,0.535638
5152311,8.246042,0.6443109
5153310,8.167949,0.61221
5154309,7.965263,0.587268
5155310,8.034647,0.5543481
5156310,7.861496,0.63521844
5157310,7.334955,0.5724373
5158311,7.9568577,0.5631975
5159310,7.551579,0.60598826
5160310,7.183484,0.63221157
5161309,8.0491905,0.6164633
5162310,8.013139,0.5655842
5163310,8.441825,0.6357853
5164309,7.8282495,0.53631
5165310,8.079776,0.5100548
5166310,7.810311,0.5219617
5167310,7.4858446,0.5658691
5168310,7.342453,0.5317718
5169310,7.1339693,0.58773834
5170310,7.4706254,0.5351723
5171310,7.2999682,0.57273686
5172310,7.669019,0.6643399
5173310,7.0795603,0.6107811
5174310,7.696553,0.63346016
5175310,8.032922,0.5998168
5176310,7.4916873,0.574456
5177310,7.3634973,0.582369
5178310,7.6058187,0.57316375
5179310,8.081461,0.67329603
5180310,8.133903,0.56470585
5181309,8.609297,0.5313255
5182310,8.220872,0.6366822
5183311,7.710455,0.56538904
5184309,7.9996915,0.57669693
5185310,7.299799,0.57132185
5186310,7.881614,0.59702015
5187310,7.8138294,0.628906
5188310,8.112316,0.56259024
5189310,8.116597,0.6034758
5190310,8.490807,0.60473144
5191310,8.543504,0.61566514
5192310,8.27609,0.5729446
5193311,7.985643,0.52476776
5194309,8.043569,0.5260248
5195310,7.5203457,0.6175405
5196312,7.86385,0.61080927
5197310,7.6675305,0.5000811
5198310,8.366694,0.55479676
5199310,8.73767,0.63480735
5200311,8.745877,0.5844476
5201311,8.2067175,0.66237795
5202310,8.510832,0.6115622
5203310,8.290996,0.5873016
5204310,8.725148,0.65433455
5205309,8.386618,0.5334122
5206310,7.4649177,0.71598935
5207310,7.4531345,0.67320204
5208311,7.3893275,0.62787193
5209309,6.852007,0.6004781
5210310,6.956268,0.57969904
5211310,8.117144,0.6335931
5212310,6.9290185,0.64462554
5213310,6.9567184,0.602663
5214310,7.0103803,0.6350457
5215310,7.3536034,0.56691515
5216310,6.8329096,0.7051894
5217310,7.5518775,0.58873963
5218310,7.6908646,0.60521114
5219310,7.3692493,0.63384384
5220310,6.8339243,0.6351079
5221311,7.07229,0.5740598
5222310,6.885078,0.62571585
5223309,7.1370425,0.6433
5224310,7.517713,0.5585245
5225309,7.8909273,0.5448732
5226310,8.23774,0.6807936
5227310,8.381578,0.58783454
5228310,7.8274984,0.5680099
5229311,7.6691685,0.5004593
5230310,7.6280246,0.62954926
5231310,7.707808,0.60497785
5232310,7.4997272,0.596411
5233310,7.852966,0.64556426
5234311,8.008339,0.6431008
5235312,7.935276,0.57373595
5236310,7.559921,0.5750401
5237310,7.6660666,0.6430703
5238310,7.1636953,0.5583811
5239310,7.574212,0.6091115
5240309,7.621752,0.6297059
5241310,7.0624113,0.6113816
5242310,7.4429426,0.60007733
5243309,7.756361,0.56490237
5244311,7.780144,0.6249141
5245309,8.120694,0.5974362
5246310,7.941899,0.7065682
5247309,7.5091925,0.6302553
5248310,7.6546397,0.55564964
5249310,7.4358773,0.6695828
5250310,7.2572756,0.6446519
5251309,7.7605357,0.54837096
5252310,7.8104095,0.65054744
5253310,7.670066,0.55816233
5254310,7.143545,0.5598207
5255310,7.9686146,0.5987105
5256310,7.9575944,0.6274791
5257310,7.6962733,0.541032
5258310,7.5130806,0.55727965
5259310,7.1422853,0.665241
5260310,7.767742,0.60124403
5261310,7.3076706,0.63753635
5262310,7.0901785,0.6409466
5263310,7.572796,0.5349222
5264310,7.991264,0.5879122
5265313,7.350479,0.558698
5266310,7.7502775,0.5647115
5267311,8.370525,0.5577509
5268310,8.421649,0.5761007
5269310,8.64601,0.534857
5270310,8.891215,0.5328856
5271311,8.416365,0.5663252
5272310,7.4761596,0.53066206
5273310,7.595689,0.61866003
5274309,7.7426734,0.60847706
5275311,7.934717,0.57565767
5276310,8.090303,0.6130796
5277311,8.231622,0.55621886
5278310,8.07639,0.54405946
5279309,7.329948,0.6182202
5280310,7.429243,0.58188355
5281310,7.66201,0.61580664
5282310,7.428174,0.51999766
5283311,8.221227,0.5403545
5284310,8.633676,0.5576949
5285310,7.7536545,0.60647887
5286310,7.5990458,0.6096265
5287310,7.8902283,0.52847964
5288310,7.3005853,0.6071462
5289311,6.960031,0.6012786
5290310,6.899394,0.5983708
5291310,6.9872956,0.5532214
5292310,7.414915,0.6066048
5293310,7.6631866,0.62118316
5294310,7.88771,0.59659296
5295310,7.7852325,0.6255628
5296310,7.6027036,0.55405295
5297311,7.0862627,0.58775735
5298311,7.7606106,0.64349824
5299310,7.020472,0.55654424
5300310,6.8525877,0.5457741
5301311,6.9664125,0.6107075
5302310,6.6975975,0.6894138
5303310,6.5141864,0.5966367
5304310,6.24316,0.57672954
5305310,6.610114,0.5896425
5306311,6.5076795,0.6303199
5307309,5.646815,0.7184462
5308309,5.844906,0.58510387
5309309,5.8161926,0.63610685
5310310,5.789346,0.6376105
5311311,6.4499726,0.6283897
5312310,6.6020446,0.6661574
5313311,6.265313,0.68131554
5314310,6.6045413,0.62984043
5315310,6.9140153,0.5951435
5316310,6.7998366,0.67609656
5317309,6.8491583,0.626714
5318310,6.914985,0.62045264
5319310,6.4228888,0.6456689
5320310,6.055593,0.6489906
5321310,5.8339868,0.63182396
5322309,6.2647343,0.67430204
5323310,6.4965773,0.6381365
5324310,6.210854,0.6575938
5325310,6.122565,0.6600416
5326310,5.9344096,0.55735624
5327310,6.007722,0.67377716
5328310,5.7610364,0.6742353
5329310,6.0346932,0.68332815
5330311,6.214838,0.5545041
5331310,6.1159816,0.61762005
5332311,6.095508,0.56778693
5333311,6.179503,0.6121383
5334310,6.0196986,0.73027706
5335310,5.736529,0.5895622
5336310,6.2186403,0.60089624
5337310,6.41222,0.6736459
5338310,6.042202,0.6858164
5339311,5.9717026,0.6842569
5340309,6.13555,0.64729553
5341310,6.222549,0.67720234
5342310,6.829517,0.5923797
5343310,7.538749,0.619071
5344310,8.018707,0.5545309
5345310,8.377284,0.63835514
5346310,7.8702593,0.5439136
5347310,7.7226853,0.60204273
5348310,8.269025,0.6193613
5349310,7.920122,0.58494365
5350310,7.91012,0.602474
5351310,8.396418,0.5985426
5352310,8.097693,0.50684303
5353310,8.501536,0.6000223
5354310,8.474018,0.5787972
5355310,8.117643,0.6048004
5356310,8.149977,0.5392169
5357310,8.334895,0.5875321
5358310,7.903164,0.566347
5359311,7.2618885,0.67265123
5360310,7.6731625,0.58628756
5361310,6.9977407,0.60423416
5362309,7.212975,0.61428654
5363310,7.3899918,0.5930086
5364310,7.416613,0.6452355
5365309,7.5191674,0.62106776
5366310,7.8327045,0.61853147
5367310,8.279492,0.6486894
5368310,8.08033,0.59643155
5369310,8.4943,0.5280756
5370310,8.081776,0.60564536
5371311,7.2343616,0.63359964
5372311,7.297128,0.6596056
5373310,7.7945085,0.5477208
5374309,7.4087167,0.6205426
5375311,7.311536,0.68198425
5376310,7.5915422,0.606814
5377310,7.1695075,0.5938364
5378310,7.532208,0.55091316
5379310,7.44207,0.6124471
5380310,8.165356,0.5241843
5381309,7.3954773,0.5683318
5382310,7.386267,0.56883687
5383310,7.518677,0.5949136
5384310,7.9802737,0.642586
5385310,7.715346,0.58511144
5386310,7.9713726,0.51544666
5387310,8.397992,0.53269684
5388311,8.045714,0.56539947
5389310,7.6333566,0.5884238
5390310,7.4989686,0.58965355
5391311,8.041331,0.5016122
5392311,8.522611,0.63121706
5393310,8.3150215,0.5698732
5394310,8.211763,0.4897009
5395310,8.293144,0.5473975
5396310,8.062148,0.60684854
5397315,7.728898,0.59834564
5398309,8.12796,0.59346056
5399311,8.01588,0.5627103
5400310,7.9484334,0.5600437
5401312,8.368749,0.49772286
5402311,7.7588854,0.5782825
5403310,7.3526645,0.56194955
5404310,7.2492123,0.56202674
5405310,7.6745906,0.5700022
5406309,7.4790597,0.5831555
5407310,7.712087,0.5633634
5408310,8.296749,0.55035
5409310,8.217181,0.56270486
5410310,7.9321036,0.57491297
5411310,7.945464,0.58982974
5412310,7.8484,0.5399554
5413310,7.7161016,0.61623806
5414310,8.122189,0.57599807
5415310,7.752069,0.5665882
5416310,7.4112396,0.58939904
5417310,7.916701,0.61446506
5418309,7.9787426,0.60027426
5419310,8.195415,0.6234338
5420310,8.25205,0.5382376
5421310,7.857177,0.60285485
5422310,8.192539,0.6403035
5423312,8.532785,0.5951006
5424311,8.388671,0.54941237
5425310,8.163219,0.5182843
5426310,8.446146,0.6257317
5427310,8.924273,0.534401
5428310,8.628517,0.5872616
5429310,8.433442,0.5375908
5430311,8.589244,0.5617024
5431310,7.9873466,0.5793822
5432310,7.5128016,0.61519414
5433310,7.458241,0.6732257
5434310,7.754052,0.56442374
5435310,8.3043165,0.52489454
5436310,8.192229,0.6471492
5437310,8.251811,0.586919
5438310,8.029821,0.5431815
5439310,8.222704,0.54693043
5440311,7.2252383,0.5740556
5441310,6.819593,0.6261767
5442310,7.480771,0.54219717
5443310,7.326951,0.5722911
5444310,7.6569567,0.5548101
5445309,8.048966,0.51720387
5446310,8.216933,0.5808861
5447309,7.842324,0.60088784
5448310,8.646164,0.57449406
5449310,8.733729,0.5898438
5450310,8.252793,0.5905762
5451310,7.9103737,0.5602515
5452310,7.655937,0.57878494
5453310,8.297214,0.5363609
5454309,7.7542534,0.65522987
5455310,7.911528,0.5988201
5456309,7.4636245,0.62290627
5457310,7.7011075,0.5940948
5458309,7.064531,0.67060715
5459312,7.2019935,0.67650735
5460310,6.7744308,0.6393105
5461310,7.1689925,0.60570216
5462310,6.4318767,0.6125523
5463309,6.6126204,0.64885
5464310,6.7027855,0.67227614
5465311,6.815317,0.59091675
5466310,7.1898565,0.6218715
5467310,7.408511,0.6091593
5468310,7.058934,0.6168689
5469310,7.186639,0.5984846
5470310,7.294675,0.5690529
5471310,7.0835104,0.56983155
5472310,6.726203,0.61965466
5473310,6.743819,0.57877016
5474311,6.4838986,0.6442421
5475310,6.7540946,0.60573643
5476310,6.7201138,0.6593332
5477310,6.969648,0.55543965
5478310,7.946479,0.53586245
5479310,7.8347464,0.56093603
5480310,7.757906,0.610852
5481310,7.3940916,0.53352886
5482310,7.4219723,0.6398084
5483309,6.97213,0.61617637
5484309,7.024171,0.6092914
5485310,7.139444,0.6140702
5486309,8.093339,0.5952185
5487309,8.075976,0.53501564
5488310,7.9806786,0.51024723
5489312,7.3983383,0.6582924
5490310,6.787221,0.5887649
5491310,7.227861,0.6217244
5492310,6.8988643,0.6148722
5493309,7.2771587,0.6362884
5494309,7.134027,0.6598125
5495310,6.629004,0.5674144
5496310,6.37913,0.5823422
5497309,6.7516904,0.5445804
5498310,6.5621924,0.59686977
5499310,6.813488,0.6465658
5500310,7.1695957,0.61136526
5501309,7.1768775,0.6742257
5502310,7.15253,0.6792157
5503310,7.4630904,0.6172593
5504310,8.073277,0.573087
5505310,8.282973,0.6026722
5506309,8.489291,0.56673265
5507312,8.373637,0.52705026
5508310,8.103407,0.52768165
5509310,7.6932077,0.62350947
5510311,7.628335,0.6106664
5511310,7.7079134,0.5909782
5512311,7.941246,0.59193593
5513310,8.301248,0.5631111
5514310,8.192252,0.57793117
5515310,7.7743216,0.58798367
5516311,7.323907,0.6391495
5517311,7.39361,0.5745516
5518310,8.047396,0.5299328
5519310,7.281975,0.6463112
5520312,7.5349293,0.55657727
5521310,7.6204934,0.5862939
5522310,7.3652067,0.59457004
5523311,7.0977783,0.5957443
5524310,7.1767073,0.6628332
5525310,6.7532077,0.7234995
5526311,7.466356,0.6294646
5527310,7.708931,0.5514514
5528310,7.849459,0.6114697
5529310,7.800893,0.6350437
5530309,7.648741,0.6092931
5531311,6.5243526,0.5945241
5532310,6.8858953,0.5858217
5533311,7.435767,0.6191119
5534311,8.230178,0.55862457
5535310,7.4077096,0.6104647
5536310,7.9282093,0.5998772
5537311,7.7207937,0.64256954
5538313,7.1065164,0.642555
5539309,7.328907,0.57242596
5540311,7.625456,0.55726534
5541310,7.647037,0.5856238
5542310,7.405313,0.5736708
5543310,7.67953,0.6061872
5544311,8.123448,0.582389
5545309,7.7893558,0.5788073
5546310,7.957201,0.5838919
5547310,8.220964,0.639729
5548310,7.580181,0.61251056
5549309,7.809356,0.61958337
5550310,6.7951226,0.5979025
5551310,7.7156296,0.6006314
5552310,7.0843043,0.6490522
5553310,6.9308143,0.5889833
5554310,6.9923034,0.6203232
5555310,6.7028546,0.64221513
5556310,6.659257,0.6144896
5557309,7.10557,0.57059157
5558311,6.4580655,0.6825818
5559310,6.772803,0.58279526
5560311,7.0307255,0.5667977
5561310,6.946488,0.60520995
5562310,7.155975,0.6039842
5563311,7.5023317,0.6309231
5564309,7.1985607,0.6505834
5565309,7.2015185,0.6468201
5566310,7.8475323,0.62039095
5567310,7.8557286,0.607225
5568310,7.5910687,0.55117005
5569311,7.8374257,0.6253893
5570310,7.8960896,0.5584118
5571310,7.8106914,0.5546465
5572310,8.060953,0.56313705
5573310,8.015815,0.60539496
5574311,7.8883185,0.541925
5575310,8.120081,0.56605834
5576310,8.247522,0.52350134
5577310,7.665354,0.5612537
5578310,6.7389054,0.60898757
5579310,7.182107,0.6582454
5580311,7.2010274,0.5935543
5581310,7.360725,0.59472203
5582310,7.0662766,0.6371488
5583310,8.152133,0.5197479
5584310,7.747461,0.6031418
5585309,8.025741,0.55528814
5586310,8.062023,0.6761986
5587310,8.20485,0.48022783
5588311,7.990579,0.6077925
5589310,8.364907,0.56779855
5590310,7.4052505,0.60994476
5591310,7.3653774,0.61374915
5592311,7.659127,0.6365145
5593310,7.676232,0.66144156
5594310,7.7720737,0.51598066
5595310,7.6939607,0.6277422
5596310,7.886708,0.5048601
5597310,7.4531107,0.5906735
5598310,7.9142,0.5619543
5599309,7.199731,0.61779475
5600310,7.4217734,0.5772244
5601310,8.018212,0.5377811
5602309,7.5164766,0.6069805
5603309,8.504904,0.58124727
5604310,7.9555035,0.5760039
5605311,7.110731,0.58939815
5606310,7.640362,0.6194621
5607310,7.6564765,0.6626393
5608310,7.226087,0.62585
5609310,7.636722,0.57378995
5610310,8.166696,0.5886971
5611310,8.100647,0.51751804
5612310,8.051043,0.57885593
5613309,7.5683246,0.5737362
5614310,7.4768233,0.53948116
5615311,6.8920875,0.63501066
5616310,6.684517,0.55697584
5617310,7.2275853,0.6048042
5618310,7.8469,0.62438136
5619310,8.068209,0.5800325
5620309,7.3642187,0.5405046
5621310,7.715109,0.563286
5622310,7.6592746,0.54256535
5623310,7.756985,0.60081095
5624310,7.55441,0.6228486
5625311,7.6297045,0.6099332
5626310,7.4275084,0.60229576
5627310,7.761995,0.6432188
5628310,8.042803,0.54071385
5629310,7.781564,0.6156175
5630311,7.7805777,0.5502923
5631310,8.2730665,0.5830295
5632313,7.6710825,0.58869755
5633310,8.349153,0.573497
5634310,8.304709,0.63404995
5635310,8.734332,0.5632769
5636310,8.178913,0.605211
5637311,8.302678,0.50636953
5638318,7.8868895,0.5531933
5639310,8.237758,0.57921886
5640310,7.8487935,0.5501057
5641310,8.069376,0.59317434
5642310,7.6656413,0.61713624
5643310,7.6036944,0.6834364
5644310,7.4900575,0.5717481
5645310,7.69081,0.5885704
5646311,7.675583,0.5817595
5647310,8.200584,0.56097096
5648310,7.9002857,0.5619774
5649309,8.07042,0.60836333
5650310,7.0043006,0.61802197
5651310,7.726164,0.6215343
5652310,7.074407,0.5970813
5653310,7.7637663,0.6471195
5654310,8.254433,0.6308017
5655310,8.53928,0.57251495
5656310,8.063168,0.57207954
5657310,9.348611,0.6234738
5658311,8.802672,0.59850705
5659310,9.190434,0.52295345
5660310,8.063298,0.5276371
5661310,8.642966,0.5316337
5662310,8.32468,0.59835005
5663310,7.465585,0.52533484
5664311,7.646016,0.6627103
5665310,7.5378065,0.57213026
5666310,7.4765472,0.5650088
5667310,6.6522346,0.5843033
5668310,6.9337144,0.6152933
5669310,7.405416,0.6603909
5670311,7.586993,0.63186663
5671310,7.0589557,0.5638724
5672311,7.4944515,0.60251844
5673310,7.80737,0.5229482
5674309,7.2033195,0.6280225
5675311,7.8937244,0.57381505
5676310,7.603222,0.5872758
5677310,6.911652,0.588911
5678310,6.7041144,0.6481316
5679309,7.1215954,0.6215086
5680309,6.7546697,0.6435956
5681310,6.976461,0.70644826
5682311,7.091972,0.6347401
5683309,7.0735893,0.6011472
5684310,7.2012563,0.61447024
5685309,6.9665422,0.63093567
5686310,6.5952063,0.6235871
5687309,6.6426425,0.6359543
5688309,6.74124,0.6087444
5689310,6.871897,0.623324
5690310,7.0053754,0.5815774
5691310,7.158712,0.58561563
5692310,7.063786,0.6113025
5693310,6.88617,0.6453153
5694310,7.1857495,0.63532627
5695309,7.087564,0.5429725
5696309,7.283513,0.6891828
5697310,7.2054586,0.64047486
5698311,6.8957458,0.57831043
5699310,6.063385,0.66528183
5700310,6.860854,0.66885966
5701309,6.8298945,0.76146847
5702310,7.348588,0.6151
5703310,8.646209,0.54663134
5704310,8.828258,0.5233597
5705310,8.011169,0.5106379
5706310,8.035873,0.645958
5707311,7.5224633,0.6286018
5708310,7.0980186,0.62480116
5709309,7.13191,0.61311775
5710310,7.0985026,0.64037246
5711310,7.3408837,0.61209726
5712310,7.7749963,0.5948953
5713310,7.740528,0.5602444
5714310,7.731026,0.55847704
5715310,7.781304,0.61385614
5716310,8.304267,0.58942616
5717310,8.032664,0.5468996
5718310,7.853474,0.62141854
5719310,7.6496,0.6319184
5720310,7.625591,0.60442823
5721310,8.305945,0.5337595
5722310,7.1827564,0.6182566
5723310,7.8556366,0.569699
5724310,7.863544,0.58370024
5725310,7.4881077,0.6019991
5726310,7.44357,0.61167413
5727310,8.254761,0.5910285
5728310,7.8323693,0.57763386
5729311,7.49718,0.5756423
5730310,7.653763,0.5925608
5731310,7.197985,0.62981576
5732311,7.60643,0.5510072
5733309,7.0170155,0.5962504
5734310,7.206545,0.5860538
5735310,7.0732117,0.6018416
5736310,7.4193554,0.61268175
5737310,7.430517,0.634647
5738310,7.271683,0.5798048
5739309,7.2661695,0.65679973
5740310,7.3570056,0.5905071
5741310,7.2950096,0.6028051
5742310,7.3716927,0.5597531
5743310,8.118809,0.6007935
5744310,7.6488285,0.6492009
5745310,6.8140955,0.56940264
5746311,7.215987,0.5824963
5747309,6.5841713,0.61586
5748309,6.656849,0.54560643
5749310,7.267646,0.57970434
5750310,7.9682913,0.597902
5751314,7.443965,0.55669826
5752311,7.2967463,0.6623483
5753310,7.5155916,0.53430104
5754310,6.362518,0.6354957
5755310,6.624937,0.60935634
5756311,7.0954127,0.5919256
5757311,6.81683,0.58703
5758310,7.084197,0.63514346
5759310,7.362071,0.6230814
5760312,7.304891,0.69506437
5761310,7.2385283,0.57138824
5762310,6.7969146,0.593675
5763310,6.6104593,0.65970415
5764310,6.9631853,0.5651548
5765309,7.1330137,0.60365695
5766311,6.8460307,0.549731
5767310,7.089883,0.58916086
5768310,6.6261897,0.7888218
5769311,5.5460763,0.67170155
5770311,6.464569,0.5949748
5771311,6.5516167,0.7014337
5772310,6.4589453,0.60000205
5773310,6.6686454,0.59905875
5774310,5.9621115,0.6626598
5775310,6.382987,0.59802085
5776309,6.6768355,0.56397754
5777310,6.828084,0.68994254
5778310,6.910343,0.5785977
5779310,6.644849,0.6252351
5780310,6.500859,0.6096391
5781310,6.855954,0.60528743
5782309,6.712772,0.6107554
5783310,6.8035307,0.5956893
5784310,6.5164714,0.6232196
5785311,6.516602,0.6741621
5786310,6.64359,0.68872964
5787310,7.0100856,0.6059171
5788310,6.5261083,0.66458833
5789310,6.821771,0.64129215
5790309,6.7160506,0.59899753
5791310,7.29887,0.6041495
5792309,6.972584,0.60016716
5793310,7.874226,0.5701909
5794310,8.078824,0.6041653
5795310,7.1982594,0.59850585
5796310,7.6718297,0.55732816
5797310,7.945492,0.5952488
5798310,7.4738083,0.6635961
5799310,7.228594,0.58962756
5800310,6.873633,0.5795997
5801310,7.350101,0.59011817
5802312,7.7675385,0.56399363
5803310,7.021556,0.65134287
5804312,8.023263,0.5360388
5805310,8.322781,0.5438689
5806309,7.6846,0.59952873
5807310,7.972619,0.56432116
5808310,7.5929985,0.6475139
5809310,7.7260094,0.5177709
5810310,7.698457,0.6550764
5811310,8.36453,0.5588524
5812309,8.366935,0.60127556
5813310,8.2303,0.4977215
5814310,7.661359,0.57171196
5815310,7.866559,0.5852278
5816309,7.5317736,0.54414517
5817311,7.6510143,0.5825273
5818310,7.1061497,0.5673014
5819310,7.3822427,0.6465462
5820312,7.261901,0.55205023
5821310,6.430228,0.6179336
5822310,6.670344,0.5548827
5823310,6.9579287,0.5391298
5824310,6.780918,0.54601574
5825311,7.562731,0.6442686
5826310,7.4741774,0.5957769
5827310,6.665457,0.666224
5828310,6.5315967,0.6721331
5829310,6.6365333,0.6265638
5830310,6.6435246,0.65658957
5831310,7.206706,0.5974038
5832310,7.172684,0.53669006
5833309,7.5839186,0.6007815
5834310,7.8133802,0.57566565
5835309,7.2321854,0.5741955
5836311,7.306474,0.579427
5837310,6.8584924,0.6649404
5838310,7.3965893,0.62492967
5839311,7.3771114,0.60983497
5840309,7.382506,0.62505156
5841309,7.839188,0.6026219
5842309,7.6940994,0.59846973
5843310,7.4910164,0.5909473
5844310,7.221753,0.5925777
5845309,7.3263736,0.6272282
5846311,6.294292,0.67250115
5847311,6.456232,0.58320886
5848310,6.2093244,0.6288914
5849311,5.9979897,0.67792773
5850309,6.2924643,0.62441635
5851310,6.054624,0.7042581
5852310,6.335749,0.6618979
5853311,6.1931324,0.60462487
5854310,6.911273,0.65602887
5855311,7.2315598,0.6284493
5856310,7.3493085,0.62821627
5857310,6.8815413,0.6473919
5858310,8.174764,0.5239835
5859310,7.6856194,0.5936698
5860310,7.051662,0.5853685
5861310,7.3962607,0.65477645
5862311,6.8666916,0.5829819
5863310,7.2788463,0.63060397
5864310,7.204815,0.6079466
5865310,7.710161,0.58608145
5866310,7.4035974,0.53739
5867311,6.916858,0.6140501
5868311,6.4627976,0.59432
5869312,6.7138615,0.62501305
5870311,6.688179,0.67591363
5871310,6.6900625,0.6226733
5872310,7.1846914,0.5991496
5873309,6.9962683,0.6255902
5874310,7.10304,0.6499726
5875310,6.9057612,0.60972804
5876310,6.5042105,0.5910902
5877311,6.8496165,0.60493445
5878310,6.764285,0.594537
5879310,6.6403213,0.68518907
5880310,6.62902,0.61286336
5881310,6.3117,0.6582316
5882310,7.113608,0.5680637
5883309,6.115412,0.5774735
5884311,6.344117,0.59462297
5885310,5.9697514,0.6485297
5886310,5.1173596,0.65782094
5887310,4.628598,0.75108504
5888310,5.697689,0.68051374
5889310,6.3854833,0.62264264
5890310,7.226419,0.62890303
5891310,7.0122423,0.6303348
5892310,6.444605,0.65213245
5893311,5.5624213,0.64809877
5894310,5.1358333,0.71525025
5895310,5.3203807,0.72288066
5896311,5.5426326,0.66333824
5897310,5.8098793,0.6546064
5898310,5.9622355,0.6696636
5899310,5.646819,0.6550281
5900310,5.478045,0.73660696
5901310,5.8639007,0.651619
5902310,5.1841035,0.70346624
5903311,5.2414536,0.67725635
5904310,5.4145317,0.70452625
5905310,5.139841,0.70292675
5906310,4.7632833,0.7153253
5907309,5.388829,0.61473376
5908310,5.3512907,0.7031451
5909310,5.651116,0.5889857
5910311,6.5486145,0.6315095
5911311,6.6347666,0.630203
5912310,6.8435364,0.60221475
5913311,7.427895,0.548675
5914310,6.411144,0.577564
5915309,6.4917426,0.63128126
5916310,6.8094783,0.5843817
5917310,7.509109,0.5836416
5918311,8.369535,0.5546104
5919310,8.708622,0.54734755
5920310,7.992715,0.5470021
5921309,8.177026,0.5523324
5922310,7.350134,0.57999027
5923310,6.5432963,0.5684136
5924310,6.7760243,0.6853598
5925310,7.0455327,0.6045854
5926310,7.447226,0.61918336
5927310,7.7521095,0.5965797
5928309,7.8728285,0.53619814
5929310,8.312368,0.6645918
5930309,7.9113336,0.6252971
5931311,7.8922334,0.64481705
5932313,8.239351,0.55237496
5933310,7.4732757,0.6160506
5934310,8.082739,0.596652
5935309,8.798251,0.48035988
5936310,8.617818,0.5350746
5937310,8.854898,0.61788964
5938310,8.44393,0.5933794
5939310,7.942392,0.61464965
5940309,8.436968,0.58394724
5941310,8.193432,0.5622903
5942309,8.476734,0.5781693
5943310,8.407068,0.54625934
5944310,8.693224,0.5469521
5945310,8.004198,0.5492414
5946310,8.1706085,0.5562326
5947310,8.275372,0.5430976
5948310,7.3192716,0.5907284
5949311,7.0001173,0.6066741
5950311,6.7066064,0.56378776
5951311,7.228644,0.5654663
5952316,6.9896073,0.6502151
5953310,7.743379,0.59839904
5954310,8.129749,0.6436649
5955311,9.023989,0.60227937
5956310,8.234821,0.5723137
5957310,7.891165,0.5537164
5958311,8.365766,0.64357924
5959310,8.280481,0.5452164
5960310,8.652451,0.5069351
5961310,7.9283166,0.58225894
5962310,8.106954,0.6225665
5963310,7.9990506,0.582863
5964309,7.72072,0.5380038
5965309,7.697155,0.63775265
5966310,8.092232,0.5884923
5967312,8.070808,0.55723333
5968310,8.32792,0.5774643
5969310,7.9272156,0.6376307
5970310,7.806069,0.55911154
5971309,7.080414,0.5837665
5972310,7.5003967,0.5486843
5973311,7.4704437,0.6090765
5974310,7.518127,0.5748977
5975310,7.455536,0.5935032
5976309,8.269267,0.64572424
5977310,7.3895516,0.6630908
5978309,7.53221,0.5627845
5979310,7.28401,0.60171074
5980310,6.446881,0.5970967
5981310,7.019688,0.6225259
5982310,6.9242563,0.6480428
5983310,6.6955,0.63418376
5984310,6.88444,0.7394359
5985311,7.4865746,0.53837866
5986311,7.1302447,0.6145589
5987309,7.4508667,0.608224
5988310,7.5040483,0.6180086
5989309,7.26061,0.60070515
5990310,7.554864,0.6389497
5991310,7.545868,0.5935032
5992314,7.4245667,0.61628926
5993310,7.432999,0.58546066
5994310,7.3263617,0.5750127
5995310,7.714162,0.6710813
5996310,8.155833,0.5275289
5997310,7.4902377,0.5391558
5998310,7.678381,0.5353883
5999310,7.5383773,0.61891735
6000311,7.0629735,0.64641356
6001310,7.5620694,0.61110383
6002309,8.0402155,0.6624376
6003310,7.4360714,0.6699102
6004310,7.580289,0.5813992
6005310,7.9147873,0.5335239
6006310,7.6820107,0.6177756
6007310,8.193024,0.5492435
6008310,7.6226997,0.6306545
6009310,7.569442,0.58593047
6010312,7.969921,0.52886415
6011311,7.406378,0.6435233
6012310,7.410728,0.5903319
6013310,8.049339,0.5484908
6014310,7.8060665,0.5103839
6015311,7.0519843,0.6115105
6016310,7.4691277,0.55621314
6017312,7.796094,0.58031607
6018310,7.553976,0.5281018
6019311,8.035648,0.5352707
6020310,7.821878,0.5496665
6021310,7.7247887,0.57477766
6022310,8.165345,0.55773956
6023310,8.374485,0.61953837
6024310,8.081499,0.54547715
6025309,8.124392,0.5649853
6026310,8.204664,0.6264041
6027310,7.5836496,0.59979355
6028309,7.9768486,0.61679345
6029310,7.9272485,0.54122573
6030310,7.7047424,0.62398124
6031311,7.671598,0.67244893
6032310,7.478359,0.5384294
6033309,7.922377,0.52913225
6034310,7.7895527,0.58760905
6035310,7.662115,0.6323929
6036310,8.509841,0.5753499
6037310,8.096092,0.6207143
6038310,7.7007065,0.5402116
6039310,7.536209,0.6443012
6040310,7.596921,0.61346143
6041309,7.3983517,0.5444164
6042310,7.52022,0.5830709
6043310,7.4569926,0.59605175
6044311,7.595212,0.5926734
6045310,7.6865478,0.6108117
6046310,7.7394276,0.5997142
6047310,7.8089805,0.57469535
6048310,8.436245,0.5330433
6049310,8.476506,0.5649491
6050310,7.921257,0.5702019
6051309,7.9499903,0.67878145
6052311,8.16282,0.5648749
6053310,7.6457915,0.6382316
6054309,7.624398,0.633679
6055310,7.8878016,0.5772922
6056309,7.848457,0.5270735
6057311,7.324092,0.57924443
6058310,8.369281,0.5263947
6059310,7.6600804,0.60668
6060310,7.6972275,0.54092824
6061310,7.2782393,0.55828714
6062310,7.2932224,0.5858755
6063310,7.6847095,0.5950272
6064309,8.101396,0.58736265
6065310,8.235493,0.5336082
6066312,8.460068,0.52217823
6067310,8.440776,0.57718176
6068310,7.815389,0.6040519
6069309,7.9827847,0.5776123
6070310,7.256658,0.5800701
6071310,7.2408886,0.6066428
6072312,8.295775,0.6022975
6073310,8.718709,0.54844624
6074310,8.3418665,0.6213484
6075311,8.964882,0.51886535
6076310,8.744552,0.51748043
6077310,8.0496,0.6000823
6078310,8.104849,0.59962386
6079310,7.640608,0.547448
6080311,7.332319,0.55456233
6081310,8.024869,0.5859702
6082309,7.5912685,0.65721405
6083310,7.7713075,0.57605815
6084310,7.710311,0.50265044
6085310,7.5021205,0.5480378
6086311,6.8797536,0.58983207
6087312,7.298835,0.6177824
6088310,7.2188993,0.6137984
6089309,6.8441753,0.6262701
6090311,6.607676,0.65849125
6091310,7.3376894,0.69380355
6092310,7.691021,0.5969999
6093310,6.9410377,0.6235832
6094309,7.0676394,0.6363588
6095310,7.05469,0.67167664
6096309,6.498542,0.5968187
6097310,6.2974067,0.67644966
6098310,7.0011835,0.65833384
6099310,7.686804,0.5744809
6100314,7.55485,0.5440651
6101311,7.668364,0.5647345
6102311,7.420539,0.56066215
6103309,7.3796124,0.5090831
6104310,7.7615976,0.6364671
6105310,8.03277,0.5551588
6106310,7.8211966,0.59909326
6107311,7.493231,0.6080944
6108310,7.6797657,0.5644259
6109310,7.510787,0.5704051
6110310,7.5726576,0.588932
6111310,7.634544,0.5623216
6112310,7.7158294,0.52991545
6113310,7.79431,0.58565193
6114310,7.4491863,0.6214379
6115311,8.284248,0.5253138
6116310,7.6925893,0.58557355
6117310,7.528877,0.56917435
6118310,7.394528,0.54210544
6119311,7.645462,0.5729853
6120310,7.7600107,0.54230773
6121310,8.106341,0.6321614
6122310,8.456522,0.54002583
6123309,8.598646,0.619421
6124310,8.186348,0.5512203
6125310,7.758412,0.62861025
6126310,8.066193,0.5593995
6127310,7.390902,0.6033946
6128310,8.339741,0.5832525
6129311,7.6390467,0.6233362
6130310,8.420219,0.5502296
6131310,8.677893,0.52313054
6132310,7.876672,0.60345215
6133310,7.6752725,0.5949162
6134310,7.6062565,0.57294106
6135310,8.257744,0.5555032
6136311,7.7195377,0.5548563
6137311,7.8509517,0.5506954
6138311,7.6476846,0.538964
6139310,7.150344,0.49337995
6140310,7.2986307,0.5840613
6141310,8.187361,0.56107813
6142310,7.501851,0.57051295
6143310,7.597707,0.52238953
6144310,7.757745,0.56217635
6145310,7.211488,0.6461712
6146310,7.72189,0.5480851
6147311,7.7633686,0.6294683
6148310,7.69766,0.5959464
6149310,7.144828,0.618459
6150310,7.9553604,0.5730306
6151310,7.6603255,0.61018807
6152310,8.248676,0.5055667
6153310,8.109526,0.5749644
6154310,7.6849732,0.5601977
6155310,7.8220882,0.5840229
6156311,7.7935514,0.61835337
6157310,8.330928,0.4981906
6158311,7.8369613,0.59689975
6159310,8.045455,0.62119037
6160310,7.8541107,0.61334085
6161310,7.905372,0.56567407
6162310,8.21335,0.591726
6163311,7.514932,0.67466176
6164310,7.4804506,0.63932997
6165310,7.86423,0.5684976
6166310,7.7186184,0.5632816
6167310,7.358425,0.6566815
6168309,7.988494,0.56597245
6169310,7.2800803,0.58708334
6170309,7.3220267,0.5610311
6171310,7.7852573,0.5559534
6172310,7.7754297,0.62533295
6173310,8.099925,0.5852598
6174310,8.142403,0.5129229
6175311,7.952294,0.53691894
6176310,7.8891397,0.6219484
6177310,8.11881,0.5257766
6178311,7.772631,0.5392326
6179310,8.108074,0.6017222
6180309,7.6134014,0.535514
6181309,7.8146634,0.57244515
6182310,7.45011,0.6347529
6183310,7.5943174,0.57687855
6184310,7.6840553,0.6392192
6185310,7.905815,0.5890883
6186310,7.4994574,0.6018921
6187310,7.70799,0.5547328
6188310,7.9909134,0.58821034
6189311,7.190503,0.5373354
6190311,7.19718,0.63266915
6191310,7.5589414,0.60159117
6192310,7.215988,0.6831982
6193309,7.2235165,0.60070926
6194309,7.8555374,0.65167344
6195310,7.73736,0.6070016
6196310,7.2719183,0.64046186
6197312,6.8350525,0.5631145
6198310,6.9706287,0.59217995
6199310,6.350811,0.6151823
6200309,7.5120015,0.5081421
6201310,7.645179,0.5459838
6202309,8.030009,0.5196527
6203310,7.709939,0.58897793
6204310,7.6521053,0.6596893
6205309,6.932519,0.6490416
6206310,6.924121,0.6387622
6207311,7.3714705,0.6007108
6208310,7.5968213,0.5654889
6209310,7.5270996,0.62930083
6210310,7.8965178,0.6403893
6211311,7.008768,0.5964899
6212312,7.56234,0.61426294
6213313,7.588545,0.66141963
6214310,7.254982,0.64176816
6215309,7.2300224,0.60789806
6216310,7.8703046,0.5615579
6217310,8.327355,0.5605291
6218310,8.121883,0.5860664
6219309,7.945554,0.6051048
6220310,8.292766,0.5122258
6221310,8.099714,0.6762724
6222310,7.8866305,0.65029645
6223310,8.333054,0.56665164
6224310,7.9157915,0.5120622
6225309,8.145235,0.54943913
6226310,7.7891064,0.61944973
6227312,7.3406553,0.632832
6228310,7.4771523,0.5715816
6229311,7.8713984,0.60111684
6230310,7.5105023,0.61687374
6231310,7.933311,0.5527893
6232309,8.220393,0.65454566
6233310,8.078041,0.54841954
6234310,7.3365445,0.58607084
6235310,7.7580423,0.62861776
6236311,7.3079805,0.66100115
6237311,7.177409,0.6167179
6238310,6.665643,0.63931715
6239311,7.239416,0.61702037
6240310,7.0677176,0.6200147
6241310,7.2333584,0.65820277
6242310,6.6830287,0.566082
6243310,6.158378,0.6093487
6244310,6.294452,0.58224404
6245311,6.621777,0.6082904
6246310,5.7739525,0.58486515
6247310,6.117414,0.6135783
6248310,6.8750124,0.56983006
6249309,6.5374923,0.6161592
6250310,6.6355805,0.6339317
6251310,7.338911,0.64020944
6252309,7.0514226,0.6171499
6253310,7.297342,0.5743467
6254311,7.2676196,0.5219155
6255310,6.8055587,0.61386
6256311,6.736488,0.67504245
6257310,6.514881,0.58545595
6258310,6.577099,0.6460131
6259309,6.595245,0.685472
6260310,6.5502925,0.64254385
6261310,6.528732,0.6087439
6262310,6.614134,0.6189756
6263310,6.4064856,0.54411143
6264311,6.4720535,0.55488116
6265309,6.318126,0.6761971
6266311,6.5693192,0.5801612
6267310,6.453799,0.58974504
6268310,6.7915387,0.58568895
6269310,6.2697887,0.66475487
6270310,6.384166,0.6471342
6271310,6.7028284,0.62920403
6272310,6.5294333,0.6476563
6273310,5.952938,0.61258185
6274311,6.16274,0.62057096
6275311,6.1376367,0.6690649
6276310,6.540325,0.64058346
6277310,6.7161303,0.6415064
6278310,7.785028,0.525176
6279309,7.1460795,0.538658
6280310,6.78852,0.6301513
6281309,7.2344756,0.60188633
6282310,7.135435,0.6560937
6283310,6.2789874,0.59105283
6284310,6.898162,0.5888476
6285311,6.914069,0.62296385
6286310,6.076066,0.6754506
6287310,5.582956,0.70472616
6288310,6.140015,0.6307801
6289310,5.7594004,0.63297236
6290310,5.727675,0.6261592
6291309,6.3558307,0.59177464
6292310,6.3939476,0.614939
6293310,5.8437347,0.70472455
6294310,6.3037243,0.6663079
6295310,6.346043,0.6456844
6296310,6.3999176,0.5334637
6297310,5.994214,0.68006605
6298310,6.245501,0.5914771
6299310,6.168141,0.6704849
6300310,6.359443,0.58143836
6301310,6.1433635,0.60706365
6302311,6.1614246,0.5543237
6303314,6.7879415,0.6590236
6304311,6.174804,0.6046422
6305310,6.2556915,0.64948064
6306311,5.665029,0.6330769
6307310,6.128439,0.65813714
6308309,5.6303115,0.6209737
6309310,5.0498075,0.6621126
6310310,5.390195,0.6284924
6311309,6.178309,0.70444745
6312311,5.658937,0.679126
6313311,6.3320103,0.6059571
6314310,6.8716273,0.687564
6315310,6.696983,0.5967994
6316310,5.983538,0.5892452
6317310,6.644945,0.69066304
6318311,6.899164,0.6125061
6319310,6.863567,0.6849842
6320310,6.4440327,0.6038709
6321310,6.899609,0.6195196
6322310,6.4717536,0.64988923
6323310,6.2781453,0.57822555
6324309,6.2547398,0.66674
6325310,6.4879646,0.70597494
6326310,6.6531777,0.71620333
6327310,6.2953706,0.69621176
6328310,6.399406,0.5875527
6329310,6.590599,0.6048174
6330310,6.5286946,0.66745514
6331310,6.0571985,0.69388306
6332311,5.8343096,0.67132086
6333311,6.3891253,0.64148873
6334310,5.861478,0.56344473
6335310,6.026796,0.69636714
6336310,5.5775247,0.6507325
6337310,5.8388615,0.68376696
6338310,5.8178573,0.598148
6339310,5.8554378,0.68186903
6340310,5.6264925,0.6585089
6341310,6.215823,0.6321121
6342310,5.9551177,0.5657399
6343311,6.2686815,0.6885468
6344310,6.6888833,0.61052185
6345311,5.7695537,0.6979383
6346309,6.1127305,0.72065234
6347310,6.453957,0.6101703
6348310,6.378929,0.6644072
6349310,6.644065,0.6531674
6350313,6.8515005,0.593524
6351310,6.097183,0.6375545
6352310,5.55744,0.72629064
6353310,6.5582256,0.5373758
6354312,5.7423973,0.6323533
6355311,6.1077905,0.6357227
6356310,6.2030654,0.6148826
6357310,6.0587635,0.6410469
6358311,6.3274856,0.6719066
6359310,7.2742395,0.60328907
6360310,7.30658,0.5512514
6361309,7.2191167,0.5617705
6362310,7.6912374,0.5563396
6363309,7.2512207,0.6838127
6364311,6.793052,0.71916115
6365310,6.937703,0.5935861
6366310,7.3265266,0.5660701
6367310,6.725071,0.6608626
6368309,7.1266923,0.6409587
6369309,6.5452385,0.5731088
6370311,6.7726593,0.6653414
6371310,6.4828196,0.6244258
6372310,6.4291067,0.5921071
6373310,6.4039536,0.5601234
6374309,6.681749,0.64109737
6375310,6.565162,0.6051198
6376310,6.465397,0.5595496
6377310,6.6113753,0.6192468
6378310,6.403406,0.59906656
6379310,6.378242,0.7104243
6380310,6.603542,0.65562457
6381310,6.821499,0.64157104
6382311,6.934128,0.63379025
6383310,6.726131,0.5809123
6384310,6.5641356,0.6338591
6385310,6.6475043,0.648344
6386311,6.6755533,0.6401209
6387310,7.3765182,0.60612196
6388310,6.7943807,0.64184606
6389310,7.306078,0.6756288
6390311,6.6393037,0.60334086
6391310,6.7368364,0.59207815
6392309,5.734376,0.69240713
6393310,6.011806,0.62226015
6394310,6.3046637,0.6231084
6395310,6.495623,0.6149136
6396310,6.335434,0.61180484
6397310,6.7324014,0.6173953
6398309,7.2765512,0.58943516
6399310,6.447857,0.5935242
6400310,6.3778224,0.5984542
6401310,6.5444016,0.735757
6402310,5.8912773,0.61004466
6403310,6.240948,0.6499411
6404310,6.2899876,0.57817477
6405309,6.8121657,0.57073593
6406310,6.166463,0.685412
6407310,6.121537,0.60087174
6408311,5.773378,0.67824364
6409309,5.9277754,0.5991738
6410310,6.550531,0.6486502
6411310,6.614073,0.5880746
6412310,7.2190905,0.6123436
6413310,7.2844267,0.59306014
6414310,7.8038545,0.6671211
6415310,7.4349065,0.5468383
6416310,6.726353,0.6703083
6417310,6.56635,0.6811475
6418310,6.8814435,0.659919
6419310,5.826806,0.6819659
6420310,6.2494507,0.65413225
6421309,7.254098,0.55672246
6422310,6.46526,0.67489713
6423311,6.753572,0.6116265
6424310,7.1548305,0.5989941
6425310,7.7058077,0.6062534
6426310,7.314636,0.5832115
6427310,6.7607617,0.7210551
6428310,7.327647,0.6129544
6429310,7.4780245,0.6417917
6430310,8.12893,0.6043835
6431310,7.3885136,0.6330489
6432310,7.8431187,0.60888654
6433310,7.9303246,0.59300095
6434309,7.4179482,0.61543167
6435310,7.8609934,0.5060362
6436310,7.37066,0.6074455
6437310,6.8192306,0.64956385
6438310,6.3986444,0.6499408
6439310,7.4619665,0.5799556
6440310,6.933035,0.54144907
6441309,7.0052505,0.6485767
6442310,7.0295644,0.6573215
6443311,7.461117,0.63566095
6444310,6.8937244,0.6048388
6445310,7.3480544,0.62181765
6446311,6.7967596,0.6747706
6447310,7.6862965,0.5544354
6448311,7.7939005,0.5808334
6449311,7.335627,0.57881194
6450309,7.870462,0.5566748
6451310,8.9445305,0.551096
6452310,8.139244,0.56594443
6453310,7.835413,0.5730686
6454310,8.605275,0.52488977
6455310,7.9511113,0.5881148
6456310,7.593429,0.63532877
6457311,7.9319677,0.65452826
6458310,7.976264,0.6055293
6459310,7.781268,0.626532
6460311,7.947761,0.5416269
6461310,7.711724,0.5955298
6462309,8.687003,0.575448
6463310,8.143197,0.5998039
6464310,8.239958,0.5638543
6465310,8.290655,0.52558804
6466310,7.987763,0.55102336
6467310,7.3093348,0.54479456
6468310,8.069102,0.6042404
6469311,7.917782,0.60760766
6470310,7.4287996,0.569778
6471310,7.581916,0.625778
6472309,6.618395,0.6192028
6473310,6.6744328,0.6398348
6474311,6.6778316,0.6284588
6475310,7.61067,0.5907261
6476311,7.9570365,0.6103002
6477310,7.766434,0.61764383
6478311,7.9513726,0.6448094
6479310,7.4424825,0.60657495
6480310,7.1514626,0.5761439
6481309,7.1233253,0.6152987
6482310,7.3519564,0.5649767
6483310,7.3578434,0.5949793
6484310,7.214001,0.66396105
6485310,7.3241663,0.7017239
6486310,7.539409,0.5664484
6487310,7.701728,0.61676216
6488310,7.2039924,0.58434975
6489310,7.424309,0.5387846
6490309,7.3857126,0.60561776
6491310,6.949381,0.66662645
6492310,6.7703943,0.5860421
6493310,6.166443,0.64904326
6494310,6.779014,0.6807101
6495310,6.3976884,0.66624105
6496310,6.6066995,0.5981145
6497311,6.732742,0.5908018
6498310,6.933649,0.6640592
6499311,6.985116,0.6208064
6500310,6.6052103,0.5935416
6501310,6.8009887,0.60805976
6502309,6.551355,0.6575942
6503309,6.172194,0.5601593
6504311,6.8832726,0.5898422
6505310,6.7545342,0.5925984
6506310,6.470512,0.57623154
6507310,5.9106636,0.65942043
6508310,5.9868283,0.6087167
6509310,5.816976,0.677565
6510310,5.898075,0.69031006
6511310,6.1400385,0.7515285
6512310,6.6867166,0.5537616
6513311,6.308073,0.6207832
6514310,6.218251,0.6120421
6515310,7.018579,0.5771383
6516309,7.0358944,0.55348855
6517311,6.8901467,0.5646806
6518312,7.2500224,0.5476692
6519310,6.6373096,0.6103534
6520310,6.369436,0.5794754
6521312,6.8260217,0.61709684
6522310,6.411735,0.5947171
6523310,5.3379674,0.7292747
6524310,5.559152,0.6957414
6525311,5.4827023,0.5817532
6526311,4.8876095,0.7146195
6527310,5.609455,0.67114997
6528310,7.000225,0.61870116
6529311,6.2886286,0.63617456
6530310,6.217714,0.6404232
6531310,6.6585345,0.6037691
6532310,6.527996,0.59860533
6533310,6.038737,0.6103966
6534309,6.736238,0.5907252
6535311,6.707981,0.6282616
6536311,6.6091948,0.599066
6537310,6.374386,0.5682757
6538310,6.4584055,0.6117663
6539311,6.545114,0.5657552
6540310,6.328621,0.643648
6541310,6.338479,0.72474056
6542311,6.0355234,0.6188492
6543310,6.2436213,0.6263888
6544309,6.073331,0.6029612
6545310,5.885524,0.64449006
6546310,6.5212374,0.62007135
6547310,6.3874884,0.6249989
6548310,6.8126893,0.6214347
6549310,7.1446123,0.6465421
6550309,6.9159393,0.6148795
6551310,6.9028316,0.63322157
6552309,5.690477,0.6742676
6553310,5.7324333,0.6633266
6554309,6.141745,0.64556605
6555309,5.380229,0.70648843
6556310,6.1415834,0.6532501
6557309,7.0556793,0.5617312
6558310,6.979006,0.5406217
6559310,6.286081,0.5828341
6560310,6.7670326,0.6289486
6561310,6.2324896,0.56921196
6562310,6.3091373,0.67632806
6563310,6.1699867,0.61224467
6564310,6.8604198,0.61975765
6565310,6.989705,0.60298395
6566311,7.099309,0.5876017
6567310,8.076364,0.5028324
6568310,8.210463,0.52970314
6569309,8.470316,0.5562134
6570310,7.9752526,0.5676241
6571310,7.0535364,0.65373486
6572310,6.8956137,0.62934965
6573310,7.0668592,0.6723517
6574310,6.895049,0.61707574
6575310,7.502597,0.63439846
6576310,7.50668,0.5689284
6577310,7.1265116,0.6029048
6578311,7.3494897,0.5967742
6579310,6.8135157,0.6338658
6580310,6.5879846,0.5735411
6581310,7.638104,0.55749685
6582310,7.5295568,0.55507463
6583310,7.464346,0.59558403
6584311,7.3300376,0.54271626
6585310,7.3064384,0.56546587
6586309,7.02738,0.57432485
6587310,7.944156,0.64226377
6588310,7.2419944,0.57581186
6589311,7.497131,0.5955588
6590310,7.894375,0.5925804
6591311,8.64296,0.484511
6592310,8.214719,0.5627657
6593311,8.386861,0.55658615
6594310,8.92293,0.5780522
6595310,8.458263,0.5589846
6596309,7.7374473,0.5797175
6597310,6.954434,0.5689735
6598311,7.1413136,0.56751984
6599310,6.96677,0.6086786
6600311,6.908617,0.6135863
6601310,7.3738465,0.56889886
6602310,7.088577,0.61963475
6603310,7.0381327,0.678902
6604312,7.662438,0.55434525
6605310,7.5316463,0.53954935
6606310,7.394742,0.6125333
6607310,7.1169853,0.643499
6608310,7.331754,0.5855357
6609310,6.639972,0.67904204
6610310,6.340552,0.6241681
6611311,6.955753,0.61560464
6612310,7.2764482,0.60205156
6613310,7.219891,0.59708506
6614310,7.6178946,0.6206886
6615311,7.339943,0.5799099
6616310,7.038176,0.56681746
6617310,7.4009533,0.533312
6618310,7.407524,0.5186297
6619311,7.1774855,0.64871955
6620310,6.2799883,0.62136173
6621310,7.077679,0.62513447
6622310,6.9382114,0.51443493
6623311,8.119937,0.5835209
6624311,8.108222,0.5361903
6625310,8.377738,0.5995164
6626310,8.107394,0.5730839
6627310,7.3319287,0.65424186
6628310,7.7318497,0.6044428
6629310,8.007041,0.5639526
6630309,7.7840204,0.5978091
6631310,8.013891,0.61447924
6632310,7.966214,0.54696983
6633310,8.0238,0.59602624
6634311,8.30173,0.55155945
6635309,9.099533,0.4967717
6636310,8.912044,0.52101517
6637310,8.482128,0.64388895
6638310,8.372434,0.5557918
6639310,7.850568,0.63905305
6640310,8.116798,0.5223322
6641310,7.9265003,0.53251886
6642310,7.98593,0.551882
6643310,7.60678,0.61153066
6644310,7.5689616,0.6226007
6645310,7.2969027,0.55689555
6646310,8.14092,0.5656012
6647310,7.8004885,0.59799314
6648310,8.348196,0.6393378
6649310,8.422218,0.5647941
6650310,8.352273,0.5295588
6651310,8.347015,0.54749167
6652312,8.271069,0.53035736
6653311,8.485805,0.5055412
6654310,7.948658,0.5790869
6655310,8.002148,0.6179539
6656309,7.672684,0.62339735
6657310,7.5516405,0.5593659
6658310,7.6617475,0.5643868
6659310,7.247514,0.6761498
6660310,6.859648,0.59034246
6661310,7.153523,0.6489554
6662311,7.5636315,0.54918146
6663310,7.1469765,0.6073776
6664310,7.1373234,0.62432593
6665310,7.723155,0.6108865
6666312,7.662708,0.6674786
6667309,6.174215,0.64883965
6668310,6.5679827,0.6216097
6669310,6.8291655,0.65847903
6670310,6.6319256,0.63447106
6671311,6.6472692,0.6689008
6672311,7.4069767,0.54843354
6673311,7.461504,0.5480158
6674310,7.081187,0.5827488
6675310,7.1865063,0.6108898
6676310,7.0738254,0.5981706
6677310,6.9536285,0.5565131
6678310,6.687087,0.5303862
6679311,6.21777,0.6737171
6680310,6.207828,0.67588484
6681310,5.8205023,0.6312064
6682311,6.4921,0.5966273
6683310,5.789618,0.6670267
6684310,6.2796803,0.61805195
6685310,6.016617,0.68721795
6686310,6.4629006,0.5946512
6687311,5.8358026,0.6186663
6688311,6.327548,0.68276554
6689310,6.5516233,0.6169243
6690309,6.5645804,0.6705094
6691309,7.049025,0.61094695
6692310,7.586275,0.5554253
6693309,7.2627473,0.5751607
6694310,6.2539577,0.6431361
6695310,6.524861,0.6058318
6696309,5.841606,0.64323896
6697310,6.251535,0.6823405
6698310,6.326398,0.55363953
6699310,6.7691035,0.7136016
6700312,6.5496464,0.60723263
6701310,7.3737793,0.55968446
6702311,7.674398,0.6144471
6703310,7.1714783,0.61328495
6704310,6.875196,0.61752236
6705310,6.6963897,0.63976085
6706310,6.157178,0.70643914
6707309,6.6312256,0.64223987
6708310,7.236128,0.6238228
6709310,6.774605,0.71607494
6710310,6.95708,0.64569354
6711310,6.3695006,0.6213782
6712310,7.3474236,0.62124705
6713310,7.8313203,0.58997345
6714310,7.5668445,0.5710216
6715311,8.250097,0.54024905
6716310,7.65908,0.50805604
6717310,6.6340823,0.61053133
6718311,6.9790106,0.55714524
6719310,6.8148875,0.65362537
6720312,6.978731,0.6390078
6721310,7.3863516,0.5698119
6722311,7.1786385,0.6549633
6723310,7.2278843,0.55618465
6724310,7.265957,0.5663858
6725311,6.893513,0.5936003
6726312,7.177864,0.62751746
6727311,7.570675,0.59307736
6728312,7.667954,0.5424013
6729309,7.2563863,0.6515039
6730311,7.3739038,0.6258781
6731310,7.402663,0.5646555
6732310,7.4717107,0.5535632
6733311,7.8165417,0.64351463
6734310,7.422738,0.6083894
6735310,7.532022,0.53643996
6736310,7.5507627,0.5698641
6737311,7.8858676,0.569214
6738310,6.612518,0.6785891
6739310,7.1371555,0.6599761
6740310,7.313874,0.6597687
6741310,7.8054,0.5500862
6742310,7.227277,0.66848785
6743310,7.2353406,0.5963947
6744310,7.0403595,0.58150446
6745310,7.2704887,0.53365123
6746309,7.3342686,0.58392155
6747310,7.8155456,0.5671892
6748310,7.486582,0.59170127
6749310,8.258549,0.53798604
6750310,8.382828,0.56587845
6751309,8.0748005,0.64000624
6752309,8.401374,0.49466592
6753310,8.425871,0.6066657
6754310,7.4684496,0.61825925
6755309,6.5944657,0.66657865
6756309,6.93137,0.6643276
6757310,6.9719496,0.6227555
6758310,7.236564,0.55056846
6759311,8.11025,0.74549645
6760310,7.604278,0.6276095
6761310,7.911338,0.5778672
6762311,7.6963587,0.63996184
6763310,8.338243,0.54843485
6764310,8.3907,0.597655
6765309,7.906007,0.64467686
6766312,7.837372,0.59303725
6767310,8.021003,0.5791509
6768310,7.4196353,0.6198864
6769310,6.8350663,0.63420415
6770310,7.443707,0.5850966
6771310,7.0750704,0.5822993
6772309,7.1446886,0.66743326
6773310,7.33618,0.61670226
6774310,7.865142,0.5798621
6775310,8.210937,0.5974447
6776309,8.084061,0.5548057
6777309,7.9956193,0.5991932
6778310,7.8173103,0.5988397
6779311,7.870259,0.5846742
6780310,6.891678,0.68482035
6781311,6.850551,0.60137457
6782310,6.6735215,0.59670043
6783310,7.109458,0.5743606
6784311,6.567837,0.64520067
6785311,6.4408145,0.651625
6786309,6.613455,0.6282699
6787310,6.4268737,0.5718223
6788310,5.9409833,0.63389826
6789311,6.5663543,0.61660695
6790310,6.3454285,0.68724257
6791310,6.143725,0.76453424
6792310,6.152146,0.60129607
6793310,6.4669833,0.6338136
6794309,6.0058107,0.69491553
6795310,6.5060825,0.65270704
6796310,5.8374677,0.6337058
6797310,6.093147,0.63894385
6798311,6.462198,0.6099731
6799310,6.5721865,0.60534906
6800310,6.81075,0.5845161
6801310,7.127198,0.6973833
6802310,7.0289955,0.61187667
6803309,7.4280043,0.5789868
6804310,7.2509046,0.59673214
6805310,7.2184243,0.6511785
6806311,6.252025,0.6680208
6807310,7.406017,0.60350835
6808310,6.911172,0.63276637
6809310,7.1793623,0.7082009
6810310,7.199716,0.63425267
6811310,7.5301566,0.5892403
6812311,6.443059,0.63055474
6813311,6.1424603,0.6250205
6814310,6.3718987,0.5954593
6815311,6.983346,0.6424007
6816310,7.145346,0.6479853
6817309,8.105497,0.53760755
6818311,7.8532743,0.5481395
6819310,7.085247,0.5294777
6820310,7.386085,0.5822049
6821310,7.829098,0.62773186
6822311,7.353518,0.5217191
6823310,8.584323,0.5482096
6824310,8.382532,0.58625567
6825310,8.40882,0.53297937
6826311,8.093666,0.56003726
6827312,8.21083,0.6063025
6828310,7.159841,0.6016415
6829310,7.070927,0.6193668
6830311,7.2710433,0.6262137
6831310,7.2081504,0.61102533
6832309,6.628719,0.6260771
6833310,7.2277308,0.6268346
6834310,7.3041167,0.6151483
6835310,6.7777505,0.5940774
6836310,6.86953,0.6647156
6837310,7.1082687,0.62554747
6838310,7.441408,0.5929297
6839310,5.635561,0.63917977
6840311,5.979661,0.65479636
6841310,6.3205533,0.5635282
6842310,6.0501547,0.70553255
6843309,6.5222025,0.708333
6844310,6.9316845,0.6714336
6845309,7.1655545,0.63009477
6846310,7.1932945,0.5393898
6847310,7.0459723,0.6906637
6848310,7.21363,0.60216415
6849311,7.3912096,0.5944952
6850312,6.839798,0.55873656
6851310,6.4299235,0.70391494
6852311,6.43181,0.6255701
6853309,6.526077,0.6000799
6854310,6.5049505,0.65966076
6855311,6.594598,0.5494485
6856309,7.254588,0.5816828
6857310,7.0449247,0.63839215
6858310,7.3135643,0.6537152
6859309,7.7442975,0.585356
6860310,8.056418,0.5597322
6861310,7.3658347,0.5759826
6862310,7.701546,0.5585507
6863310,7.496105,0.6092479
6864310,7.432627,0.58195126
6865310,7.6178074,0.553395
6866310,6.958282,0.6482286
6867311,6.9760494,0.64818877
6868309,7.1708817,0.6255938
6869310,7.3003592,0.62434626
6870310,7.6280956,0.5975574
6871310,6.86322,0.6026798
6872310,6.5988436,0.60798234
6873310,6.4095287,0.59873414
6874310,6.783296,0.6943584
6875310,6.9205947,0.6627982
6876310,6.8262753,0.5829844
6877311,6.7859554,0.64090055
6878310,6.757162,0.6196994
6879310,6.6389647,0.6228699
6880310,6.597805,0.6671307
6881310,6.2279434,0.60935354
6882310,6.033843,0.6654448
6883310,6.6045036,0.5906058
6884310,6.200416,0.6513873
6885311,5.508929,0.65562326
6886310,5.9295673,0.5801234
6887310,5.2593994,0.6449474
6888313,3.9739316,0.6892489
6889309,4.571717,0.7122081
6890309,4.833148,0.673664
6891310,5.584766,0.6783674
6892310,6.122157,0.61496806
6893310,6.514191,0.618373
6894311,5.8204556,0.6998424
6895309,6.3076186,0.6080122
6896311,5.341119,0.65253836
6897310,6.1613455,0.694817
6898310,6.193142,0.55975306
6899310,5.746921,0.63440806
6900309,5.9457207,0.58396065
6901309,6.7156305,0.6352784
6902310,6.7124453,0.64756554
6903309,6.7873287,0.5746247
6904309,6.46447,0.6215381
6905309,6.185873,0.61679286
6906310,6.3609548,0.6897543
6907310,5.993702,0.65386885
6908311,6.4607835,0.5938029
6909310,7.024566,0.6212789
6910310,6.2536793,0.6255526
6911310,6.334415,0.5830761
6912310,6.6555386,0.6350385
6913310,6.4758286,0.7041354
6914311,6.09959,0.6528061
6915310,7.2455587,0.62937033
6916309,6.822891,0.62060577
6917310,6.872158,0.7089928
6918310,6.989259,0.5667513
6919310,7.0929923,0.65500855
6920310,6.613571,0.5710023
6921310,6.582227,0.6191928
6922309,5.5629435,0.6107821
6923310,5.398192,0.72878826
6924310,5.1834884,0.6839916
6925310,5.864541,0.6589299
6926309,6.3777475,0.6587387
6927311,7.0610294,0.5819935
6928311,7.1269026,0.60744315
6929310,6.5674114,0.5663463
6930310,6.226532,0.59730667
6931310,5.2214074,0.5989351
6932310,5.527745,0.7172581
6933310,5.7458014,0.6746664
6934310,6.0875416,0.5867741
6935309,6.2480774,0.5861223
6936310,5.874066,0.60841453
6937310,5.7700157,0.69229233
6938310,5.5071197,0.62759876
6939310,6.270843,0.68755597
6940310,6.157892,0.6477928
6941309,6.4740443,0.6673481
6942310,5.5093875,0.6618943
6943310,5.476049,0.7411309
6944310,5.6080866,0.67200947
6945311,6.1119123,0.6810622
6946309,5.61264,0.6846188
6947310,6.4009686,0.6066251
6948310,6.7437577,0.658758
6949309,6.036053,0.6070608
6950310,6.231689,0.72378445
6951310,6.8507333,0.65287805
6952310,6.484035,0.64558303
6953310,6.7667503,0.62685585
6954311,6.6131372,0.5706639
6955311,6.2101355,0.64130944
6956309,5.4203277,0.69957733
6957310,5.9734707,0.6237199
6958310,6.5190654,0.57605886
6959310,5.486887,0.65584207
6960311,5.883004,0.5708895
6961309,5.7853146,0.6821353
6962310,5.961349,0.6521401
6963310,5.550951,0.66974974
6964311,6.5810533,0.62539935
6965310,5.6404395,0.63175976
6966310,6.2603426,0.6057887
6967310,6.0828857,0.6002134
6968310,5.9521294,0.6513066
6969310,5.8002224,0.64604306
6970310,5.8753724,0.69685894
6971310,6.0749865,0.617328
6972310,5.907635,0.63931733
6973309,6.1115913,0.6100313
6974310,6.097104,0.6615502
6975310,5.1245255,0.6896988
6976312,5.0641484,0.74080694
6977310,5.8771696,0.6817238
6978309,5.8704915,0.6608504
6979310,6.5666137,0.734788
6980310,7.407802,0.6047245
6981310,7.2595463,0.6876317
6982310,7.0870094,0.60992265
6983309,6.844104,0.6414064
6984310,6.2702107,0.58082896
6985310,5.9881287,0.5681329
6986310,6.1026397,0.60910654
6987311,6.5238085,0.6308713
6988309,6.6195436,0.57286423
6989311,6.572027,0.57168126
6990311,6.3776674,0.62149036
6991311,6.1118617,0.64431393
6992309,5.6549625,0.68336284
6993310,5.263294,0.65350676
6994310,5.405564,0.7141866
6995309,6.248113,0.6550461
6996310,6.519062,0.63365275
6997310,6.525011,0.6519024
6998310,6.956629,0.6813198
6999311,6.8841567,0.5979279
7000310,6.4851804,0.59458536
7001310,6.4186835,0.5524972
7002310,6.4512553,0.62135947
7003310,6.876245,0.61243445
7004310,6.658285,0.6117009
7005310,6.755134,0.68021667
7006310,7.024712,0.61457974
7007311,6.232866,0.5666448
7008310,5.5697703,0.64387876
7009311,5.9180236,0.64803946
7010310,6.996377,0.63256294
7011309,6.3391294,0.5925657
7012309,6.966441,0.59703916
7013310,7.225711,0.59931165
7014309,6.8070455,0.65413594
7015309,6.566088,0.62097746
7016310,6.532793,0.5715885
7017310,5.9771495,0.599173
7018310,5.65962,0.6432351
7019309,5.780324,0.58118063
7020310,5.739386,0.57347405
7021309,6.027116,0.62035394
7022310,6.55406,0.6135019
7023310,6.6329093,0.5653952
7024310,6.766339,0.70587885
7025309,6.2963786,0.5927779
7026310,6.0901203,0.6765496
7027310,6.5013256,0.6318858
7028310,7.3469534,0.65729
7029310,7.688664,0.59714097
7030310,8.065239,0.61326
7031310,8.535991,0.5940758
7032310,8.112799,0.6089164
7033310,6.8136897,0.6134738
7034309,6.688431,0.6223913
7035310,6.7819104,0.58451074
7036310,6.248793,0.61478585
7037310,6.9563575,0.6527173
7038310,6.8993926,0.6345398
7039310,6.157077,0.6119781
7040310,6.272469,0.6419657
7041310,6.678555,0.53392816
7042311,6.919785,0.5716824
7043310,6.712292,0.6740847
7044310,6.702916,0.6134822
7045310,6.5018096,0.60257137
7046311,6.0770197,0.6338601
7047309,6.1816387,0.65409046
7048312,6.2110715,0.6873542
7049310,6.4417443,0.65735906
7050310,6.3949513,0.6990914
7051310,6.21777,0.6649803
7052310,5.622955,0.6311993
7053310,6.025574,0.63997644
7054310,6.176593,0.6111883
7055309,6.2056627,0.6723225
7056311,7.0004582,0.63311905
7057310,7.0313115,0.6171607
7058310,7.1749425,0.6702478
7059310,6.6250067,0.6060102
7060310,6.3888144,0.65484715
7061311,6.8695207,0.63458884
7062310,6.8648,0.64534664
7063310,6.513405,0.6965139
7064310,6.8421016,0.58280754
7065310,7.2895846,0.6576418
7066309,6.8383136,0.69836783
7067309,7.465563,0.5402536
7068310,7.1882486,0.5790648
7069310,7.1687407,0.6237396
7070310,6.964426,0.52881306
7071310,6.775658,0.5863324
7072310,5.994819,0.6428165
7073311,6.2024713,0.6774294
7074310,6.090348,0.7090732
7075311,5.771849,0.6266702
7076310,5.9871144,0.63007146
7077311,6.7590227,0.6278595
7078309,7.1614704,0.6535139
7079310,6.9058676,0.57524747
7080311,7.1476245,0.6415642
7081309,7.4712715,0.5683794
7082310,7.5890193,0.59466654
7083310,7.5231533,0.4640693
7084309,6.873765,0.5703076
7085311,7.0107307,0.66750556
7086310,7.0002527,0.595144
7087310,7.1792736,0.6413683
7088310,6.77012,0.604309
7089310,6.7961583,0.5930379
7090310,6.9340262,0.5470142
7091309,6.7862344,0.6735797
7092310,6.41575,0.60267204
7093310,6.6688805,0.6938002
7094310,6.662143,0.6162394
7095310,6.853237,0.6658528
7096310,6.793728,0.621086
7097310,7.6443877,0.5839203
7098309,7.7134686,0.5449834
7099310,7.324182,0.6942547
7100310,7.032298,0.6175484
7101311,7.4199047,0.6089579
7102310,6.6098404,0.64840615
7103311,6.7861333,0.6336177
7104310,6.9267,0.59213823
7105309,7.3543053,0.6023423
7106310,6.685488,0.5920445
7107312,7.332709,0.57222795
7108311,7.4142756,0.6254304
7109311,8.188919,0.5158933
7110310,7.3739824,0.62832385
7111310,7.694088,0.6284658
7112309,7.4698853,0.6536124
7113310,7.090584,0.5505129
7114310,6.666677,0.66293126
7115310,6.751016,0.6093012
7116310,7.2501516,0.6325945
7117309,6.9962945,0.61875695
7118310,6.863272,0.60937476
7119310,6.87678,0.5966289
7120310,7.1973023,0.5657874
7121312,7.11992,0.64382666
7122310,6.29162,0.5476518
7123312,6.8848825,0.58792615
7124310,5.614175,0.7076831
7125310,5.865448,0.71597147
7126310,5.8353114,0.5984668
7127310,5.800339,0.68484604
7128310,6.394679,0.59714806
7129310,6.7684693,0.5796588
7130311,6.3476224,0.64081836
7131310,6.5207844,0.63772357
7132312,6.508819,0.6083943
7133314,6.5034595,0.6319198
7134310,6.012462,0.65086335
7135309,6.1440644,0.6030156
7136310,6.3886533,0.602062
7137311,6.621715,0.5962717
7138310,7.4108253,0.6004928
7139310,6.9299345,0.61450297
7140310,6.2970734,0.61600876
7141310,6.213755,0.68906087
7142309,5.57957,0.6715174
7143310,5.4293184,0.69851696
7144310,6.390433,0.6434775
7145310,6.653431,0.63030714
7146310,6.691769,0.5845946
7147310,6.134683,0.5971134
7148310,5.6859355,0.6976495
7149310,5.632674,0.61523956
7150309,5.2106085,0.74416226
7151311,5.00034,0.7624764
7152310,5.0045185,0.64616066
7153310,5.541083,0.6789077
7154310,5.1885414,0.6504255
7155309,5.0556736,0.6745505
7156310,4.9308248,0.76578057
7157310,5.2890754,0.71760213
7158310,5.405548,0.7477889
7159310,4.6197968,0.68867093
7160310,4.8799644,0.66454345
7161310,5.3781404,0.71776
7162310,6.302228,0.62464345
7163310,6.753512,0.6011871
7164310,7.515916,0.6549043
7165309,6.376717,0.64073265
7166310,6.3602605,0.64025754
7167311,6.317978,0.6986212
7168314,6.117077,0.6638096
7169310,6.40954,0.5843492
7170310,7.3045774,0.62320566
7171310,7.198602,0.52083075
7172311,6.638136,0.6343729
7173310,7.294757,0.6011967
7174310,6.512068,0.58518744
7175311,6.664421,0.60303545
7176311,6.5244775,0.56890833
7177309,6.634773,0.60689515
7178310,6.5545125,0.6421544
7179311,5.9757724,0.6234778
7180309,5.6288867,0.6438055
7181310,5.6485305,0.67325616
7182309,5.972871,0.66340303
7183309,5.5351286,0.6383891
7184312,6.4047103,0.58965325
7185310,6.5174603,0.6021347
7186311,6.659629,0.5892564
7187310,6.5622344,0.6319459
7188309,6.7343416,0.6270742
7189310,7.290826,0.5359166
7190309,7.3406005,0.566018
7191309,7.343672,0.57879215
7192310,7.5246253,0.6176143
7193310,6.8127947,0.5715603
7194310,6.7422857,0.62297815
7195311,6.766111,0.5911994
7196310,7.307786,0.6237946
7197311,6.972372,0.65348965
7198310,7.5120153,0.59101963
7199310,6.4177485,0.5933825
7200309,6.858118,0.57726425
7201310,7.5049677,0.56495565
7202310,7.8829308,0.628617
7203311,6.963604,0.55827665
7204310,7.56802,0.61799353
7205310,7.221124,0.6093487
7206310,6.122382,0.668726
7207311,6.212428,0.6366056
7208310,5.947644,0.6093191
7209310,5.2977753,0.6560869
7210310,5.787177,0.6907166
7211309,6.729185,0.6428146
7212310,5.9437795,0.59080285
7213310,6.707012,0.58471406
7214311,7.707356,0.5562566
7215310,7.330324,0.63754416
7216310,8.04614,0.57115585
7217309,7.918564,0.5452386
7218310,7.953249,0.5612844
7219310,7.5542417,0.60590965
7220310,8.279043,0.5830482
7221310,8.051785,0.502622
7222310,8.502792,0.5791643
7223310,8.459177,0.5152006
7224309,7.904472,0.5271802
7225310,7.477874,0.6109466
7226310,7.6740074,0.5512115
7227311,8.298771,0.49550945
7228310,8.0631695,0.5788686
7229310,7.8949223,0.5440114
7230311,8.1054945,0.5627572
7231310,7.529935,0.5843905
7232310,7.208002,0.549703
7233310,7.4093504,0.58366126
7234310,7.4931583,0.61124325
7235310,7.320454,0.6054722
7236309,7.4699697,0.58374
7237310,7.7325664,0.5720787
7238310,7.540237,0.5666316
7239309,7.3911858,0.54531676
7240310,7.821433,0.56534964
7241310,7.3202634,0.58066314
7242309,7.6783733,0.6057495
7243310,7.657313,0.54911387
7244310,7.4620705,0.4868989
7245310,7.7958717,0.5653135
7246310,7.455205,0.586552
7247310,7.422794,0.57299393
7248311,7.317504,0.60613066
7249309,8.222956,0.60955507
7250310,7.348658,0.5384903
7251311,7.616126,0.62636715
7252311,7.0432844,0.5884824
7253311,7.3673387,0.58306056
7254310,6.6982665,0.6419364
7255309,7.2186813,0.5403444
7256310,6.9258666,0.6084106
7257309,7.390918,0.5917427
7258309,6.6912737,0.6687163
7259314,7.344139,0.56913424
7260311,7.3646326,0.6075206
7261310,7.0862455,0.5639601
7262310,7.053159,0.63220346
7263310,7.1271653,0.6729656
7264309,7.714661,0.58268034
7265310,7.1598563,0.6073166
7266310,7.7477083,0.62007135
7267309,6.896889,0.6930349
7268311,6.6800885,0.5976696
7269310,6.3565936,0.621276
7270310,7.3628016,0.5928339
7271310,7.0566983,0.6151856
7272311,7.1547923,0.5766749
7273309,7.053191,0.63723075
7274310,6.5359225,0.63206613
7275311,6.0264735,0.70127904
7276310,6.273043,0.60999405
7277311,7.135812,0.596553
7278310,6.8418865,0.6027425
7279309,6.931237,0.611493
7280311,7.1399255,0.6307757
7281310,6.598938,0.6104361
7282310,7.158502,0.608114
7283310,6.5085263,0.6635578
7284310,7.3656535,0.57146907
7285310,7.5508733,0.54567844
7286310,7.3244953,0.6536658
7287310,7.6251454,0.54587513
7288309,7.6568823,0.62698555
7289310,7.76606,0.5893088
7290310,7.3385687,0.5993056
7291310,7.5398226,0.59948504
7292310,7.5670505,0.53339314
7293316,7.515325,0.5884353
7294310,8.035243,0.5861272
7295309,7.862962,0.5516768
7296310,7.769878,0.65768564
7297310,7.397054,0.57926965
7298310,7.6732183,0.5460605
7299311,7.0613756,0.61460066
7300310,7.4418697,0.5239347
7301310,7.1868258,0.6052815
7302309,7.8502083,0.6363475
7303310,7.62994,0.643681
7304310,7.8428254,0.60683537
7305310,7.4725842,0.6088069
7306311,7.6967688,0.5816231
7307310,6.741705,0.553061
7308310,6.7946,0.6653158
7309310,6.320342,0.67528826
7310311,6.5530944,0.5971302
7311310,6.199842,0.6572109
7312309,6.8426485,0.6328031
7313310,6.819838,0.5569078
7314310,6.420033,0.6088159
7315309,7.0229893,0.62561303
7316310,6.892269,0.5766165
7317311,7.4087315,0.63312536
7318310,7.489023,0.54432374
7319311,7.6756763,0.63064
7320310,7.4498463,0.6480547
7321310,7.26246,0.5462582
7322310,7.4099493,0.57793844
7323310,8.241816,0.5445343
7324310,7.729911,0.61287254
7325310,7.9887757,0.5614369
7326310,8.279818,0.5910785
7327310,8.101478,0.5228948
7328310,8.024753,0.64013493
7329310,8.31344,0.60646194
7330310,7.815697,0.5546697
7331310,6.8832417,0.586416
7332310,7.5162315,0.532619
7333310,6.8089437,0.56712615
7334309,7.3432827,0.6414552
7335310,7.8756905,0.5275082
7336310,7.497656,0.60135007
7337310,7.1963015,0.61335856
7338310,7.2935677,0.6818609
7339311,7.1349726,0.52780247
7340310,7.5155582,0.56657135
7341311,8.075258,0.5465725
7342310,7.799618,0.5975526
7343310,7.1245155,0.65109915
7344309,6.9228883,0.5699586
7345310,6.5568533,0.61667573
7346309,6.9943905,0.65184623
7347309,7.046199,0.62010676
7348310,7.2229176,0.5768282
7349310,7.188091,0.62237686
7350310,6.765954,0.7009872
7351309,6.8839073,0.68139553
7352310,7.067823,0.58602744
7353311,7.546237,0.59032625
7354310,8.016369,0.5614919
7355310,7.7042093,0.5827583
7356310,7.817739,0.54942775
7357309,7.339298,0.58580697
7358310,7.1305084,0.6283883
7359310,7.314679,0.596414
7360310,7.6368113,0.5598851
7361310,7.756754,0.5322371
7362309,7.509804,0.6177651
7363310,7.459948,0.6235422
7364310,6.9696193,0.5903066
7365311,7.1836514,0.5948703
7366310,6.983659,0.6427752
7367310,6.787972,0.578327
7368311,7.2812963,0.58657557
7369311,6.1219664,0.65774935
7370310,5.91131,0.610093
7371310,6.109182,0.59525937
7372309,6.035655,0.56756246
7373310,5.0207453,0.6217049
7374310,5.0262856,0.68418294
7375310,4.007887,0.71003175
7376310,2.9132757,0.778015
7377309,2.1391442,0.8132525
7378311,1.7549211,0.86838025
7379310,1.4563308,0.8790544
7380310,1.4207836,0.90477854
7381310,1.5775584,0.8781163
7382310,1.6582915,0.8580506
7383310,1.827561,0.8689397
7384311,1.7791998,0.8373636
7385310,1.9910364,0.792338
7386310,2.113784,0.8347561
7387310,2.1599827,0.85835856
7388310,1.7083052,0.86014533
7389310,1.5627147,0.84918356
7390310,1.4337171,0.87553704
7391309,0.9986614,0.9106711
7392311,1.1807547,0.92901915
7393311,1.1438127,0.91009283
7394311,1.289757,0.9111543
7395310,1.3230275,0.9211231
7396310,1.8303498,0.8735206
7397310,1.9312198,0.8632847
7398310,1.9560654,0.8232076
7399310,2.022049,0.844328
7400310,1.9513961,0.81497866
7401310,1.7274532,0.8325052
7402311,2.723545,0.8053159
7403311,2.6853325,0.79409724
7404310,2.7308512,0.7607348
7405311,3.1363657,0.77245516
7406310,2.5178783,0.80069107
7407310,2.0473697,0.827832
7408310,2.6432006,0.79475254
7409309,2.457211,0.79906344
7410310,3.0108628,0.7740289
7411310,3.5230408,0.7756424
7412310,3.46651,0.7574128
7413310,3.5914822,0.7521793
7414310,3.5665436,0.7127473
7415310,3.7755456,0.70822203
7416310,3.6439333,0.7899846
7417310,3.694392,0.73371255
7418310,3.4792564,0.7732299
7419310,3.2373984,0.7581041
7420310,3.220029,0.77901614
7421310,2.361503,0.82256114
7422310,2.514805,0.8622326
7423310,2.21609,0.8062432
7424310,2.411448,0.79350406
7425310,2.5384524,0.86923647
7426310,2.9577298,0.78501344
7427311,2.891773,0.7972362
7428310,3.545978,0.7491067
7429310,4.4191794,0.7625659
7430311,3.806979,0.7553541
7431309,4.560811,0.6935407
7432310,3.8653116,0.80894005
7433310,4.341664,0.67773855
7434310,4.693755,0.6967272
7435310,4.616802,0.7258108
7436310,5.043543,0.72925305
7437311,5.022835,0.72093534
7438309,4.0094733,0.7159514
7439313,3.2869418,0.7596586
7440310,3.7359147,0.7794687
7441310,4.2412004,0.75673777
7442309,4.7160134,0.7672571
7443310,4.984977,0.7037344
7444310,5.389552,0.7504863
7445313,4.658496,0.70499
7446310,4.4343863,0.7620761
7447309,3.644966,0.73700887
7448310,3.9407873,0.7720864
7449310,4.6793804,0.72888577
7450311,4.5584865,0.75328416
7451311,3.979415,0.71933025
7452310,4.936249,0.6957138
7453310,4.319317,0.65598387
7454310,4.441149,0.64448476
7455310,4.224598,0.7127892
7456310,4.173289,0.7278974
7457309,3.5240102,0.77770054
7458310,3.7153444,0.7993499
7459310,4.1614447,0.75065535
7460309,4.359728,0.74128395
7461309,4.530144,0.77195376
7462310,4.468871,0.70233303
7463311,4.225121,0.77253455
7464310,4.154157,0.7016507
7465310,4.2804923,0.73879725
7466309,4.5344768,0.71022767
7467310,4.809361,0.71916
7468310,4.2583723,0.7108998
7469311,4.543784,0.6661851
7470312,4.9087515,0.7252251
7471310,4.3903265,0.6797975
7472310,4.676041,0.6351716
7473310,4.0717316,0.71787506
7474310,4.3307266,0.678927
7475310,4.0784683,0.7747431
7476310,4.2437773,0.7476512
7477310,4.653644,0.7138516
7478309,4.462042,0.746623
7479310,4.7159038,0.69850457
7480310,4.873298,0.65918803
7481311,4.671565,0.7368399
7482310,4.7778387,0.7156555
7483310,4.461156,0.6957954
7484309,4.9304633,0.70933414
7485310,4.804105,0.65276355
7486310,5.085208,0.64006037
7487310,4.4062,0.7146877
7488310,5.187922,0.673971
7489310,5.197722,0.63990694
7490309,4.9195395,0.6703826
7491311,5.446934,0.7127305
7492310,5.381527,0.64125407
7493310,5.3347154,0.6244181
7494309,5.8369126,0.5945332
7495310,5.504045,0.6516073
7496310,5.320567,0.6688601
7497309,5.428438,0.7315517
7498310,4.922407,0.68232673
7499310,4.8311033,0.65390795
7500310,4.5119104,0.65961576
7501309,4.537286,0.7129219
7502311,5.2271643,0.64851755
7503309,5.281418,0.692584
7504311,5.4428663,0.7414297
7505311,5.052675,0.6548543
7506310,4.4589524,0.7269941
7507309,4.1591225,0.7205572
7508310,4.5732,0.679537
7509310,4.4449735,0.674544
7510310,4.3828444,0.6857696
7511310,5.2364902,0.65915734
7512310,4.9335775,0.6946649
7513309,3.9905844,0.7459591
7514310,4.608449,0.7085813
7515310,5.348508,0.6811126
7516311,4.28691,0.6916268
7517312,4.232759,0.7324259
7518310,4.2257195,0.74972224
7519310,5.0188174,0.70849705
7520310,4.6615896,0.7593604
7521310,4.8900356,0.68731403
7522310,5.015064,0.63580745
7523311,4.18844,0.6757924
7524310,4.5868573,0.6566855
7525310,4.108221,0.7533557
7526310,4.5509076,0.66762954
7527310,4.4878325,0.73193115
7528310,3.765088,0.7214227
7529310,3.672365,0.7580871
7530310,4.2573457,0.7065224
7531310,3.9670742,0.6746403
7532310,4.145928,0.75036746
7533309,5.213426,0.6748043
7534312,4.968102,0.65298647
7535310,4.562626,0.7363043
7536310,4.0838547,0.75049293
7537309,4.1892247,0.7058393
7538310,3.91073,0.71636033
7539311,3.2333615,0.7552866
7540309,3.5893242,0.76601225
7541310,3.9922292,0.71873456
7542310,3.9585276,0.6972193
7543310,3.9470696,0.7994069
7544309,4.0885167,0.73456246
7545310,4.161328,0.6418689
7546311,4.363324,0.6828563
7547310,4.66667,0.67002904
7548310,4.450937,0.7007365
7549309,4.8941,0.67910755
7550310,5.1615443,0.6654864
7551310,4.8198786,0.6622557
7552309,4.7106895,0.68897724
7553310,5.057411,0.6781934
7554311,5.6457095,0.6521781
7555310,5.5363183,0.5837885
7556310,6.1153593,0.62649465
7557310,5.739923,0.6267217
7558310,6.419915,0.6586577
7559310,6.2594414,0.59765387
7560310,6.258617,0.60415626
7561310,5.8062663,0.5770359
7562311,5.9561515,0.63174903
7563309,5.8648224,0.63451856
7564310,5.71474,0.69607955
7565310,5.968732,0.66825575
7566309,6.7764697,0.6662905
7567310,6.4049606,0.6454449
7568310,6.690855,0.55029494
7569311,6.7163033,0.63339716
7570310,5.8178573,0.7037966
7571310,5.8369226,0.70033216
7572310,6.327537,0.62925196
7573310,5.558137,0.6458968
7574310,5.4687514,0.69832116
7575310,5.903708,0.6251879
7576309,5.904167,0.6208926
7577310,5.7915382,0.6641067
7578310,6.3770785,0.66713536
7579313,6.0580363,0.60956573
7580312,5.823753,0.6773847
7581310,5.325458,0.6200841
7582309,6.3284526,0.65361744
7583310,5.525139,0.6966479
7584310,5.7005353,0.6679288
7585310,6.1990466,0.6279416
7586310,6.303495,0.62364346
7587310,5.542478,0.72312015
7588311,5.0707474,0.7207053
7589310,5.379545,0.6970373
7590312,5.4428988,0.6261648
7591310,4.558759,0.7102524
7592310,4.6160765,0.65897053
7593311,4.8101945,0.68167984
7594310,4.658123,0.755775
7595311,5.048467,0.6695707
7596310,5.324511,0.63765275
7597310,5.2774577,0.6727562
7598310,4.930115,0.71703005
7599311,4.840302,0.6437367
7600310,4.3694367,0.68036246
7601309,3.4784763,0.7722209
7602310,3.1764967,0.7912106
7603309,2.6911483,0.82632643
7604310,2.2064373,0.85058486
7605311,1.3045443,0.88166463
7606310,0.99328095,0.91359955
7607310,0.8115473,0.93473697
7608309,0.87786347,0.9268543
7609309,1.0308954,0.89709944
7610310,1.1107746,0.9407417
7611311,1.486146,0.8855059
7612316,1.6936585,0.8843523
7613310,1.8927486,0.8773959
7614310,2.1576004,0.8262403
7615310,2.195671,0.85071313
7616310,2.2109847,0.8577764
7617310,2.2962906,0.83582693
7618310,2.3288057,0.7944715
7619310,2.09769,0.8522519
7620310,2.295394,0.86201745
7621310,2.465455,0.8415133
7622310,2.545122,0.79222727
7623310,3.3408206,0.80028147
7624310,3.5129387,0.7564494
7625310,3.6004076,0.71241874
7626310,3.4138443,0.7379717
7627310,2.6782436,0.81915206
7628310,2.7282166,0.79731876
7629310,2.764468,0.83388186
7630312,2.7738378,0.8128118
7631310,2.424269,0.8121813
7632310,2.560015,0.8151733
7633313,2.2907968,0.8174766
7634310,2.609926,0.82893044
7635311,2.6543186,0.8160686
7636310,2.633446,0.78653425
7637310,3.232497,0.77912295
7638310,3.3639176,0.79588336
7639312,3.022739,0.7447606
7640310,3.0912259,0.77170604
7641310,2.8631487,0.8188213
7642310,2.7615135,0.7764798
7643310,2.22784,0.7968893
7644310,1.628207,0.86946195
7645310,1.4508803,0.8971303
7646311,1.2211423,0.91340584
7647310,0.8810149,0.9386652
7648310,0.77811944,0.92086625
7649310,0.8977717,0.93097985
7650309,0.79030794,0.9495856
7651310,0.74167866,0.92201585
7652310,0.71994567,0.93292785
7653310,0.66341996,0.93217933
7654311,0.64668006,0.9288722
7655310,0.675541,0.927608
7656310,0.6756394,0.93406665
7657309,0.6716102,0.9258468
7658310,0.6267934,0.9581201
7659310,0.62354785,0.948325
7660310,0.59823406,0.94232696
7661310,0.57821375,0.95945776
7662310,0.64248675,0.94505674
7663310,0.7093319,0.9162607
7664310,0.70698905,0.94519484
7665311,0.7246175,0.9441272
7666310,0.7146363,0.94537336
7667309,0.6249776,0.9437497
7668310,0.63103855,0.9405549
7669309,0.6103,0.93691987
7670311,0.5761535,0.9431172
7671310,0.57840675,0.9505273
7672310,0.6826789,0.95368147
7673310,0.773979,0.9377649
7674311,1.1746197,0.9111017
7675310,1.4341705,0.9005256
7676310,1.4456351,0.85399383
7677310,1.4848554,0.8849998
7678310,1.9426742,0.86713135
7679310,2.139534,0.8579943
7680310,2.111854,0.7807197
7681310,3.2498715,0.81849104
7682310,3.0579104,0.7411229
7683310,2.6814,0.830771
7684310,2.7862277,0.8076834
7685311,2.4913585,0.84173095
7686310,2.2781065,0.81360984
7687310,2.2428215,0.8167349
7688310,2.3229847,0.83571
7689309,1.7306792,0.85712504
7690311,1.4581841,0.8887477
7691311,1.4261686,0.854144
7692310,1.7911825,0.8844743
7693312,2.122245,0.8447554
7694310,2.4391742,0.82667273
7695310,2.8079057,0.81952715
7696310,2.5947988,0.83540916
7697310,2.5724032,0.8030033
7698310,3.5335927,0.79509807
7699309,3.365106,0.81735057
7700310,3.4821236,0.7680523
7701309,3.6277049,0.76787066
7702315,3.538848,0.7558086
7703310,3.1930158,0.76973957
7704310,3.847116,0.73581153
7705310,3.976825,0.7864087
7706309,4.3662424,0.6985806
7707310,4.385537,0.7130562
7708310,4.014691,0.73594326
7709310,4.298002,0.73155063
7710311,4.6286616,0.6696022
7711310,4.2330093,0.69570297
7712310,5.3504415,0.6633744
7713310,5.358512,0.6744759
7714310,4.8680496,0.6768843
7715310,5.2583194,0.667138
7716310,4.754639,0.7126938
7717312,4.4971504,0.72285676
7718309,4.584092,0.73229504
7719311,5.0541043,0.7421851
7720311,4.9068856,0.6794433
7721311,4.6328864,0.6558808
7722310,5.182459,0.65193295
7723310,5.1601615,0.70007443
7724310,4.6587653,0.7315183
7725311,4.6600523,0.6722085
7726309,4.89767,0.70492166
7727311,4.9134345,0.65505195
7728310,4.8150215,0.7117357
7729310,5.1040273,0.72442937
7730310,4.784454,0.7066101
7731310,4.4283304,0.697533
7732310,4.1356993,0.7142841
7733310,4.966061,0.7141436
7734310,4.600113,0.68026125
7735311,5.4803405,0.74786466
7736310,5.6069407,0.69626653
7737310,5.0827856,0.7162407
7738310,4.5276575,0.71041083
7739311,4.016073,0.71407074
7740310,3.724874,0.7937589
7741310,2.8724682,0.787571
7742310,3.4138677,0.81372255
7743310,3.9999897,0.7307086
7744310,3.0495455,0.76932955
7745310,2.7886012,0.79792666
7746310,2.5185928,0.8287491
7747310,1.6886426,0.8968023
7748309,1.0413665,0.906511
7749310,1.0443616,0.9358829
7750310,0.778012,0.95560867
7751310,0.8217431,0.92008495
7752310,1.0521679,0.9220079
7753311,1.2782843,0.9012334
7754310,1.5402014,0.8680862
7755311,2.1949074,0.77496517
7756310,3.1056085,0.81477153
7757310,3.1224897,0.8162721
7758310,3.330485,0.77026945
7759311,3.405138,0.76878905
7760310,3.0039997,0.7584742
7761310,3.1721199,0.7370742
7762310,3.299656,0.78515875
7763311,3.2378435,0.74663275
7764311,3.3185596,0.7801346
7765309,3.9049454,0.7270877
7766310,3.574234,0.81696796
7767310,3.5181808,0.7499461
7768310,3.9344532,0.755851
7769310,4.2108903,0.6651293
7770310,3.9501522,0.759701
7771311,3.6248653,0.80860597
7772309,3.7973452,0.7792828
7773310,4.200172,0.7167228
7774309,3.9749703,0.7079645
7775310,4.3946486,0.69207317
7776311,3.777248,0.7428375
7777310,3.6459389,0.762681
7778310,3.0553586,0.8267315
7779310,3.990247,0.75366473
7780310,3.6418414,0.7759172
7781310,4.094348,0.7460392
7782310,4.065101,0.7713266
7783310,3.9653115,0.75579894
7784313,3.4184167,0.83210206
7785311,3.4325001,0.7829981
7786310,3.4407833,0.7644564
7787310,3.8509583,0.7212459
7788312,3.9744132,0.6911173
7789310,4.8967657,0.6587197
7790311,4.659644,0.6958269
7791310,4.938129,0.6468167
7792309,4.4254093,0.72885007
7793310,4.6068473,0.69605315
7794310,4.0055957,0.75553817
7795310,3.5151424,0.7505951
7796311,3.829409,0.68940574
7797309,3.9624677,0.73983103
7798311,3.9394987,0.7308417
7799309,3.8305469,0.7351423
7800312,4.188741,0.78951687
7801310,4.0641713,0.68243355
7802310,3.7333593,0.7276885
7803310,3.8762918,0.7641751
7804309,3.8879883,0.7391824
7805310,3.8852608,0.7943264
7806310,3.5754023,0.7969855
7807310,3.7049572,0.7865414
7808311,4.2044263,0.74034065
7809309,4.7868476,0.6787777
7810310,4.612606,0.7360183
7811310,5.168876,0.7287878
7812310,5.034353,0.6725409
7813312,5.3125415,0.71514696
7814310,5.6959906,0.71876365
7815310,5.8298235,0.7054117
7816310,4.8314595,0.6792981
7817310,4.472577,0.7209682
7818310,3.7041156,0.7322312
7819310,4.1332636,0.7253932
7820310,4.090111,0.7450822
7821310,4.167227,0.68682027
7822311,4.3488426,0.6610225
7823309,4.5296426,0.70209944
7824310,3.804751,0.7712454
7825310,4.4515734,0.75141895
7826310,4.8444967,0.71057564
7827309,4.5429792,0.6985015
7828310,5.832489,0.6077124
7829311,5.362162,0.6245008
7830310,5.3626823,0.70593053
7831310,5.819728,0.752084
7832310,6.2394543,0.6465226
7833310,5.9986734,0.65237993
7834311,5.6651244,0.7187913
7835310,5.4830055,0.71544933
7836309,5.1189156,0.69700325
7837310,5.366452,0.65306515
7838310,5.2098083,0.67610943
7839310,6.0833173,0.71967095
7840310,6.19362,0.58798623
7841310,5.565939,0.7374818
7842311,4.8851604,0.7224031
7843310,5.3761835,0.6034546
7844309,5.3434815,0.6446071
7845310,5.4776278,0.68930304
7846309,5.4471474,0.635395
7847310,5.581171,0.68230927
7848311,4.7000923,0.69369197
7849309,4.9876437,0.67337716
7850310,4.826679,0.7200172
7851311,5.1562185,0.6452633
7852310,5.419487,0.6190187
7853309,5.4863687,0.72029793
7854310,5.7934537,0.69204855
7855311,5.1123896,0.58044064
7856309,5.533424,0.6490932
7857309,5.9216003,0.63468987
7858310,5.79983,0.624503
7859310,5.5912485,0.6390139
7860310,5.5266433,0.7449883
7861310,4.8005033,0.7167321
7862310,4.3477006,0.73768777
7863309,3.774459,0.7664665
7864310,3.8242428,0.76817954
7865310,4.6346626,0.76631737
7866310,5.051288,0.7161155
7867310,5.5316567,0.61414206
7868310,4.561613,0.73035425
7869309,5.291004,0.65045923
7870310,4.465544,0.72441816
7871310,5.3878546,0.68770117
7872310,5.3521433,0.62856495
7873310,5.14484,0.66622394
7874310,4.9912195,0.7582576
7875310,4.2321153,0.72054166
7876311,3.158344,0.7522704
7877310,3.720449,0.71702343
7878310,3.86687,0.7850721
7879310,3.667929,0.7448103
7880310,3.1159887,0.78579843
7881310,3.320442,0.7866649
7882310,3.48276,0.7448624
7883310,3.5062425,0.78376347
7884310,4.311995,0.7716952
7885311,4.8283834,0.7378884
7886310,4.555519,0.71423894
7887310,4.2117977,0.7792628
7888311,4.5071964,0.7039725
7889310,4.165752,0.6682948
7890310,4.2898464,0.67655
7891310,4.4373727,0.71782607
7892311,3.9660761,0.73771036
7893310,4.1174517,0.7265691
7894310,4.6879625,0.71998984
7895310,4.570033,0.77421224
7896310,4.092469,0.7585803
7897311,4.119194,0.75850993
7898310,3.5561144,0.7754808
7899310,3.1958833,0.77507794
7900310,2.9642465,0.8268891
7901310,3.5241363,0.7657681
7902310,3.9060624,0.72786003
7903310,4.239419,0.66894114
7904310,4.138016,0.72076464
7905310,4.1776857,0.7093855
7906310,3.8654423,0.74023294
7907311,3.6626515,0.7426276
7908310,3.4747121,0.77945757
7909310,4.1524844,0.7331889
7910311,3.7556472,0.7514363
7911309,3.7206876,0.8099449
7912310,4.40572,0.7443808
7913310,3.6009655,0.73942477
7914310,4.160959,0.7062197
7915310,3.530824,0.74805754
7916309,3.5659502,0.7246157
7917310,3.2284992,0.7339007
7918310,3.5659795,0.72380954
7919316,3.1413264,0.8181307
7920310,3.4968066,0.72948855
7921309,3.5597556,0.7323934
7922310,4.536822,0.73413527
7923310,3.6468475,0.7300854
7924310,4.078226,0.65441793
7925310,4.409785,0.684577
7926310,3.7573764,0.73836684
7927311,3.7924945,0.74053717
7928310,3.7685583,0.67837054
7929310,3.2554252,0.8026101
7930311,3.423759,0.7628056
7931309,3.6026149,0.74382204
7932310,3.5820181,0.76961535
7933310,3.499917,0.7815093
7934310,3.3548155,0.76941234
7935310,3.2583559,0.8138048
7936311,3.2664227,0.7631898
7937311,3.176705,0.7948092
7938310,2.7887316,0.8543332
7939310,2.8768008,0.8257871
7940310,3.3680384,0.7789715
7941310,3.6589293,0.7307419
7942311,3.2451856,0.78688455
7943311,2.856958,0.771828
7944309,2.5685027,0.8623288
7945311,1.7262692,0.84496874
7946310,1.736928,0.8713411
7947311,1.8887582,0.90280145
7948309,1.9569925,0.8396836
7949310,1.8278788,0.8760423
7950310,1.4658911,0.8625554
7951310,1.8611801,0.8765391
7952310,2.4362767,0.84986895
7953310,2.7130032,0.8166203
7954310,2.6701314,0.851802
7955310,2.609123,0.80169964
7956311,2.7441866,0.7910651
7957310,2.2975855,0.8610517
7958310,2.0472631,0.87464243
7959310,2.054704,0.8401411
7960310,1.8441314,0.86590946
7961315,1.4966418,0.87783104
7962309,1.4383618,0.86985314
7963310,1.437821,0.8814192
7964310,1.2113966,0.90108013
7965309,1.303496,0.89444876
7966310,1.1810064,0.8745275
7967311,1.2348225,0.9030778
7968310,1.3677962,0.87374437
7969310,1.4392687,0.9035647
7970310,1.7017276,0.86235034
7971310,2.2817864,0.8479025
7972309,2.5091515,0.8065888
7973310,2.3598573,0.86412525
7974310,3.2580893,0.7828026
7975310,2.8753753,0.82678354
7976310,2.6002278,0.7880743
7977310,2.2078624,0.86779124
7978310,2.2500908,0.8635402
7979309,1.8298986,0.8379074
7980310,2.3507504,0.80502397
7981310,2.271249,0.8254275
7982311,2.8293564,0.8053619
7983309,2.7726755,0.81309044
7984309,2.9701045,0.7528505
7985313,2.6741562,0.8434057
7986310,2.9420853,0.7977601
7987310,2.4648716,0.8251724
7988312,2.611649,0.8291276
7989310,2.7698262,0.8036239
7990309,2.4946365,0.836824
7991309,2.6354816,0.79218847
7992310,3.1801078,0.80273825
7993311,3.0951502,0.8521124
7994310,2.991249,0.77562493
7995310,3.3747778,0.7694453
7996309,3.0120993,0.7747728
7997310,2.873083,0.8131378
7998311,2.3896825,0.81639916
7999310,2.3005545,0.83932745
8000310,2.4599168,0.83061445
8001310,2.6146193,0.7942961
8002309,2.744263,0.8278266
8003310,2.8324206,0.77013916
8004310,3.1247847,0.8027041
8005310,3.4652507,0.788647
8006320,3.1388938,0.7958769
8007311,3.2690015,0.77605045
8008311,2.4043133,0.80363274
8009309,1.8921535,0.8360348
8010309,1.1250402,0.9402107
8011310,1.0336914,0.9437534
8012310,0.8010475,0.9385711
8013310,0.7445298,0.93363136
8014310,0.794638,0.9344965
8015310,0.9628479,0.9303377
8016310,0.96167266,0.93140644
8017309,1.139379,0.9187064
8018309,1.2528692,0.92271185
8019310,1.13551,0.916847
8020310,0.992108,0.93067825
8021310,0.9704971,0.908509
8022310,0.9585632,0.91018695
8023311,0.9917358,0.90895426
8024311,1.1627406,0.9043827
8025310,1.8046919,0.87257475
8026310,2.685293,0.83830917
8027310,3.3286145,0.7767382
8028311,3.2784512,0.8089913
8029310,3.6732688,0.7780833
8030311,3.2364717,0.7652312
8031310,2.587247,0.7762602
8032310,3.0840573,0.7404826
8033310,3.2191434,0.69449717
8034309,3.975428,0.77978814
8035310,4.471748,0.63069725
8036310,4.8453174,0.7533929
8037310,4.7811837,0.6584236
8038311,4.277649,0.74944615
8039311,4.701043,0.6715421
8040311,4.381526,0.73148674
8041310,5.0572352,0.68754303
8042310,4.013215,0.742623
8043310,4.310579,0.7555229
8044310,3.8770792,0.74871653
8045310,3.9575477,0.7705249
8046311,4.622719,0.7090012
8047310,5.0107303,0.67798275
8048310,4.87936,0.6456658
8049310,5.2063456,0.7343182
8050312,4.1385036,0.7696517
8051310,4.795921,0.7313177
8052309,4.676445,0.6878343
8053310,3.7283678,0.7436492
8054310,4.2782555,0.72648066
8055311,4.955788,0.6840564
8056310,4.3129573,0.76927876
8057310,4.236908,0.781285
8058310,5.0143747,0.68444496
8059310,4.7932887,0.735938
8060309,4.356781,0.69594604
8061310,4.2176137,0.7521134
8062310,3.7998557,0.7732526
8063310,3.411166,0.78801566
8064310,3.6051145,0.78493613
8065309,3.8415735,0.76409084
8066310,4.091878,0.7396109
8067310,4.1532073,0.7599084
8068310,4.6022215,0.6762988
8069310,3.9343138,0.7468824
8070310,3.7048316,0.7606684
8071309,4.199626,0.7482059
8072310,3.8932858,0.7389918
8073311,4.643244,0.7421839
8074310,4.89314,0.65335625
8075310,5.51986,0.6489677
8076310,4.635659,0.7575684
8077309,5.5732903,0.64916676
8078311,5.5618567,0.69075024
8079311,5.6429453,0.67211914
8080310,4.7639356,0.71423906
8081310,5.325234,0.6763453
8082310,5.039212,0.77623767
8083311,4.395445,0.6922809
8084310,5.238537,0.6347104
8085310,5.4943976,0.7223334
8086310,4.7866683,0.69444066
8087310,4.98059,0.6796767
8088312,5.1623845,0.6991385
8089310,4.502357,0.7202945
8090310,4.9769287,0.65542024
8091310,4.736004,0.6708981
8092309,4.830265,0.6976912
8093311,4.8466444,0.6733217
8094310,4.960169,0.6477547
8095310,4.9617186,0.7190885
8096310,5.035831,0.7064807
8097310,5.5304866,0.6666135
8098310,5.5160923,0.7051243
8099310,5.4533486,0.6686654
8100311,5.2720823,0.62446547
8101312,5.7656713,0.6721205
8102311,5.6923513,0.6726738
8103310,5.3159075,0.61753565
8104309,5.8806744,0.57850254
8105309,5.5460887,0.6202017
8106309,5.901125,0.6138558
8107310,5.3490725,0.66283226
8108310,5.4655814,0.69112474
8109310,5.5010524,0.6877747
8110310,4.551646,0.7063067
8111310,4.885391,0.7310799
8112310,5.094093,0.69848967
8113310,5.376796,0.6130125
8114310,5.361565,0.6933197
8115309,5.683326,0.6618488
8116310,5.3903666,0.66451925
8117310,4.858055,0.6917333
8118310,4.698859,0.72584367
8119311,5.00032,0.64636075
8120310,4.765204,0.65963703
8121310,4.7080545,0.70003116
8122310,5.280927,0.72065324
8123309,5.5596395,0.7097161
8124310,5.3648696,0.7170881
8125310,5.1825666,0.6603077
8126309,4.9120483,0.73084414
8127309,5.0379043,0.6509314
8128310,5.1931095,0.61520034
8129309,5.021708,0.6632227
8130310,5.2015386,0.68291575
8131311,5.298394,0.7023449
8132310,4.1251726,0.7240713
8133310,5.1593337,0.713453
8134309,5.407457,0.6508572
8135310,5.394358,0.7012996
8136310,5.338178,0.6452788
8137310,5.382707,0.77110153
8138310,4.951336,0.7381773
8139310,4.3084645,0.7155271
8140310,4.383406,0.71269286
8141310,4.8209243,0.69555444
8142310,5.2400255,0.6774536
8143310,5.3162684,0.639041
8144310,4.9311714,0.6589784
8145310,5.335392,0.6644118
8146311,4.481757,0.7422571
8147310,4.412929,0.66821915
8148309,4.8429255,0.6804127
8149315,4.2493715,0.7420896
8150310,4.773298,0.65601635
8151312,4.9658685,0.7072535
8152310,4.317467,0.6973982
8153310,4.508694,0.71224993
8154310,4.4507966,0.696588
8155309,4.581244,0.72571075
8156310,4.599085,0.6614608
8157310,5.16773,0.63258606
8158310,5.133648,0.67812026
8159309,5.4743733,0.7024296
8160311,5.343059,0.6931352
8161310,5.4446783,0.6148272
8162311,5.1101475,0.65522075
8163311,5.565017,0.67221993
8164309,5.5939913,0.6685308
8165311,5.306082,0.65635014
8166311,5.418816,0.6140987
8167310,4.908669,0.66894317
8168311,5.1487036,0.6919719
8169309,5.6149535,0.60984266
8170310,5.22982,0.6504703
8171310,5.0156517,0.62975216
8172310,5.7230444,0.5729694
8173310,4.66187,0.68195724
8174310,4.652618,0.7259628
8175309,5.0476336,0.701339
8176310,4.9980297,0.6565473
8177310,4.968141,0.7306625
8178310,4.571143,0.68770176
8179310,4.2931795,0.7036821
8180310,5.2042704,0.6545347
8181310,5.0611596,0.6584143
8182310,4.8229985,0.7014656
8183310,5.113073,0.6888649
8184311,5.121826,0.73221576
8185310,5.072954,0.7786391
8186310,4.828055,0.7018918
8187310,6.4013076,0.5791095
8188310,6.5410314,0.613026
8189310,5.9779544,0.61449707
8190310,6.1379414,0.6235715
8191309,6.078601,0.659137
8192310,5.695628,0.6192556
8193309,5.846419,0.6793203
8194310,6.6011896,0.63700527
8195310,6.3297315,0.71227217
8196310,6.4796877,0.70197713
8197310,5.9671702,0.6532874
8198310,4.6726894,0.76223785
8199309,5.1312637,0.7208703
8200310,5.218286,0.61730814
8201311,5.383178,0.6781186
8202310,5.702259,0.65982944
8203310,5.779572,0.6483848
8204310,5.662469,0.669252
8205309,5.489076,0.72419906
8206310,4.8786697,0.7133392
8207310,5.4522886,0.64994293
8208309,6.1736097,0.6084578
8209309,5.835564,0.6724759
8210309,5.5753937,0.6301355
8211310,5.7599096,0.7098461
8212310,5.36298,0.6453595
8213310,4.749796,0.624279
8214310,5.3647833,0.6493395
8215310,5.5542426,0.60057646
8216310,5.779442,0.6923718
8217310,5.8630495,0.6397526
8218310,5.6265883,0.6002243
8219310,4.917019,0.65842134
8220309,5.049501,0.7075218
8221309,4.9821005,0.64574885
8222311,5.607924,0.7039452
8223310,5.1842237,0.6845136
8224311,5.2357235,0.5906209
8225310,4.509537,0.7124673
8226319,3.9174936,0.6579938
8227310,3.901713,0.7125766
8228309,4.5720615,0.7372603
8229310,4.7440267,0.6551688
8230310,4.364339,0.6924886
8231310,4.321385,0.72996277
8232310,4.292187,0.706793
8233310,3.3241153,0.73908275
8234310,3.1759293,0.7462155
8235310,3.0791488,0.76195985
8236310,2.9773202,0.75716573
8237310,3.4208248,0.7499628
8238310,3.9698796,0.7566303
8239310,3.7765055,0.7010792
8240309,3.9541936,0.71425235
8241310,3.7575712,0.6984089
8242310,3.2185955,0.77497333
8243310,3.5755653,0.7632769
8244310,3.3195887,0.75035876
8245311,3.7124345,0.7667284
8246310,3.545328,0.80900246
8247310,3.5841713,0.7877229
8248310,3.937878,0.7215975
8249310,3.8024843,0.68858486
8250309,3.6832504,0.7330145
8251310,4.3160834,0.7400537
8252310,3.699542,0.7882825
8253310,3.925252,0.7403226
8254310,3.4696643,0.761199
8255310,3.2300482,0.7952921
8256310,4.0177436,0.78571415
8257311,4.0779996,0.7245342
8258310,4.0168986,0.83352256
8259309,4.5355444,0.69973946
8260310,3.9004426,0.77425116
8261309,3.6464648,0.75167143
8262310,4.286462,0.6977955
8263310,4.429804,0.73888934
8264309,3.965938,0.744233
8265309,4.041096,0.7040192
8266311,4.439468,0.7280185
8267310,4.108821,0.7553037
8268309,4.1643596,0.7391064
8269310,4.276106,0.71107966
8270310,4.2220097,0.73111486
8271310,4.9484673,0.72878855
8272310,5.388913,0.62543863
8273310,4.9956093,0.6347786
8274309,5.1525297,0.6584255
8275311,4.7505474,0.68124396
8276310,3.7748373,0.6935159
8277310,3.9058692,0.7680487
8278310,4.6161466,0.6441206
8279310,3.8908348,0.7195653
8280309,4.0303583,0.7323636
8281310,3.6603649,0.75132567
8282310,3.6542778,0.77647746
8283310,3.3009403,0.7786906
8284311,4.2588387,0.71709687
8285310,4.8040953,0.7266318
8286311,4.9318666,0.6880441
8287310,4.7222223,0.6963169
8288310,4.6828346,0.725334
8289310,4.9377513,0.7153346
8290310,5.032432,0.7246586
8291310,4.9079947,0.71933496
8292314,5.1631284,0.6884436
8293310,5.302103,0.7412951
8294311,4.985838,0.695835
8295310,5.5002074,0.72372264
8296310,5.1695085,0.62784445
8297310,5.8193274,0.6226374
8298311,5.4616942,0.6557803
8299311,5.3617926,0.7583221
8300311,5.8936586,0.60951537
8301310,5.8705235,0.61724573
8302310,5.214405,0.72452986
8303310,4.9397607,0.6451645
8304310,4.0422187,0.7455716
8305309,3.5579553,0.7187215
8306310,3.374631,0.755432
8307310,2.6909137,0.7739244
8308310,2.510114,0.80820674
8309309,2.2791123,0.7852592
8310309,2.187804,0.88266873
8311309,1.883049,0.8414959
8312309,2.3842607,0.82979375
8313310,2.4629118,0.7853891
8314309,2.2079973,0.84677374
8315310,1.9549308,0.8676301
8316309,2.1293664,0.82897615
8317310,1.8831663,0.8997228
8318310,1.8999211,0.86146283
8319310,2.4208806,0.83866674
8320310,2.6002092,0.7670281
8321310,3.7424033,0.7497712
8322310,3.701124,0.7164189
8323310,4.4175744,0.7430174
8324310,4.201658,0.6764746
8325309,4.8026896,0.7331121
8326311,4.576792,0.7584024
8327310,4.8852386,0.6471444
8328310,4.411478,0.7569462
8329310,4.6490006,0.6926157
8330311,4.2604136,0.73920906
8331310,4.561949,0.7253951
8332310,3.8294535,0.77726185
8333310,4.745247,0.7280577
8334311,4.501314,0.68509656
8335309,4.5237765,0.69656223
8336311,4.5298276,0.69636977
8337310,4.380713,0.7165179
8338310,4.2181706,0.7321289
8339310,4.0357556,0.7506422
8340310,4.1058354,0.7243612
8341311,4.210985,0.7480723
8342309,4.5409045,0.70155215
8343310,4.44131,0.7513949
8344310,4.635957,0.65781707
8345311,4.0422783,0.7615
8346309,4.4799824,0.6710463
8347311,4.0934105,0.7799465
8348310,4.723631,0.70185566
8349310,4.184583,0.7068126
8350311,4.5776772,0.70751727
8351310,4.0840225,0.69705397
8352310,3.657088,0.77828157
8353310,3.6993876,0.7540025
8354310,3.6241682,0.7812751
8355310,4.182177,0.7250822
8356310,4.376638,0.7478996
8357310,4.184956,0.77287275
8358310,4.989129,0.66851044
8359310,4.3668537,0.77061135
8360310,4.5099764,0.646372
8361310,4.9497075,0.6547558
8362312,3.9755342,0.71878684
8363310,4.7423606,0.6782143
8364311,5.0799136,0.6459903
8365310,5.5692983,0.6718214
8366309,5.02832,0.6802263
8367310,4.4501066,0.6170452
8368310,3.7296517,0.79430676
8369310,3.7113047,0.75240767
8370310,3.6489866,0.681675
8371310,3.7147703,0.78462374
8372310,4.242754,0.68376833
8373309,4.063623,0.7457845
8374310,3.7575445,0.75531256
8375310,3.8653116,0.6496526
8376311,3.376476,0.7197254
8377310,3.9057539,0.68462193
8378310,3.8724573,0.74298
8379311,4.217879,0.7232281
8380310,4.6065187,0.75036055
8381310,4.319044,0.6653341
8382310,4.1194806,0.7315211
8383310,3.3658996,0.8193197
8384310,2.2009928,0.8162403
8385310,1.7663304,0.8437082
8386310,1.0668259,0.9262192
8387310,0.8056081,0.9322912
8388310,0.65234935,0.9392871
8389310,0.6447622,0.9562514
8390310,0.66734713,0.9288129
8391310,0.71936816,0.92804015
8392310,0.669946,0.9470393
8393309,0.6713564,0.9514202
8394310,0.6748866,0.9399772
8395310,0.6350822,0.94654197
8396310,0.5882683,0.9589633
8397310,0.5567454,0.95058805
8398310,0.55009115,0.9540579
8399310,0.560271,0.95231754
8400310,0.5531856,0.93973273
8401310,0.54665625,0.94639087
8402309,0.539871,0.9549168
8403310,0.554015,0.95820475
8404309,0.5314534,0.9571738
8405310,0.52505726,0.9586757
8406310,0.54284525,0.953892
8407309,0.5671556,0.93974483
8408310,0.6782083,0.93902004
8409310,0.91319966,0.9270644
8410310,1.385321,0.9097431
8411310,2.2130728,0.86603016
8412311,2.512204,0.8113514
8413314,2.8339386,0.83239865
8414310,2.923023,0.80516607
8415309,2.8808746,0.816468
8416310,2.2866564,0.8319592
8417310,2.4004517,0.8168345
8418310,2.6607456,0.7758451
8419310,2.9049892,0.74637
8420310,2.9189942,0.77356905
8421310,3.391083,0.79083395
8422310,3.5215359,0.7969149
8423310,3.0101244,0.82563764
8424310,4.0802245,0.7225855
8425313,3.1872869,0.7543696
8426310,3.1056435,0.76490545
8427310,3.8359807,0.7444601
8428310,3.4868257,0.7732559
8429310,3.673469,0.71150166
8430311,4.1349044,0.6707191
8431310,3.7913885,0.74542785
8432310,4.062163,0.70596933
8433310,3.639201,0.7789526
8434311,3.4231443,0.768684
8435310,4.0517373,0.800961
8436310,4.228776,0.70721155
8437309,3.9416046,0.75529814
8438310,4.1233087,0.787288
8439310,4.4240484,0.70095074
8440310,4.1465936,0.72871554
8441309,4.5723605,0.7580713
8442310,4.570642,0.7056806
8443309,4.3902497,0.7226987
8444310,3.9820845,0.74855137
8445310,4.599442,0.7522597
8446310,4.4871893,0.7089777
8447310,4.5748024,0.7031091
8448310,4.5164523,0.7180101
8449310,4.0558734,0.7861795
8450311,4.519175,0.7025263
8451310,4.4040375,0.7207704
8452311,5.092084,0.6917064
8453310,4.5634937,0.7087112
8454310,4.997893,0.6508034
8455310,4.5884175,0.7020388
8456310,4.5047894,0.76003313
8457310,4.1994114,0.6539381
8458311,4.1214895,0.7214005
8459310,4.0148525,0.7451286
8460310,4.148167,0.7489932
8461314,4.1646266,0.66620487
8462310,4.142668,0.7080359
8463311,4.3112316,0.7822594
8464309,4.4109707,0.6598772
8465310,4.721987,0.7563359
8466310,4.593706,0.6794469
8467311,4.1668663,0.7176834
8468310,4.027166,0.7811248
8469310,4.0750756,0.72425395
8470309,4.41423,0.723482
8471311,4.2371635,0.78096795
8472309,4.2463717,0.6288497
8473310,3.8603282,0.781608
8474310,3.1321328,0.7938121
8475310,2.1675618,0.82593966
8476310,2.1759198,0.83345824
8477309,1.6688272,0.84420073
8478310,1.4025232,0.8912303
8479311,1.2069831,0.88390636
8480310,1.6500981,0.8842399
8481311,1.9890296,0.803115
8482310,2.1912987,0.7993667
8483309,2.3920295,0.79982364
8484311,2.0106292,0.86892563
8485309,1.4864404,0.8835338
8486309,1.3497862,0.90239674
8487310,1.7032667,0.85355294
8488310,2.0488467,0.8559297
8489310,2.2159784,0.83714706
8490309,2.6872818,0.8270718
8491310,2.9453695,0.8101668
8492310,3.0734534,0.8306001
8493309,3.4196305,0.7656763
8494310,3.829443,0.76402
8495310,3.915945,0.6909327
8496310,4.1744046,0.7624122
8497310,3.678852,0.7855274
8498310,3.7458456,0.75339866
8499312,3.733923,0.7426521
8500309,4.110303,0.7559266
8501310,4.7466855,0.6747288
8502310,4.3129644,0.7112766
8503310,4.086261,0.7605897
8504310,4.359596,0.73697877
8505310,3.628373,0.7829831
8506310,3.6845365,0.808695
8507311,4.645572,0.7626484
8508310,4.3510766,0.71467394
8509309,4.3997855,0.6995939
8510310,4.841418,0.7057095
8511315,5.2149343,0.6564494
8512310,4.9187927,0.62650174
8513310,5.0724998,0.74339277
8514310,5.0653524,0.7017757
8515309,4.307338,0.715589
8516310,4.523165,0.6867088
8517310,4.634365,0.6910933
8518309,4.2694798,0.7460315
8519310,4.609446,0.74081993
8520309,4.3203545,0.743024
8521310,4.0108137,0.7940867
8522309,4.1184015,0.74194026
8523310,4.8582397,0.6532784
8524310,4.204169,0.69393855
8525310,4.197949,0.7476686
8526311,3.7288456,0.79372853
8527311,3.1954582,0.7913798
8528309,2.679304,0.8232722
8529310,2.820401,0.75524914
8530310,2.9189644,0.7251927
8531312,2.5268605,0.81718034
8532309,2.1208422,0.8192839
8533310,1.5545741,0.85652196
8534310,1.1723554,0.9046042
8535309,0.917538,0.9351244
8536310,0.89086294,0.954978
8537310,0.86004394,0.9196268
8538310,0.7456982,0.93893164
8539310,0.6740076,0.9385307
8540309,0.6048249,0.95877993
8541310,0.6511505,0.9483785
8542309,0.6301474,0.94411916
8543310,0.6302899,0.9452004
8544310,0.6170583,0.9499908
8545310,0.6500808,0.95234436
8546310,0.6097087,0.94309664
8547309,0.6196508,0.95720965
8548310,0.6112707,0.948965
8549310,0.6109457,0.942662
8550310,0.62655723,0.94497925
8551309,0.57860667,0.9483408
8552309,0.6297473,0.93247837
8553310,0.62839127,0.9492598
8554309,0.6534526,0.9455231
8555311,0.65826494,0.93817395
8556309,0.6590076,0.9324796
8557310,0.65281844,0.9431973
8558310,0.6903959,0.9435097
8559310,0.6977778,0.9536563
8560309,0.72176385,0.9443534
8561310,0.83054405,0.93946123
8562310,0.9122458,0.9304655
8563311,1.1766559,0.88760364
8564310,1.2098218,0.89905477
8565310,1.320353,0.8978338
8566310,2.0225232,0.830981
8567310,1.9656178,0.8524958
8568310,1.8099978,0.85016036
8569310,1.7733358,0.86063945
8570309,1.8331257,0.85911065
8571310,1.1486821,0.9301398
8572310,1.3180877,0.89106166
8573310,1.0706987,0.90855074
8574310,1.270272,0.91066885
8575310,1.5623281,0.8540625
8576310,1.5883051,0.8977947
8577310,1.533471,0.8659457
8578310,1.5854108,0.886865
8579334,1.5643047,0.839051
8580309,1.8687924,0.8898741
8581310,2.3127363,0.835281
8582310,2.8900654,0.82868814
8583310,3.3481994,0.7935547
8584309,3.401171,0.8081867
8585310,3.429944,0.78170276
8586311,3.9270012,0.7541157
8587310,2.7121177,0.7839813
8588312,3.1814578,0.796063
8589310,2.9228427,0.79005796
8590309,2.634463,0.78512925
8591309,2.8979025,0.80738366
8592310,2.6676464,0.8168575
8593310,2.7432768,0.77641404
8594310,2.607836,0.78144723
8595310,2.2923117,0.79239714
8596310,2.5342605,0.8028955
8597311,2.456205,0.821853
8598310,3.0114648,0.82379913
8599310,3.1990924,0.7650041
8600310,3.571965,0.7611074
8601310,3.1243412,0.7929486
8602311,2.8619523,0.75239307
8603310,3.099866,0.7811685
8604310,2.6456656,0.81697595
8605310,2.582795,0.80409247
8606311,2.76543,0.8125236
8607309,2.9849603,0.8216401
8608310,3.457746,0.7262416
8609310,3.716715,0.6991937
8610312,3.8908663,0.72522795
8611309,3.5007136,0.74708974
8612309,3.3827264,0.71772075
8613310,3.0100763,0.75845104
8614310,2.9603758,0.79632676
8615310,2.2189999,0.8410856
8616310,2.214357,0.8782104
8617310,2.3853304,0.84816927
8618310,2.6775541,0.80463415
8619311,2.88216,0.76585424
8620310,3.4825804,0.77628607
8621310,3.0644283,0.7730276
8622310,3.3442569,0.78021646
8623309,3.0109563,0.8195338
8624310,3.656465,0.77532184
8625310,3.7327037,0.74671286
8626310,3.922111,0.7473688
8627310,3.9873796,0.6984828
8628310,3.6453087,0.7415556
8629310,2.8924215,0.7526902
8630311,2.5516744,0.8337265
8631310,2.9727287,0.8298041
8632310,3.1405303,0.7893035
8633311,3.6412961,0.79323745
8634310,4.370599,0.73885566
8635310,4.1152782,0.76277804
8636309,3.6573534,0.7378823
8637310,3.167247,0.8435134
8638309,2.6805172,0.83844495
8639309,2.6818552,0.8494194
8640310,3.0194285,0.7642951
8641310,3.0819888,0.8006255
8642310,3.3271275,0.7711768
8643310,3.1466963,0.77766263
8644311,2.698115,0.77717805
8645310,2.5237617,0.80247015
8646310,2.4791286,0.8385309
8647310,2.8998764,0.80263746
8648311,3.2890875,0.79533637
8649309,3.47892,0.7685472
8650310,3.5373003,0.7215838
8651311,3.387056,0.79848164
8652311,2.6103961,0.8192357
8653311,2.2085335,0.7946461
8654310,2.0025215,0.85827935
8655310,1.5306776,0.9032403
8656309,1.61617,0.8645552
8657311,1.8356391,0.86369437
8658309,2.002225,0.8301041
8659310,2.2044716,0.7945108
8660310,2.843644,0.83837515
8661310,2.3731875,0.8287412
8662309,2.4358425,0.79944956
8663310,3.063838,0.7657548
8664311,2.9895132,0.8394865
8665310,3.1479247,0.8060211
8666310,3.4530709,0.73711133
8667311,3.289096,0.7353543
8668310,3.0325527,0.7781463
8669311,3.4372613,0.7173403
8670309,3.1119223,0.7578067
8671310,2.930783,0.797016
8672319,2.6843443,0.8025469
8673310,2.8057396,0.7927799
8674310,3.150784,0.83127064
8675309,3.127662,0.7425969
8676310,3.0945215,0.8031371
8677310,3.3751442,0.7411894
8678309,2.5305645,0.8540172
8679310,3.5265157,0.7563089
8680309,3.4631684,0.7237881
8681310,3.5144958,0.75085187
8682310,3.4506488,0.77558184
8683310,2.9849777,0.7932622
8684310,2.4475143,0.82603526
8685309,2.871936,0.7885288
8686309,2.8576376,0.77676105
8687310,2.939223,0.7823765
8688309,3.3495378,0.73978966
8689310,3.231002,0.75961435
8690309,3.2212994,0.7775759
8691310,3.2573397,0.77872
8692310,2.5348365,0.8428566
8693310,2.6489055,0.89318097
8694311,2.633885,0.857518
8695310,2.692939,0.84476197
8696310,2.9188893,0.7942992
8697310,2.926402,0.817064
8698310,3.59021,0.8760673
8699310,3.0563793,0.77308744
8700309,3.0559506,0.7962388
8701310,3.350636,0.7784415
8702310,3.1198647,0.76882756
8703309,3.148185,0.79950464
8704310,3.174405,0.76339686
8705310,3.11043,0.79195356
8706310,3.1345162,0.7295006
8707310,3.3607996,0.7622913
8708310,3.2501104,0.7395435
8709310,3.660338,0.78733003
8710309,3.2685564,0.7735945
8711310,3.555917,0.8078512
8712310,2.8613331,0.8101965
8713310,3.7565863,0.7366728
8714310,3.6019826,0.7692131
8715310,3.7254937,0.750497
8716310,3.7870617,0.7837065
8717309,3.8214312,0.7260678
8718310,3.0838094,0.75751626
8719310,2.9105115,0.8356703
8720309,2.2542288,0.827426
8721310,2.173674,0.85153127
8722310,2.7201471,0.7705994
8723309,2.4666612,0.8044256
8724310,2.8542447,0.783087
8725311,2.6840854,0.8415567
8726310,2.4539094,0.8265651
8727310,1.6593424,0.8708302
8728310,1.491835,0.9010865
8729309,1.0539124,0.9135338
8730310,0.7146886,0.9374282
8731309,0.6521936,0.9607012
8732310,0.64718026,0.94624496
8733310,0.6295727,0.9489878
8734311,0.63748896,0.939021
8735310,0.6395358,0.9425634
8736310,0.6575762,0.9658463
8737310,0.6241449,0.9465066
8738310,0.6172179,0.9393441
8739310,0.62647104,0.9327068
8740310,0.60695255,0.9407346
8741310,0.5940788,0.950636
8742311,0.57036555,0.9578519
8743310,0.5776474,0.9447667
8744309,0.5807328,0.9568743
8745310,0.57743853,0.950436
8746310,0.6007671,0.94493365
8747310,0.59969616,0.94928247
8748312,0.61068326,0.9531712
8749311,0.648132,0.9363892
8750310,0.63136107,0.95114976
8751310,0.6020658,0.94579333
8752309,0.6218382,0.9432579
8753310,0.5862915,0.93703395
8754309,0.5522619,0.95431453
8755310,0.5661665,0.95661855
8756310,0.5770806,0.9501792
8757310,0.6223043,0.9590291
8758310,0.6348738,0.95398235
8759310,0.6124435,0.9442823
8760310,0.6060492,0.9392043
8761310,0.6307832,0.95554715
8762311,0.5893953,0.9447517
8763310,0.56803995,0.9557587
8764309,0.62884575,0.9396176
8765310,0.61605024,0.9609175
8766310,0.6932453,0.9598997
8767310,0.6592104,0.93782085
8768310,0.6185751,0.9423058
8769309,0.59783226,0.9444725
8770310,0.5847836,0.9487048
8771310,0.57922393,0.9517721
8772310,0.61248535,0.9386222
8773310,0.929459,0.9205268
8774309,0.8019289,0.92595565
8775309,1.0040028,0.9028738
8776311,1.5663724,0.8769309
8777310,1.5620629,0.88122404
8778311,1.6354195,0.88432884
8779310,2.672089,0.81778586
8780310,3.2429464,0.7661566
8781310,3.4643292,0.7156082
8782310,3.8629124,0.7476465
8783310,3.5536199,0.7739866
8784310,2.510752,0.7750973
8785310,2.0651557,0.84544146
8786310,1.135118,0.9067533
8787310,0.8285186,0.9370352
8788311,0.7682827,0.9378338
8789310,0.75651133,0.93228817
8790310,0.73507893,0.93868446
8791310,0.5839002,0.94471115
8792311,0.5449014,0.9463543
8793310,0.51085883,0.9560501
8794311,0.5409526,0.9425719
8795309,0.6323704,0.9448128
8796310,0.72703564,0.94821405
8797310,0.91415757,0.9312158
8798310,1.1710896,0.8863825
8799311,1.433779,0.87677366
8800310,1.5407346,0.88189936
8801310,1.74735,0.86297446
8802310,2.2787204,0.85209054
8803310,2.0651631,0.84149086
8804310,1.9521539,0.87807256
8805310,1.9890497,0.8664114
8806310,1.4964675,0.885976
8807310,1.692961,0.8752701
8808310,2.185218,0.8369467
8809310,2.5008667,0.8037818
8810311,2.7263014,0.8280363
8811310,2.8377078,0.8201141
8812310,2.8146346,0.7950431
8813310,2.948808,0.8220793
8814310,2.995245,0.80936587
8815310,3.4282942,0.7562597
8816310,3.1449893,0.8085665
8817310,4.1460605,0.72002494
8818311,4.1743026,0.7195484
8819310,4.108301,0.63967043
8820312,3.8875577,0.70232207
8821310,4.5972548,0.6657802
8822310,3.5890553,0.750112
8823311,3.6352582,0.7771763
8824311,3.7828078,0.7519
8825310,3.972259,0.75693864
8826310,3.732887,0.7543501
8827310,3.3375113,0.76165336
8828310,3.3254063,0.73113614
8829310,3.4222915,0.7860926
8830309,3.1892295,0.7361586
8831310,3.520556,0.7952807
8832310,3.192577,0.76350486
8833311,3.2720249,0.80217373
8834310,3.5340633,0.75384086
8835310,3.3493984,0.75422597
8836310,2.6949103,0.77777135
8837310,2.6594377,0.79116774
8838310,1.7659669,0.8581347
8839309,1.4538002,0.8866504
8840309,1.3694243,0.88026136
8841309,1.350835,0.9183038
8842310,1.4793468,0.86581284
8843310,1.7921416,0.85562384
8844310,2.1354153,0.8222091
8845310,2.4823866,0.8411171
8846310,2.630845,0.82733995
8847309,2.5050125,0.8305869
8848310,2.3651826,0.8149497
8849310,2.5345995,0.8296667
8850310,2.4366841,0.8238961
8851313,2.7620263,0.7964181
8852310,3.1421912,0.82615757
8853310,2.875518,0.7993798
8854312,3.4307158,0.7627951
8855310,3.250283,0.7605444
8856310,3.1714616,0.84906805
8857310,2.7740366,0.8255484
8858310,2.0953107,0.8442489
8859310,1.1688356,0.8919262
8860310,0.8110562,0.9451552
8861310,0.80242556,0.93444
8862310,0.70148265,0.95375794
8863310,0.7147998,0.9522127
8864311,0.73216456,0.9343173
8865310,0.9181579,0.9331162
8866310,1.0363669,0.9059489
8867310,1.2897391,0.8960041
8868310,1.5074583,0.8753498
8869310,1.6553682,0.90057427
8870310,1.6953955,0.8738543
8871310,2.1058724,0.83011043
8872310,2.4925952,0.82761943
8873310,3.332219,0.7904658
8874309,3.774949,0.75483894
8875310,3.5906816,0.72510654
8876309,3.0202007,0.7808967
8877310,1.8543651,0.83902895
8878311,0.997002,0.9383893
8879310,0.72208244,0.95464575
8880310,1.3331364,0.886648
8881310,1.4861202,0.872967
8882309,2.1842585,0.8723701
8883310,3.0039237,0.7720231
8884310,3.1604655,0.7063984
8885310,2.6839626,0.76822656
8886311,3.3345878,0.75633854
8887310,3.4592292,0.7842613
8888311,3.7285602,0.7758151
8889309,3.5851688,0.70595634
8890310,3.6492233,0.70581955
8891310,3.3286545,0.7782182
8892309,2.6202652,0.83179146
8893310,2.711009,0.8015887
8894310,3.1333115,0.7688915
8895310,3.769035,0.72800905
8896311,4.0174613,0.6989757
8897311,4.481143,0.69506574
8898310,4.698754,0.67040133
8899310,5.5519476,0.6564405
8900309,5.809581,0.7994718
8901310,5.6117134,0.63392633
8902310,5.7505727,0.662192
8903310,4.9700146,0.66418755
8904310,3.476041,0.75616735
8905310,3.429197,0.7745948
8906309,2.6765306,0.7762605
8907310,2.0334942,0.85180837
8908310,2.3343108,0.8431999
8909309,2.1950576,0.8390338
8910310,2.0932524,0.84755504
8911310,1.9785522,0.83752894
8912310,1.5076727,0.9153735
8913310,0.8965228,0.9201736
8914310,0.6609712,0.9245361
8915310,0.5182337,0.9487111
8916310,0.49537805,0.9617678
8917309,0.4801225,0.958735
8918309,0.46296465,0.96056014
8919309,0.4605877,0.95820767
8920312,0.48775664,0.9504443
8921309,0.500501,0.9524861
8922310,0.48273695,0.95979935
8923310,0.5069321,0.96323264
8924310,0.5259992,0.9467845
8925310,0.48961234,0.9659246
8926309,0.5171671,0.97233576
8927310,0.489958,0.94737697
8928310,0.52709454,0.96040386
8929310,0.4984789,0.9609749
8930310,0.52976996,0.95256346
8931310,0.530045,0.96648026
8932310,0.5146871,0.95700943
8933310,0.5405722,0.9446774
8934309,0.52865314,0.9511069
8935311,0.5382467,0.9443399
8936310,0.52898,0.9532212
8937310,0.54119736,0.9634935
8938310,0.53388417,0.96189415
8939309,0.5335352,0.9513772
8940310,0.5364784,0.9512669
8941315,0.5278048,0.94646484
8942309,0.52235675,0.9588687
8943310,0.5185035,0.9636054
8944310,0.517032,0.9444543
8945310,0.5049854,0.9378465
8946310,0.48003536,0.9458296
8947310,0.47108334,0.9581791
8948310,0.4654692,0.96396905
8949309,0.85642624,0.9259906
8950310,0.7473168,0.9310833
8951310,1.0394156,0.9041621
8952310,1.5616007,0.8739473
8953310,2.2926297,0.80044365
8954310,2.4998834,0.8239599
8955310,3.0788012,0.82065135
8956310,3.8963158,0.66230583
8957310,3.1994212,0.7887247
8958310,2.9237568,0.7929539
8959310,2.772946,0.78825444
8960310,1.6281562,0.90067184
8961310,1.0404037,0.92538995
8962310,0.8868693,0.92721194
8963309,0.9576048,0.927662
8964309,1.121471,0.87886655
8965313,1.4608307,0.87557197
8966310,1.8939326,0.87243235
8967312,2.0768654,0.87553495
8968310,2.437887,0.82920027
8969309,3.222431,0.81472373
8970309,3.102571,0.77425104
8971309,3.474866,0.70825166
8972310,3.5525124,0.7267911
8973309,2.9753957,0.79000974
8974309,2.4796093,0.8214768
8975309,2.6608145,0.80764866
8976309,1.9957243,0.84488916
8977310,2.5506563,0.8110868
8978310,2.2726932,0.86189514
8979310,2.5186453,0.7955035
8980310,2.0809598,0.877023
8981310,2.0319302,0.83815575
8982310,1.4020908,0.84765697
8983310,1.3190119,0.8619206
8984310,1.3818992,0.88550746
8985310,1.3285501,0.8960853
8986310,1.3843656,0.91290337
8987310,2.1173847,0.8410534
8988310,3.222456,0.73488605
8989310,3.0511363,0.82044274
8990310,3.2968678,0.8464494
8991310,3.707579,0.76509446
8992309,2.618769,0.80921865
8993310,1.8065015,0.87304485
8994310,1.6224463,0.87851745
8995310,1.0427684,0.914478
8996310,0.7434507,0.91923374
8997311,0.70120716,0.94220126
8998310,0.6387995,0.9436253
8999310,0.5576388,0.952791
9000310,0.65014744,0.9384085
9001310,0.77184355,0.9511117
9002310,0.70448726,0.9423175
9003309,0.7036553,0.9152554
9004310,0.66515136,0.938698
9005310,0.5915129,0.9428267
9006312,0.58787215,0.9459225
9007310,0.60835874,0.9522505
9008310,0.81083226,0.93852186
9009310,1.1135509,0.9014797
9010310,1.3628752,0.9065322
9011310,1.5648226,0.82867765
9012310,1.7175996,0.8539076
9013310,1.5738927,0.87661785
9014309,1.7530435,0.8698932
9015310,2.0012558,0.88132805
9016310,2.3012564,0.8255806
9017310,2.4375038,0.85691726
9018310,2.8325934,0.84111893
9019310,3.1770191,0.7570971
9020309,2.7595127,0.8111942
9021310,2.4508946,0.826273
9022310,2.57315,0.79314727
9023309,2.2741592,0.8058982
9024309,2.4119656,0.839572
9025310,2.3326855,0.8257825
9026310,3.4463105,0.76635283
9027310,3.3652587,0.7852493
9028310,2.8565786,0.76181537
9029310,2.7761223,0.7817302
9030311,2.334871,0.8528253
9031310,1.5538723,0.87097394
9032310,1.3189403,0.8856753
9033310,1.2025257,0.9116191
9034310,2.040417,0.8544368
9035311,2.425294,0.8060138
9036312,2.8458471,0.79188895
9037310,3.539577,0.7484617
9038310,3.7354095,0.77632403
9039309,3.9421024,0.6922166
9040310,4.6259427,0.7267317
9041310,5.442906,0.6207421
9042310,5.732133,0.7560622
9043309,4.809955,0.70286334
9044310,5.149007,0.64959896
9045310,3.9198408,0.7619809
9046310,4.480128,0.69908595
9047309,4.451709,0.70630866
9048310,4.321387,0.67016524
9049310,4.2200956,0.7171778
9050310,4.40812,0.72787106
9051309,3.900627,0.732656
9052310,4.8954697,0.67429686
9053310,5.3254223,0.6668443
9054310,5.1295877,0.73539466
9055310,4.58643,0.7055113
9056310,4.155361,0.7402043
9057310,3.5550745,0.7762931
9058310,3.5541034,0.7781271
9059310,3.7589726,0.70839727
9060311,3.8687224,0.75219196
9061310,4.1240754,0.7644627
9062313,3.5411086,0.7500693
9063310,2.7337427,0.7744871
9064310,2.3969667,0.84019125
9065310,2.000841,0.8007866
9066310,1.5593255,0.86478615
9067310,1.682257,0.855144
9068311,2.205176,0.8634975
9069310,1.5686438,0.89065456
9070310,1.7004924,0.90533423
9071310,1.7743626,0.8545597
9072310,1.555879,0.88580227
9073312,1.3793641,0.8990223
9074310,1.392431,0.8892795
9075310,1.5594563,0.88804275
9076309,1.5765277,0.8784176
9077310,2.0244308,0.8135035
9078310,2.1616023,0.844398
9079310,2.3810544,0.80502826
9080310,2.7538607,0.8251296
9081310,2.645546,0.8278762
9082310,1.8323812,0.85435045
9083310,1.7183719,0.87833256
9084310,1.8011873,0.89210224
9085309,1.6078031,0.8645303
9086311,1.4641541,0.91719353
9087310,1.3657924,0.87587535
9088310,1.197178,0.8959399
9089310,0.92265004,0.92788565
9090310,0.7330637,0.9542394
9091310,0.6946383,0.93620807
9092310,0.69608575,0.9352861
9093311,0.5866046,0.9482014
9094311,0.5462171,0.9617723
9095310,0.53333056,0.9472304
9096310,0.49565607,0.9552188
9097309,0.5138144,0.9600953
9098310,0.48719972,0.9624366
9099310,0.50311536,0.9560844
9100309,0.49760324,0.93733096
9101310,0.50919056,0.9577424
9102310,0.50314355,0.96301335
9103310,0.52326953,0.9452222
9104310,0.5470751,0.95123786
9105309,0.5216615,0.9591439
9106309,0.51790184,0.95933
9107309,0.5447934,0.9635642
9108310,0.516735,0.9599037
9109309,0.52362144,0.9656056
9110310,0.5200183,0.9675422
9111310,0.4951001,0.9615807
9112311,0.60109955,0.9601131
9113311,0.59539104,0.95013016
9114310,0.59811115,0.9527398
9115310,0.6657896,0.9359672
9116310,1.5938827,0.88895446
9117310,1.6395574,0.86053723
9118310,2.1569352,0.8297658
9119311,2.8467448,0.76621574
9120310,3.3806524,0.79861486
9121310,3.2787442,0.74485624
9122310,4.1185403,0.7306768
9123310,3.9865227,0.7457597
9124310,3.4418442,0.71118915
9125311,2.7490325,0.791567
9126311,2.49896,0.76921153
9127310,1.9064745,0.8669687
9128311,2.0026858,0.89523995
9129310,2.6502964,0.7830152
9130310,3.6202939,0.76070565
9131309,3.9716272,0.7563429
9132311,4.42795,0.7054534
9133310,3.6913388,0.8151492
9134310,3.4687972,0.753306
9135310,3.318456,0.7875567
9136310,4.8277116,0.71105105
9137310,3.9448302,0.7588067
9138310,4.3418207,0.7292932
9139310,4.2691884,0.766287
9140309,3.9343038,0.75488526
9141309,3.7526698,0.78032273
9142310,3.2651958,0.8031578
9143310,3.7384331,0.77931243
9144309,4.0212436,0.7283874
9145311,4.53601,0.7317032
9146309,4.120026,0.6907351
9147312,4.3712945,0.7030892
9148310,3.8508599,0.7833701
9149310,3.2931542,0.816366
9150310,3.3991005,0.79570395
9151311,3.2154408,0.7944109
9152310,2.5881422,0.8194995
9153310,3.1517732,0.83064276
9154312,3.5849602,0.8269461
9155310,4.003,0.74882084
9156310,3.7236452,0.7688099
9157310,3.4079306,0.75689846
9158309,2.3669193,0.844699
9159310,1.8183488,0.8528727
9160310,0.81409454,0.946519
9161310,0.8462683,0.90566736
9162310,1.0217482,0.9145406
9163311,1.1078116,0.9043165
9164309,1.3315383,0.90627486
9165310,2.0808868,0.84924126
9166310,2.161899,0.8644613
9167310,3.0800977,0.77966243
9168310,3.4000025,0.8051791
9169311,3.6187186,0.77203876
9170310,3.2115443,0.788145
9171311,2.9567575,0.7889706
9172310,2.2775025,0.8032702
9173309,2.7955434,0.8141214
9174311,3.1072354,0.75761974
9175310,3.3048463,0.7986969
9176310,3.6189482,0.71794146
9177310,3.2243006,0.77873015
9178310,3.4293215,0.73977506
9179309,3.2712092,0.78919107
9180310,2.8505702,0.81063354
9181310,3.2575924,0.8208749
9182309,2.5030649,0.85816884
9183310,2.464689,0.8142033
9184310,1.8379852,0.86937547
9185311,1.4496332,0.89144963
9186310,1.4778026,0.87214553
9187310,2.4623556,0.84882593
9188310,2.3336515,0.83148503
9189310,2.6822488,0.7787931
9190310,3.1281867,0.80282474
9191312,2.1406214,0.8312157
9192310,2.344154,0.8680113
9193309,2.9020846,0.77871776
9194310,2.9463732,0.7912981
9195310,3.0156016,0.81108785
9196315,3.404135,0.74963474
9197310,3.955816,0.6923591
9198310,4.606619,0.6967514
9199309,4.8695745,0.69825995
9200311,5.261178,0.70285076
9201309,4.8606114,0.6726625
9202311,3.8989382,0.7491216
9203309,3.3879747,0.74284565
9204310,3.4146037,0.7200681
9205310,3.0932953,0.7732227
9206310,3.428926,0.7563724
9207311,3.4216082,0.7979921
9208310,3.0043738,0.82327014
9209310,3.7516422,0.7102831
9210310,3.1571667,0.7615792
9211310,3.8844938,0.7521449
9212310,3.7164352,0.78401786
9213310,3.3812764,0.7601338
9214310,3.2851694,0.7630543
9215310,2.901837,0.82719356
9216310,2.5746026,0.8004279
9217310,2.4512177,0.8530631
9218310,2.0274546,0.85537565
9219310,1.7946286,0.8549523
9220309,1.469856,0.9030868
9221310,1.0328375,0.91439056
9222309,0.7515684,0.9245228
9223310,0.5144698,0.9546221
9224310,0.5083528,0.9569922
9225310,0.5584036,0.9623334
9226310,0.58647346,0.9626871
9227310,0.5946401,0.9426703
9228309,0.61408174,0.95104253
9229310,0.5646198,0.9596524
9230310,0.5802141,0.9502691
9231309,0.5812211,0.95687145
9232310,1.0023917,0.9177749
9233310,2.1740737,0.8316259
9234310,2.167492,0.8301227
9235309,2.0849955,0.8265683
9236309,2.1675828,0.8498766
9237310,2.2253761,0.8091231
9238311,1.4565393,0.8949649
9239310,1.5820575,0.8754527
9240310,1.6166244,0.87703
9241310,1.6480672,0.84320074
9242310,1.4786551,0.87969553
9243309,2.041992,0.8739521
9244310,2.1460333,0.8197368
9245313,3.1237047,0.76513094
9246310,3.8547797,0.74366754
9247310,3.7299805,0.78985393
9248309,3.9567962,0.71458143
9249311,4.5613103,0.6967469
9250312,4.6288276,0.66507524
9251310,5.4395194,0.70087016
9252310,5.1280727,0.68594193
9253310,4.610072,0.7054058
9254310,4.3928523,0.7239437
9255311,3.2524555,0.7802367
9256310,3.3276637,0.75908005
9257310,2.7829251,0.85187006
9258309,2.8700662,0.7971984
9259311,3.306637,0.8198246
9260309,3.0588555,0.7726679
9261310,2.5224783,0.83694226
9262310,2.7901561,0.7611079
9263310,2.5980206,0.8269509
9264310,2.990281,0.78972846
9265310,3.7962234,0.77028424
9266310,4.6684437,0.7228785
9267310,4.764113,0.66004944
9268310,4.850554,0.66927445
9269310,4.348796,0.73833925
9270310,4.0266848,0.7322689
9271310,3.6124253,0.75872195
9272310,3.2973335,0.8042588
9273310,3.3823807,0.7896574
9274310,3.4619281,0.73946047
9275313,3.2322056,0.74435985
9276311,3.6219661,0.72882736
9277310,3.9098485,0.71516
9278310,4.1087966,0.7924714
9279310,3.6950538,0.77140844
9280311,3.970171,0.70309025
9281310,3.9176033,0.7290234
9282310,4.6653447,0.73728347
9283309,5.095271,0.67342585
9284309,5.4305863,0.5950063
9285312,5.1981916,0.6318121
9286310,4.8206935,0.6654193
9287310,3.7627563,0.7120462
9288310,4.3003683,0.6985486
9289310,4.6125097,0.75469095
9290311,4.4618044,0.8050499
9291309,3.80199,0.7258877
9292312,3.4462538,0.7890294
9293312,2.109999,0.82668823
9294311,1.2375634,0.9016319
9295310,0.49109802,0.9682436
9296310,0.5663585,0.95739
9297310,0.58613354,0.95210105
9298310,0.5759703,0.94441515
9299310,0.567767,0.9538596
9300310,0.628139,0.95341015
9301309,0.560395,0.95207024
9302310,0.5662296,0.9491158
9303310,0.5655234,0.9406626
9304310,0.5579745,0.94474596
9305311,0.540815,0.9427876
9306310,0.54825896,0.9617015
9307310,0.5309586,0.9631075
9308310,0.54156953,0.95342976
9309312,0.5524391,0.9566752
9310309,0.56161886,0.9561537
9311310,0.549095,0.9515672
9312310,0.5519199,0.9544584
9313310,0.8131452,0.9345662
9314310,0.8041583,0.9343745
9315310,0.78778946,0.9309646
9316310,0.90370786,0.9396372
9317310,1.420589,0.87996733
9318310,1.8509215,0.8639708
9319309,2.4161973,0.81813145
9320310,2.2998827,0.87675405
9321310,2.1657848,0.8409816
9322310,1.3461205,0.875118
9323310,2.150887,0.8367365
9324310,2.4418404,0.82638276
9325310,3.6849895,0.68697065
9326309,4.968033,0.6469579
9327310,6.023562,0.6862203
9328310,4.928129,0.68133986
9329310,5.2748313,0.71692514
9330310,4.557984,0.7082916
9331312,4.7004824,0.6445469
9332310,4.0020747,0.7150904
9333310,3.8127666,0.85690033
9334311,3.7543511,0.743147
9335310,3.5514808,0.80060273
9336311,3.9988642,0.71600986
9337311,4.1578307,0.7449219
9338310,4.7583027,0.7251253
9339310,4.7747364,0.7143028
9340311,5.261944,0.73321325
9341310,4.807622,0.677645
9342310,5.0055046,0.7233749
9343310,4.4205995,0.6989459
9344310,4.203211,0.6791479
9345311,4.496628,0.7392232
9346311,4.755476,0.71444196
9347310,5.027632,0.6124685
9348310,5.4109435,0.77263755
9349310,5.3254266,0.7201428
9350311,5.7090063,0.6789089
9351310,4.8608847,0.68899745
9352310,4.9187884,0.6781576
9353310,5.0813823,0.70075005
9354309,4.885445,0.71435
9355311,4.7361,0.6837778
9356311,4.7026,0.7860487
9357310,4.6053457,0.7018167
9358310,4.1950665,0.6234114
9359311,3.9574282,0.7170692
9360309,3.7691188,0.8210991
9361310,3.6754675,0.76281995
9362310,3.3718524,0.7494117
9363310,3.5101862,0.7818608
9364309,3.781637,0.7433799
9365310,4.152528,0.7550259
9366310,4.378892,0.7701984
9367319,3.9509683,0.75475806
9368311,3.7556329,0.82767856
9369310,3.2050745,0.7451791
9370310,3.3329194,0.7176231
9371310,3.0293176,0.7745166
9372312,3.0482492,0.8008259
9373310,3.7965715,0.73763806
9374310,3.3832855,0.77144885
9375310,3.2581236,0.7105901
9376310,3.1799479,0.6877042
9377310,3.6061518,0.7142498
9378310,3.8538637,0.7459948
9379310,4.4055543,0.74195725
9380310,4.194409,0.6855275
9381309,4.488861,0.6875773
9382309,3.6644273,0.7478712
9383312,4.10148,0.74124426
9384309,3.5796177,0.7201977
9385310,4.098005,0.78939325
9386310,4.959307,0.7046905
9387309,4.916947,0.65659297
9388310,4.5568924,0.75234663
9389309,5.1203485,0.77533996
9390309,5.357118,0.66573256
9391311,4.395454,0.6997593
9392309,4.673614,0.7640069
9393310,5.051863,0.71693367
9394309,3.7884252,0.7691995
9395310,3.2539794,0.776772
9396310,3.3676474,0.74290913
9397310,2.9441206,0.7364775
9398310,2.9331906,0.7999857
9399310,2.8364725,0.8000516
9400310,2.3629158,0.8241848
9401310,1.871105,0.8657611
9402318,1.3050021,0.90479445
9403309,1.0100441,0.90988517
9404310,0.7070418,0.9401964
9405309,0.60954577,0.9477351
9406310,0.575409,0.9561441
9407309,0.56851304,0.94441974
9408310,0.49858743,0.951074
9409310,0.5796423,0.95302325
9410310,0.9755944,0.9091296
9411310,1.5153942,0.8579358
9412310,1.694854,0.8524064
9413310,1.7283809,0.86394405
9414311,1.7057264,0.9030005
9415309,1.2791115,0.9129019
9416310,1.7170786,0.81634265
9417310,1.6547188,0.8422331
9418310,1.973348,0.8493316
9419310,2.023466,0.85245544
9420310,2.1070364,0.8625118
9421310,2.100774,0.827922
9422310,1.9790202,0.8323404
9423310,2.5180175,0.82842886
9424310,2.5040507,0.78754085
9425309,2.6676323,0.81131756
9426310,3.6012092,0.74204004
9427310,3.6571898,0.74433416
9428311,3.4526992,0.7949638
9429311,3.778347,0.67733866
9430310,3.4473736,0.7630889
9431311,3.7524228,0.73427254
9432310,4.258016,0.6414165
9433310,4.6601825,0.7474985
9434311,3.941507,0.82472503
9435310,3.4083412,0.79184335
9436309,3.4901342,0.82877445
9437310,3.250586,0.79602754
9438310,3.3423169,0.8051591
9439312,4.0775294,0.70251375
9440311,4.599362,0.7098287
9441310,4.6854763,0.7197114
9442310,5.621552,0.6448458
9443310,5.5469537,0.6602848
9444310,5.6324096,0.68547803
9445310,4.8729944,0.73435247
9446310,4.610955,0.6728452
9447309,4.161429,0.7142809
9448309,3.8009057,0.7038636
9449310,4.594854,0.6614891
9450309,4.163805,0.72526604
9451310,4.815993,0.72223675
9452310,4.3328414,0.7343105
9453310,3.8266435,0.74911946
9454310,4.004741,0.7794624
9455310,3.6372137,0.7639184
9456310,3.5349362,0.6854972
9457309,4.288293,0.7217518
9458310,4.797123,0.67246044
9459311,4.7797327,0.6975897
9460311,4.5608997,0.7348514
9461312,4.3245125,0.70246613
9462310,4.635398,0.6665022
9463310,3.906242,0.740575
9464310,3.7145252,0.71851623
9465310,3.6763108,0.7210248
9466310,3.3281043,0.7748574
9467312,3.5889764,0.7595951
9468310,4.283881,0.73304224
9469309,4.3511195,0.7032204
9470310,4.953118,0.7191834
9471311,4.2034945,0.7476275
9472310,4.992824,0.6840249
9473309,4.1967373,0.69598556
9474310,3.7667925,0.7345897
9475310,3.4645169,0.827971
9476310,2.5925987,0.81955945
9477310,1.5220006,0.90977126
9478310,1.4222203,0.89011
9479310,1.6883311,0.89356476
9480311,1.7589074,0.907148
9481309,2.1875024,0.83430153
9482311,2.4316504,0.81696737
9483310,2.9934192,0.76632434
9484311,2.51559,0.82611346
9485310,2.7637897,0.77867967
9486310,2.4576657,0.8288231
9487310,2.6349277,0.7643766
9488310,2.5923848,0.8140423
9489311,3.4411213,0.80686903
9490309,3.618478,0.7553265
9491310,3.4193907,0.7395207
9492310,3.9038682,0.7092295
9493310,4.3829775,0.7409254
9494311,4.9174805,0.67846584
9495310,4.390399,0.7019882
9496310,5.6198,0.6598769
9497310,4.9996753,0.6819513
9498310,4.3463926,0.7561048
9499309,4.322021,0.7392021
9500310,4.2219005,0.71780735
9501310,3.461933,0.7557254
9502311,4.0749335,0.79664946
9503310,4.447047,0.677786
9504310,4.3042192,0.7340283
9505310,4.7346196,0.70628464
9506312,3.9497762,0.76856124
9507310,3.8992875,0.7421692
9508310,3.6558473,0.77061486
9509311,3.8881307,0.6906501
9510310,3.05888,0.7878884
9511310,3.4921925,0.8220528
9512310,3.77633,0.7155881
9513310,3.5546227,0.78450906
9514310,4.2506847,0.6847106
9515310,4.1110444,0.7454625
9516310,3.5884655,0.7878427
9517309,3.0036607,0.828382
9518309,3.5991178,0.76821196
9519310,3.2294805,0.8359573
9520309,3.873294,0.74361324
9521310,4.9493866,0.6956473
9522310,5.3474364,0.65886784
9523310,4.5482836,0.7228376
9524310,4.501754,0.6916033
9525310,4.553408,0.75285053
9526310,4.0159283,0.7030873
9527311,3.811963,0.7585552
9528310,4.1869864,0.76090115
9529311,4.243569,0.69862497
9530312,3.9785216,0.6993392
9531310,4.1106725,0.7081923
9532309,4.166355,0.71647567
9533310,4.181295,0.63062084
9534310,4.2995806,0.70566183
9535310,4.8476443,0.67777497
9536310,4.529955,0.7211043
9537310,5.13418,0.6971895
9538311,5.036523,0.6997229
9539310,4.739228,0.72004074
9540311,4.5358067,0.651128
9541310,4.963913,0.66030955
9542310,5.0329757,0.70784557
9543310,5.919209,0.646253
9544310,5.767104,0.6295371
9545310,6.332125,0.65549743
9546310,5.0166526,0.73725075
9547309,6.0504274,0.666676
9548310,5.8973174,0.6578638
9549310,5.783103,0.6452918
9550310,5.2535834,0.6555822
9551310,5.8464084,0.64307976
9552310,5.248634,0.70992965
9553310,4.788098,0.6995665
9554310,5.014179,0.6678638
9555310,4.888872,0.67340165
9556310,4.3498073,0.70476025
9557310,5.129624,0.7294211
9558310,5.439234,0.68109983
9559310,4.7530417,0.6830484
9560309,4.6463623,0.72091514
9561309,4.6412725,0.6818417
9562310,4.8642626,0.6983586
9563309,5.2184987,0.6665026
9564310,4.451384,0.6869894
9565310,4.0071077,0.68361133
9566309,3.6839652,0.72109956
9567310,3.4157176,0.77126676
9568310,4.2033176,0.7664882
9569309,4.9186535,0.6607061
9570309,5.4028263,0.6685283
9571310,4.8219776,0.6377029
9572310,4.568379,0.69073963
9573310,3.9210618,0.7212712
9574310,4.0538073,0.68196183
9575309,4.4131303,0.72692925
9576310,4.523219,0.68807137
9577310,4.0656524,0.7517867
9578313,3.9969296,0.7096429
9579311,3.9442925,0.7841994
9580310,3.361935,0.774443
9581310,3.4765084,0.7529966
9582310,3.6809044,0.78418463
9583310,3.9336643,0.6883491
9584312,4.4129033,0.7116073
9585310,4.2415156,0.6648853
9586310,4.3722396,0.73535013
9587311,3.7419186,0.7689596
9588309,3.4525242,0.7531214
9589310,4.2839923,0.71380293
9590310,4.001188,0.74977666
9591310,3.8287044,0.7356985
9592310,4.476822,0.73345304
9593310,4.040972,0.7095093
9594311,3.7228506,0.7634677
9595310,4.0360155,0.7110414
9596310,3.0530655,0.78532815
9597311,3.3585868,0.7401276
9598311,3.4357643,0.77463907
9599312,3.7284608,0.754838
9600311,4.2614613,0.69938797
9601310,4.923583,0.6574491
9602309,4.60253,0.74090046
9603310,4.304434,0.69388425
9604310,4.0749383,0.70325166
9605310,2.600925,0.7901588
9606310,2.3292828,0.82290107
9607310,3.2426944,0.7775322
9608310,3.0068762,0.8368522
9609309,3.271855,0.72289723
9610311,3.8017738,0.75832474
9611310,4.582152,0.69675535
9612309,3.8589883,0.74535066
9613310,3.96674,0.6794114
9614310,3.8001823,0.7197548
9615310,3.3809724,0.81190014
9616310,2.8613508,0.8002619
9617310,2.8542998,0.7880665
9618310,3.026767,0.753436
9619310,3.6345615,0.7259341
9620310,4.1862335,0.7007516
9621310,4.1862016,0.73214483
9622310,4.8572927,0.70650756
9623310,5.027038,0.7487232
9624311,4.642568,0.6628878
9625310,4.10913,0.79585224
9626310,4.1668506,0.7964022
9627310,3.2771702,0.7909686
9628310,1.9964774,0.8530178
9629310,1.4937599,0.90379953
9630310,0.70750517,0.93681556
9631311,0.5255536,0.9514938
9632310,0.51991415,0.9480537
9633310,0.51448023,0.95875984
9634310,0.54138595,0.95369047
9635310,0.54630816,0.951866
9636309,0.5455026,0.94963324
9637310,0.5564023,0.9377871
9638311,0.54661036,0.952018
9639309,0.5530768,0.96359944
9640311,0.5555161,0.9469128
9641310,0.564553,0.9403607
9642310,0.55086195,0.9636406
9643309,0.54956067,0.9549888
9644310,0.56510305,0.9647636
9645310,0.55512226,0.95490324
9646310,0.54660255,0.953225
9647310,0.5511389,0.9574274
9648311,0.5624351,0.9634893
9649310,0.53973323,0.94983536
9650310,0.54027444,0.95517665
9651309,0.51006293,0.94980776
9652310,0.52725536,0.9590497
9653310,0.6930574,0.9396644
9654310,1.2622983,0.9009515
9655310,1.9699934,0.820821
9656310,2.232369,0.8185602
9657310,2.8294184,0.80675375
9658310,3.0127614,0.7719053
9659310,3.0633676,0.8180502
9660310,3.6501002,0.7491792
9661310,3.7112343,0.73290455
9662310,3.4224815,0.72852874
9663310,3.974697,0.7399555
9664310,3.9530895,0.7931143
9665311,4.262794,0.73338985
9666310,4.595512,0.6692162
9667309,4.9257035,0.7138458
9668310,4.4316916,0.6948936
9669310,4.0122833,0.774617
9670309,4.623389,0.67004913
9671310,5.061813,0.68902653
9672329,5.7209554,0.68311816
9673310,5.6330004,0.65892386
9674311,5.8255067,0.5952571
9675310,5.8217654,0.6578521
9676309,5.38763,0.7318506
9677310,4.659801,0.7156292
9678310,4.9369097,0.69183177
9679310,4.627989,0.6696716
9680310,3.268451,0.7397691
9681310,2.9335167,0.7946834
9682310,3.221801,0.7625513
9683314,2.3900225,0.8249902
9684310,3.239436,0.7666715
9685310,3.6923635,0.75152344
9686310,4.300627,0.7075889
9687310,4.3451447,0.7178469
9688310,4.7879677,0.6776409
9689310,4.1228666,0.7347377
9690310,4.177857,0.750588
9691310,4.284036,0.7163778
9692310,4.184489,0.7410591
9693310,4.068785,0.7003104
9694310,4.2059755,0.7049587
9695309,3.1482751,0.826486
9696310,3.7705827,0.734085
9697310,2.824029,0.78558207
9698309,2.978449,0.7702301
9699310,3.6695886,0.7435979
9700310,4.132981,0.7048258
9701310,4.067619,0.6934788
9702310,4.864013,0.66673905
9703310,5.3214583,0.63882655
9704311,5.1726956,0.706139
9705309,4.950743,0.7022491
9706310,6.0315027,0.6382736
9707310,4.609512,0.71933717
9708310,4.8002253,0.7027324
9709311,4.434062,0.7614067
9710310,3.9051998,0.79689777
9711310,3.681304,0.81041896
9712317,4.249892,0.7459636
9713310,3.950692,0.76433563
9714310,3.561798,0.7453734
9715310,4.502559,0.6616428
9716310,4.3281193,0.75029284
9717309,3.716964,0.6925186
9718310,4.8630004,0.7468001
9719309,4.076246,0.6792892
9720310,4.023487,0.7310693
9721309,4.4714136,0.75761235
9722309,4.981202,0.66434985
9723310,4.608884,0.71656865
9724311,5.0528226,0.67224264
9725309,5.393071,0.74028426
9726309,5.6115475,0.70365566
9727310,5.5139422,0.64633805
9728310,5.9652915,0.6291048
9729309,5.5598702,0.67771083
9730310,4.215821,0.74878144
9731309,4.777259,0.68209
9732310,4.5691376,0.6746069
9733310,4.0296674,0.71721387
9734310,4.6657844,0.69293094
9735311,4.386377,0.75263095
9736310,3.924059,0.71623904
9737310,3.7265162,0.77747726
9738310,4.773228,0.7339623
9739311,3.878337,0.730173
9740310,4.3721194,0.7187408
9741310,4.369535,0.68733764
9742309,4.523277,0.76336426
9743310,4.223358,0.7340109
9744309,4.7556753,0.6968544
9745310,4.367564,0.76115376
9746310,4.061557,0.7949206
9747310,4.1578283,0.71795994
9748310,4.0614467,0.7166445
9749310,3.8426323,0.7704915
9750310,3.9747586,0.77321416
9751310,3.7355173,0.74493164
9752310,3.1683989,0.7583653
9753310,3.3586237,0.74943346
9754311,3.0628073,0.78779215
9755310,3.9413471,0.74570316
9756309,4.170172,0.68127924
9757310,3.6243048,0.760771
9758309,3.9565952,0.73170936
9759310,4.0373044,0.73382914
9760310,4.4189234,0.73978907
9761310,4.944438,0.65113676
9762310,4.657598,0.68947023
9763310,4.70062,0.67653304
9764310,4.238315,0.7250511
9765310,3.450394,0.7900189
9766310,3.636783,0.7513189
9767310,3.7002196,0.7430209
9768310,3.6432111,0.7318896
9769310,3.5064013,0.7039794
9770311,3.84874,0.78826684
9771310,3.9289043,0.71756256
9772310,4.0071464,0.7534321
9773310,3.3025637,0.73760957
9774311,3.3100588,0.80625767
9775310,3.3970335,0.73346204
9776310,3.6744244,0.74315155
9777310,4.0675015,0.7653402
9778310,4.248695,0.7067111
9779310,5.218634,0.68779826
9780310,4.820295,0.65058804
9781310,4.6948013,0.783169
9782310,5.690219,0.6166763
9783310,5.823943,0.6223005
9784310,5.8173504,0.672861
9785310,6.3333364,0.6639306
9786311,5.5776873,0.6869884
9787310,5.0548153,0.623947
9788310,5.1573167,0.71084124
9789310,6.0340776,0.68420434
9790310,6.20728,0.61040413
9791309,6.864471,0.60180086
9792310,7.762263,0.5633445
9793310,7.6975117,0.6047694
9794309,7.401532,0.6415032
9795310,7.668786,0.58972293
9796311,7.0249963,0.6183315
9797310,6.661225,0.5934237
9798310,5.863172,0.6287925
9799310,5.607077,0.6307671
9800310,5.4655066,0.670536
9801310,5.307274,0.6262698
9802309,5.3063483,0.6320438
9803310,5.213582,0.6536173
9804310,5.711407,0.70747256
9805310,5.1114326,0.6696539
9806309,4.9113464,0.6988742
9807310,5.253982,0.6691133
9808311,4.7089195,0.6843887
9809310,3.9038026,0.7115097
9810310,3.3329475,0.77254134
9811310,2.698017,0.84955466
9812310,2.1789422,0.79746586
9813310,2.7369294,0.7654962
9814309,2.5972047,0.82027596
9815309,2.8207574,0.77069986
9816310,2.988542,0.7872246
9817310,3.6841362,0.7201956
9818310,3.04908,0.8534116
9819309,3.3053648,0.6818522
9820310,3.5059206,0.778666
9821310,3.6920977,0.77242213
9822311,3.3723662,0.7701373
9823310,3.5201325,0.74567056
9824310,2.8397396,0.82453775
9825310,2.7796047,0.83405674
9826311,2.1752574,0.83717155
9827310,2.2243557,0.83070254
9828311,2.0414357,0.8411235
9829310,2.2748494,0.8646118
9830310,2.228474,0.8391261
9831310,2.7863686,0.8436629
9832310,3.3005764,0.75284344
9833310,4.191702,0.73612034
9834310,5.4568534,0.6761383
9835311,5.942095,0.66542834
9836311,5.774752,0.7311486
9837310,5.8753204,0.6708755
9838310,5.998192,0.6813341
9839310,4.53004,0.7291352
9840310,4.4547834,0.6746189
9841311,4.929655,0.7567974
9842313,4.1951523,0.6706116
9843310,4.0028195,0.75128835
9844310,4.5023103,0.69616956
9845310,4.32186,0.7591224
9846311,4.5239067,0.7713799
9847310,4.5846224,0.7227703
9848309,4.7663336,0.67729896
9849310,4.8898087,0.6514477
9850310,5.0566406,0.70847285
9851311,4.77787,0.7419677
9852310,4.997872,0.71921057
9853310,3.9666421,0.69461155
9854312,4.002495,0.6930948
9855310,3.7485402,0.77815485
9856309,3.0430548,0.75068694
9857310,3.130437,0.825001
9858310,3.3180273,0.74638444
9859311,3.1408455,0.7870661
9860310,3.878044,0.7077478
9861310,4.165365,0.71950674
9862310,4.0764318,0.7154141
9863310,4.419567,0.6063524
9864310,3.806976,0.7836898
9865309,3.4120977,0.7395405
9866310,3.5835087,0.7479124
9867310,2.7394066,0.75926274
9868310,2.7860963,0.7660062
9869310,2.7947998,0.7841266
9870310,2.8634727,0.8487213
9871310,3.216537,0.77818745
9872310,3.0760953,0.76863366
9873310,2.9764676,0.7569617
9874310,2.8776681,0.8182022
9875310,3.5264926,0.74426544
9876310,3.6369371,0.739902
9877309,3.7406635,0.8261672
9878310,4.4441504,0.6679426
9879310,4.34362,0.67844117
9880310,3.506285,0.76509255
9881309,2.9806004,0.82522917
9882312,2.7123804,0.7978582
9883310,2.2388487,0.810069
9884310,2.6843605,0.7562406
9885310,2.2619035,0.8505537
9886309,2.4504852,0.85603166
9887309,1.9008117,0.89663774
9888310,1.8773439,0.86652076
9889310,1.8522755,0.83990633
9890310,2.155504,0.8393841
9891310,3.0915592,0.81391543
9892309,4.407218,0.6710621
9893310,4.953147,0.72120273
9894310,4.9373555,0.7199365
9895309,5.2361836,0.62957937
9896310,5.5492425,0.6794342
9897310,4.8305683,0.751345
9898310,4.4124413,0.69428265
9899309,4.8263,0.68434167
9900311,4.363584,0.69054806
9901310,4.386029,0.73514444
9902310,4.141325,0.7149419
9903310,4.2752666,0.69951314
9904309,4.0227604,0.7269809
9905310,3.952431,0.74982774
9906311,3.9514415,0.69062096
9907310,4.0100436,0.77005035
9908310,3.9117212,0.76908284
9909310,4.369664,0.6947456
9910310,4.13847,0.7177879
9911310,3.7941403,0.75946295
9912311,3.473432,0.730798
9913310,3.6612535,0.741307
9914311,3.1498299,0.789912
9915310,3.4323535,0.7512949
9916310,4.0539594,0.76056653
9917310,4.2013874,0.71277124
9918310,3.6057673,0.7541493
9919310,3.1956432,0.78954583
9920311,2.839956,0.81745267
9921310,3.0568929,0.7438214
9922310,3.0190384,0.7989331
9923310,3.4271157,0.7842528
9924310,4.151544,0.7322447
9925310,4.0740952,0.70232075
9926310,4.423037,0.74857825
9927321,5.8919606,0.5920112
9928310,5.8808637,0.6422633
9929310,6.1825943,0.56329054
9930310,6.1586757,0.6352259
9931310,5.457055,0.66095114
9932311,4.8383493,0.7028825
9933310,4.7056265,0.7106322
9934310,4.1971903,0.7245266
9935309,4.63574,0.7318097
9936310,3.6036909,0.74619675
9937310,4.1073375,0.70453787
9938309,4.2567596,0.734878
9939310,3.7244177,0.7514783
9940311,4.3236146,0.68738645
9941310,4.779049,0.6632417
9942310,4.6467094,0.73278886
9943310,4.547543,0.65261495
9944309,4.2421417,0.722536
9945310,3.3680782,0.78302795
9946310,3.732961,0.7093971
9947311,3.690642,0.7451855
9948311,3.883299,0.7202913
9949310,3.7565238,0.7314448
9950310,3.7688227,0.79122984
9951310,3.639034,0.7229446
9952310,3.2569396,0.7409763
9953310,3.0406437,0.7896464
9954310,3.8211975,0.7196551
9955310,3.5364673,0.75874686
9956310,4.325745,0.7235924
9957311,4.164029,0.74933964
9958310,4.440411,0.69840246
9959309,3.9773686,0.6952352
9960310,4.187746,0.725753
9961310,4.3903375,0.74672735
9962309,4.5162826,0.64200026
9963312,4.315429,0.74099165
9964309,5.2736187,0.63693434
9965310,5.2788672,0.7423349
9966310,5.0476136,0.6565277
9967310,4.8099093,0.6796699
9968310,4.8135395,0.6891599
9969310,3.8341396,0.7207265
9970309,3.2606215,0.77567995
9971309,2.914301,0.770524
9972310,2.2713594,0.82505363
9973310,2.8284097,0.77252626
9974310,3.4273815,0.7658754
9975310,3.9234948,0.6839973
9976310,4.495306,0.7643877
9977314,5.2874794,0.60556424
9978310,4.90631,0.71472716
9979310,4.284858,0.7185813
9980310,4.353363,0.6995061
9981310,3.518535,0.80147725
9982310,2.5875218,0.82083374
9983319,3.1224318,0.81108826
9984310,2.913072,0.81828296
9985310,3.063004,0.8171049
9986310,3.9956737,0.7126907
9987310,3.8096213,0.71716356
9988310,3.5909896,0.78862524
9989310,3.6663933,0.7637445
9990310,3.5196316,0.75487614
9991310,3.3056772,0.77519745
9992310,3.4536896,0.7532844
9993310,3.916949,0.71529865
9994310,3.77953,0.7610517
9995310,4.3360763,0.73385036
9996310,4.5806313,0.74624014
9997310,5.060127,0.6938182
9998310,4.8510075,0.6370122
9999310,4.6233788,0.69367915
10000310,3.801162,0.7441963
10001310,2.6654696,0.80904067
10002310,2.130202,0.8804215
10003311,2.903392,0.804953
10004310,3.4870994,0.76840836
10005310,3.8662896,0.7886792
10006310,4.5420723,0.71330416
10007310,5.5021076,0.6984993
10008310,6.4214687,0.67871654
10009310,6.762074,0.57229626
10010309,8.014189,0.6204405
10011310,8.18001,0.5067762
10012310,7.3877983,0.60273886
10013310,7.9117293,0.60428196
10014310,7.0028443,0.5933536
10015310,7.3690066,0.596933
10016310,6.999161,0.62691903
10017310,7.605698,0.5857016
10018310,7.3818197,0.5186787
10019310,7.061556,0.57192594
10020310,6.2520857,0.6113921
10021310,6.863692,0.5975559
10022310,6.7650723,0.6084688
10023310,6.9385104,0.5583652
10024310,6.2125916,0.70995486
10025309,6.6208215,0.6243756
10026310,6.9429893,0.65075886
10027310,7.501344,0.60639536
10028311,8.141347,0.59966075
10029310,8.282277,0.62822926
10030311,7.426864,0.5959412
10031311,7.4549484,0.5941186
10032310,7.1753263,0.68293786
10033311,6.5565004,0.6223824
10034310,5.893722,0.64954317
10035310,6.675565,0.6048624
10036310,6.8242693,0.58924836
10037310,6.3729653,0.5877839
10038310,6.533921,0.646711
10039310,6.867434,0.5990113
10040311,6.403634,0.6207202
10041310,6.6126156,0.5754349
10042310,6.6887474,0.5892234
10043310,7.216812,0.61759496
10044310,7.5202723,0.5733014
10045310,6.6995454,0.6211659
10046311,7.7043195,0.59917337
10047310,7.0348306,0.6244771
10048309,6.646913,0.71161026
10049310,6.8337483,0.6266609
10050311,7.084269,0.70538217
10051311,7.0385165,0.630106
10052310,7.077366,0.5927326
10053311,6.7993197,0.59915215
10054310,6.335287,0.6120781
10055310,6.2437677,0.63124675
10056310,6.6633687,0.5680471
10057310,5.807637,0.68963647
10058310,6.7343025,0.6827042
10059310,6.3888044,0.5996787
10060309,6.103329,0.6976976
10061309,5.495327,0.74926585
10062310,5.765532,0.6353333
10063310,6.2947817,0.70588243
10064310,7.4914136,0.56955224
10065311,6.9892697,0.62158126
10066310,6.6363072,0.6528576
10067310,7.110743,0.60354406
10068310,6.770172,0.5687456
10069310,6.5678115,0.6125191
10070309,6.8115153,0.6634806
10071310,6.9996634,0.5754365
10072310,6.644509,0.644154
10073312,6.4965835,0.6227754
10074310,7.056316,0.65570575
10075309,6.9146504,0.58709735
10076310,7.3481264,0.59652835
10077310,6.523022,0.5993785
10078311,5.5966177,0.6706232
10079310,5.0615387,0.7156215
10080310,4.813428,0.6734299
10081311,4.6668844,0.7298627
10082310,5.4407825,0.73647857
10083310,5.2468715,0.69337714
10084309,6.151836,0.5883649
10085310,6.216184,0.6056934
10086310,6.364477,0.6133651
10087309,5.654238,0.6777637
10088310,5.8910675,0.6051893
10089310,6.086778,0.64792573
10090310,7.549487,0.59039485
10091310,7.061717,0.57387596
10092310,7.793983,0.5636465
10093319,7.8355417,0.6096643
10094310,8.803915,0.5323035
10095310,7.44058,0.602095
10096309,6.7897606,0.6545825
10097311,7.0097723,0.5490931
10098310,7.211432,0.6312171
10099310,6.1968713,0.6075617
10100310,7.0400295,0.59464264
10101309,6.728166,0.61602795
10102310,6.2161098,0.62936676
10103311,6.973443,0.60237724
10104311,7.165227,0.5855657
10105310,6.2318516,0.65305066
10106309,6.113688,0.6481852
10107310,6.5621133,0.54859406
10108310,5.4170966,0.717117
10109310,6.425754,0.6941725
10110310,7.062296,0.65867376
10111310,7.1850142,0.59142536
10112311,6.9789953,0.63822323
10113310,7.001204,0.61343354
10114311,7.3780317,0.63947994
10115310,7.4111824,0.5419884
10116310,7.534322,0.6420486
10117310,8.055065,0.5739989
10118310,8.390035,0.50220096
10119313,8.112606,0.60751283
10120310,7.990751,0.55240875
10121310,6.8014665,0.66013205
10122310,6.047859,0.72436965
10123309,5.8138947,0.6501655
10124311,5.2851777,0.6753444
10125309,5.9804397,0.61662626
10126312,6.1843133,0.69248706
10127310,5.437158,0.65692896
10128310,5.463077,0.69030887
10129311,5.154712,0.6999638
10130310,4.9180307,0.67778057
10131310,5.8373103,0.71578556
10132320,5.581155,0.7329218
10133310,5.1623034,0.6866563
10134310,5.0888066,0.69273585
10135310,5.21619,0.7185768
10136320,4.778209,0.70921683
10137309,5.6237497,0.74121904
10138310,5.2627563,0.6992711
10139311,5.6733227,0.61359656
10140310,5.2286677,0.624914
10141310,4.9328346,0.6597208
10142310,4.7150583,0.70809966
10143310,5.432062,0.72871536
10144310,5.3618507,0.70644695
10145310,5.1653376,0.73693293
10146310,6.233203,0.70644647
10147311,6.2777605,0.6329689
10148310,6.2377477,0.5988305
10149309,6.101932,0.65429544
10150310,6.364372,0.6929603
10151311,5.824802,0.6213454
10152310,5.9194508,0.6447739
10153310,5.5044065,0.6404497
10154310,5.5356536,0.6540532
10155310,5.161985,0.64777833
10156310,5.7814507,0.706032
10157314,5.7318296,0.63334906
10158311,6.1830373,0.58738256
10159310,6.316165,0.6231278
10160310,6.3091745,0.62759423
10161310,5.8567023,0.7209329
10162310,6.4877725,0.6576613
10163310,6.842303,0.6028308
10164310,7.5847206,0.6412012
10165311,7.4714704,0.62470526
10166310,8.006759,0.6134428
10167310,7.1584415,0.559872
10168309,6.467988,0.6414177
10169310,6.5851855,0.6197853
10170310,5.9599676,0.6813116
10171309,5.165026,0.723717
10172309,6.102154,0.68706405
10173310,6.200247,0.6651237
10174310,6.117733,0.61503184
10175310,6.5501075,0.70814615
10176309,6.591306,0.668014
10177310,6.2489557,0.5924835
10178310,5.993594,0.69981754
10179309,5.409044,0.709109
10180310,4.9694657,0.6906668
10181312,5.090407,0.7275157
10182310,4.726969,0.72908694
10183309,5.1898575,0.6495526
10184309,5.519144,0.61631507
10185310,6.396176,0.53799546
10186310,6.5552225,0.6084276
10187309,6.91106,0.6840709
10188310,6.4564686,0.64895594
10189310,7.2440033,0.6389088
10190312,6.8476176,0.6684365
10191310,7.1560984,0.6023846
10192310,7.519754,0.56061345
10193310,7.161271,0.62388086
10194310,7.3839283,0.56120694
10195309,7.7656937,0.6158059
10196310,7.3378797,0.5358988
10197310,6.7709746,0.5934807
10198310,6.5733137,0.63860375
10199310,5.8393054,0.6524573
10200310,6.8658805,0.5889862
10201309,5.9762588,0.671347
10202310,6.0033627,0.6148235
10203310,6.500825,0.6212837
10204310,6.6223526,0.5794055
10205311,6.6454544,0.61428154
10206309,5.9483643,0.6518643
10207310,5.7839265,0.6795503
10208310,5.0615935,0.6818781
10209322,3.724941,0.80296564
10210310,3.1176162,0.78479195
10211310,3.3235571,0.79100627
10212310,3.5859156,0.726304
10213309,3.3722055,0.7769863
10214310,3.840944,0.70316213
10215310,3.8906538,0.73707736
10216310,3.4826202,0.7825415
10217310,3.8521106,0.7322494
10218309,4.7088127,0.6900908
10219310,5.0879693,0.68975025
10220310,5.6424885,0.65460354
10221310,6.226404,0.6002358
10222310,6.1721215,0.61802435
10223310,5.9422154,0.6381981
10224315,5.664388,0.60783964
10225310,5.2729735,0.7404216
10226311,5.5187154,0.62612796
10227310,6.147026,0.5920982
10228310,6.3860097,0.65039665
10229309,6.5621,0.673573
10230311,6.285584,0.66813886
10231311,6.240944,0.64692515
10232310,7.0233564,0.60669845
10233310,7.189595,0.60815173
10234310,7.469952,0.5531027
10235310,7.4096365,0.57619435
10236311,6.7920117,0.6544107
10237310,6.8113985,0.605811
10238310,5.1472793,0.67220646
10239310,4.7261596,0.6910007
10240311,4.3396316,0.73191
10241310,4.743005,0.70738256
10242310,5.121608,0.7348044
10243309,5.4982414,0.62122893
10244309,5.7898927,0.6261559
10245310,5.989191,0.64996547
10246310,4.982467,0.68696564
10247309,5.3725986,0.60278946
10248310,5.1338797,0.73507196
10249311,5.2381797,0.6357345
10250310,5.371167,0.61108786
10251310,6.5054774,0.6323272
10252310,6.298323,0.5960273
10253310,6.279427,0.629575
10254309,7.1450033,0.5883335
10255310,7.102954,0.63212043
10256310,6.2955127,0.58496803
10257310,6.3402414,0.6186113
10258311,5.693189,0.6424615
10259311,5.218529,0.6833874
10260310,5.2984176,0.67497706
10261309,5.315783,0.6867369
10262309,6.104851,0.66214365
10263310,6.5483465,0.6343633
10264310,7.1808715,0.56782776
10265310,6.871923,0.581603
10266310,6.3568015,0.64207065
10267310,6.5449567,0.61102605
10268310,6.3868027,0.6654471
10269310,7.2125854,0.57554257
10270310,7.51528,0.5883355
10271310,7.113712,0.66255265
10272311,6.8213897,0.59628314
10273310,6.2206163,0.6880622
10274310,5.4893994,0.73147815
10275310,5.7096534,0.6367334
10276310,5.3159995,0.6808497
10277310,5.4222693,0.67024493
10278310,5.724452,0.68072987
10279311,6.593942,0.6002186
10280310,5.8488374,0.64493173
10281310,5.890308,0.6562063
10282310,6.1152067,0.60596204
10283310,5.2024417,0.64999723
10284311,5.6261044,0.6364765
10285310,5.899808,0.6926416
10286310,5.2023053,0.6667293
10287310,5.6417317,0.6782927
10288310,6.0608673,0.62637305
10289310,5.834866,0.643992
10290311,6.4550295,0.6699569
10291310,7.3144913,0.5712386
10292310,7.105478,0.74074733
10293310,7.1324453,0.5947435
10294310,6.5056663,0.6832379
10295310,6.058289,0.6039893
10296310,6.437866,0.61927533
10297309,6.784759,0.6172989
10298310,7.5914364,0.55385846
10299310,8.074316,0.55994254
10300310,7.810843,0.60806215
10301309,7.05861,0.67045707
10302310,6.74047,0.5936381
10303314,6.8203015,0.60918844
10304310,5.748427,0.61386395
10305310,6.113846,0.6267057
10306310,6.190176,0.680734
10307310,5.2224655,0.69063264
10308310,5.5443,0.7269094
10309311,5.657017,0.64405376
10310310,5.1894727,0.6383549
10311311,5.4539847,0.6446973
10312310,6.378424,0.63764095
10313310,6.442579,0.5772714
10314309,6.625142,0.617743
10315310,6.850226,0.6693849
10316311,6.4838505,0.63205886
10317311,6.171741,0.6510586
10318310,5.6909027,0.68302566
10319311,6.411451,0.5979522
10320310,6.352142,0.62841946
10321310,6.273023,0.65984863
10322310,6.5240865,0.61745954
10323310,6.130266,0.67418104
10324310,6.4628663,0.5957787
10325310,6.646593,0.6551778
10326310,7.2926946,0.5707127
10327310,8.346939,0.5552852
10328310,8.226397,0.5533084
10329310,7.671952,0.5982588
10330311,7.5565634,0.66427267
10331310,7.5675817,0.6385711
10332310,7.181086,0.61943614
10333309,6.9413633,0.66454315
10334310,6.932328,0.6194436
10335310,7.1031485,0.6189437
10336310,6.922154,0.56985265
10337310,6.217629,0.6150697
10338310,5.6865726,0.6580533
10339309,4.431766,0.65072334
10340310,3.8097918,0.65845585
10341310,3.8424838,0.71834064
10342310,2.7780924,0.7924508
10343310,2.5770922,0.8242294
10344310,2.2123294,0.8274567
10345310,2.0699556,0.81374365
10346310,1.8227428,0.8090176
10347310,1.9144293,0.89419514
10348311,2.0211148,0.8492996
10349311,2.200705,0.8567665
10350310,2.8049765,0.7799268
10351310,2.7492983,0.79263973
10352310,2.6044352,0.8371764
10353310,2.6747108,0.82142437
10354310,2.400033,0.7749849
10355309,2.4604635,0.852747
10356310,2.2825165,0.8727945
10357310,2.5895822,0.820348
10358309,3.141796,0.750156
10359310,3.4919772,0.76854914
10360310,3.8273787,0.7245665
10361310,4.0817614,0.7297142
10362311,3.9442127,0.71673554
10363309,3.8001833,0.7803422
10364312,3.7173972,0.7545131
10365310,3.4953299,0.75220335
10366310,3.0708249,0.8156122
10367310,3.1283996,0.80154145
10368310,2.451029,0.8252057
10369310,1.9290028,0.8288209
10370309,2.384914,0.7974595
10371309,3.2618473,0.78030884
10372310,3.2096167,0.7493756
10373310,3.5308304,0.83763963
10374310,3.709816,0.68888944
10375312,4.737403,0.7388571
10376309,4.404212,0.7299383
10377310,5.3299117,0.6888002
10378310,5.247988,0.70935136
10379310,5.010371,0.7520837
10380310,4.9737573,0.6784076
10381310,4.5686035,0.6858931
10382310,4.3017364,0.74696815
10383310,4.798039,0.68041855
10384309,4.7536345,0.6874298
10385311,3.9255211,0.65620357
10386310,3.4729981,0.74630487
10387310,3.439922,0.7423518
10388311,3.0483015,0.7744538
10389310,3.056384,0.7808929
10390310,3.7328346,0.7875131
10391310,3.8521347,0.7356751
10392310,3.8069928,0.76270425
10393311,4.6941833,0.6949749
10394312,4.4622455,0.7135171
10395310,4.266162,0.6548536
10396310,4.611087,0.69585437
10397310,4.375979,0.70307213
10398309,3.6314008,0.7467109
10399310,3.7658863,0.72079307
10400310,3.3618088,0.7801968
10401316,4.3352733,0.6970903
10402310,4.3082,0.74478227
10403312,4.211889,0.6499914
10404310,4.4416685,0.7322414
10405310,5.2495832,0.70998156
10406310,4.5678215,0.7042157
10407309,5.060095,0.7131633
10408310,5.019081,0.75088716
10409309,4.7945437,0.7021687
10410311,4.5390606,0.722437
10411310,4.336061,0.7485346
10412309,5.1434793,0.6414409
10413310,5.010371,0.72060144
10414309,5.4400315,0.6580942
10415310,4.8643217,0.66304374
10416311,4.036252,0.6989469
10417310,4.990051,0.70085514
10418309,4.1832714,0.7019827
10419309,4.033203,0.7409716
10420310,5.143916,0.70162666
10421310,4.1852684,0.7517397
10422310,3.57314,0.75480044
10423310,4.0542912,0.73655516
10424310,3.6308527,0.77888834
10425310,3.496007,0.7845691
10426310,4.510927,0.7794853
10427310,5.205078,0.7088926
10428310,5.1721816,0.7404605
10429310,4.9733257,0.6926029
10430309,4.6827984,0.69643843
10431310,4.1311846,0.7334993
10432310,3.4424403,0.7442198
10433310,3.2682052,0.71839035
10434310,3.4507008,0.7485484
10435310,3.2049415,0.7815598
10436309,3.5114913,0.73962945
10437310,5.1507316,0.7192971
10438310,5.14303,0.6636071
10439310,4.7412405,0.73322564
10440310,4.638301,0.6989552
10441310,3.6279862,0.7567034
10442310,2.712158,0.82758594
10443311,2.731277,0.79336596
10444310,2.8086789,0.81492126
10445310,3.496601,0.79648775
10446309,3.7435822,0.7409664
10447309,3.7411172,0.7471917
10448310,3.9634447,0.77973056
10449310,4.089145,0.7495141
10450310,4.093035,0.72549874
10451310,4.260715,0.6784059
10452309,3.8285291,0.7401005
10453310,3.5572526,0.7191119
10454310,3.5421553,0.75536245
10455311,3.3841732,0.74842054
10456310,3.4003568,0.7695169
10457310,3.9141977,0.7279129
10458310,3.877662,0.6613997
10459309,4.123136,0.77216357
10460313,3.6802387,0.7487191
10461310,4.8588095,0.71149987
10462310,4.814176,0.6760913
10463310,4.79666,0.7174827
10464311,4.595956,0.75495917
10465309,4.710774,0.6773609
10466310,3.2204816,0.7755825
10467310,3.210206,0.798369
10468310,3.983844,0.7581357
10469309,4.175188,0.7164056
10470309,3.682843,0.76728547
10471310,4.8120193,0.6664942
10472311,4.807525,0.6788383
10473310,4.7859693,0.7553264
10474310,4.7660065,0.67714906
10475310,4.9214363,0.6662846
10476310,3.6851761,0.70566994
10477310,3.6778793,0.7833454
10478311,3.609467,0.73134595
10479310,3.8086119,0.79469687
10480310,3.7800782,0.71816176
10481311,4.226852,0.755732
10482309,4.331823,0.7218567
10483309,4.138853,0.69379663
10484310,4.2216187,0.7542433
10485310,3.8977492,0.73856384
10486309,3.3711205,0.7963256
10487310,3.801384,0.733102
10488310,3.4502816,0.7288511
10489311,2.9901643,0.78629214
10490310,3.4810684,0.7499464
10491310,3.1146426,0.7826152
10492310,3.5024247,0.762607
10493310,3.5010204,0.7438644
10494310,4.4852247,0.6765984
10495309,4.3286333,0.7251844
10496309,4.0587053,0.7487748
10497310,4.10634,0.7540388
10498310,3.7508328,0.7058382
10499309,2.6100771,0.8232043
10500310,2.6622503,0.82118136
10501310,2.3158665,0.8034491
10502310,2.6487126,0.79993445
10503310,3.9422803,0.7410534
10504309,4.2738276,0.7272566
10505310,4.2306156,0.68864614
10506311,4.378501,0.6766842
10507310,5.210631,0.6904209
10508310,5.3485994,0.7205305
10509309,5.3464837,0.6218366
10510311,5.193005,0.6399132
10511310,5.690748,0.69789666
10512310,5.40061,0.6397324
10513310,4.7035685,0.7255907
10514309,4.4752927,0.6938767
10515310,4.3320856,0.7202127
10516311,3.4832852,0.7175492
10517309,4.0896454,0.7325586
10518309,4.44477,0.65197664
10519310,4.13908,0.7333427
10520311,4.4926257,0.7134395
10521310,4.1265798,0.6927962
10522310,3.6586254,0.72753346
10523310,3.7317247,0.7247615
10524310,4.143948,0.76151955
10525310,4.5490923,0.7523731
10526309,3.817376,0.7507742
10527310,3.0674264,0.8032475
10528310,3.3612092,0.703755
10529309,2.8828757,0.76271653
10530310,3.3725417,0.7420812
10531310,4.01679,0.7448088
10532312,4.2343755,0.74055755
10533310,3.6538608,0.72984755
10534309,3.8400693,0.7356802
10535309,3.598832,0.7326378
10536310,3.090934,0.7726844
10537310,3.874679,0.7242465
10538310,3.7637322,0.71848
10539310,3.8750632,0.7701719
10540311,3.655612,0.71546096
10541310,3.6317365,0.77912813
10542310,3.2938716,0.7550807
10543310,2.4762962,0.8674325
10544310,2.2826304,0.80580646
10545309,3.4356058,0.77285355
10546310,3.7043278,0.73173547
10547311,3.874342,0.7421892
10548310,3.638445,0.7407186
10549310,3.8158672,0.7105665
10550310,3.1568625,0.82990897
10551310,2.2771935,0.8136604
10552310,1.8865224,0.8701474
10553309,1.8485602,0.8553264
10554310,2.204775,0.8053884
10555310,2.5018885,0.7954302
10556310,2.707521,0.82558954
10557309,2.8950346,0.8701705
10558310,1.9828904,0.8450528
10559310,1.9911158,0.84325033
10560310,2.4449425,0.81227577
10561310,3.5429475,0.75857824
10562310,3.5988538,0.75132376
10563310,3.7953153,0.73947805
10564310,4.1266947,0.7657208
10565310,3.6981528,0.8329286
10566310,3.7237873,0.7442261
10567309,3.8117504,0.7331455
10568310,4.5001574,0.7099426
10569309,4.1083474,0.71070236
10570310,4.4221225,0.6475578
10571309,4.16906,0.7243349
10572310,4.0615325,0.7244344
10573310,4.561577,0.7220476
10574310,4.3276935,0.75104076
10575310,3.6505513,0.7115441
10576310,3.6987488,0.77630043
10577310,3.9435587,0.71659416
10578310,3.1866062,0.7418256
10579310,3.700653,0.8002258
10580310,3.8177943,0.6992382
10581310,3.4693577,0.7412783
10582310,2.9916546,0.84560466
10583310,2.9389224,0.8037825
10584310,3.2290447,0.7857393
10585310,3.5187688,0.71092135
10586310,4.350681,0.7800872
10587310,4.9826403,0.7680088
10588310,5.7970176,0.63271666
10589310,6.1994386,0.64614683
10590310,5.959306,0.6816135
10591310,5.2751136,0.700442
10592310,4.7202854,0.73064893
10593310,3.4489825,0.7241779
10594310,3.2612278,0.82910204
10595310,2.2836273,0.83890903
10596310,2.012241,0.864477
10597310,2.0723083,0.8493648
10598309,1.9705527,0.85788727
10599310,2.3375905,0.83947414
10600310,2.5774758,0.8021014
10601310,2.107315,0.80954224
10602310,1.8707163,0.85715777
10603310,1.7110287,0.8955945
10604310,1.9148743,0.86264014
10605310,1.8439714,0.8535828
10606309,1.831817,0.8654793
10607309,2.0445006,0.8237561
10608310,1.7553003,0.88558227
10609309,1.9734914,0.829321
10610310,2.4831347,0.8296514
10611310,3.156964,0.72824234
10612310,4.0575037,0.7086065
10613310,4.9194703,0.6631939
10614310,5.3032684,0.672381
10615309,5.3410115,0.6788349
10616310,4.9324656,0.7055882
10617310,3.8044415,0.7328851
10618310,3.609887,0.72426224
10619310,3.0646517,0.7905794
10620310,2.4344494,0.8386442
10621310,2.2261255,0.84811604
10622310,1.4612702,0.9068161
10623310,0.9311171,0.90637594
10624309,0.5977942,0.94408876
10625310,0.5569158,0.95725584
10626310,0.5282036,0.9529527
10627310,0.501099,0.9465364
10628310,0.5245711,0.9505213
10629311,0.51109713,0.96004355
10630310,0.5106641,0.9471592
10631310,0.48191446,0.9576336
10632309,0.5231606,0.9652331
10633310,0.5467195,0.9413568
10634310,0.6994695,0.9541046
10635310,1.1961939,0.9143092
10636310,1.8246534,0.8549658
10637310,2.632953,0.82997113
10638309,2.6360774,0.77679247
10639310,2.9936807,0.7746005
10640310,3.335359,0.80584526
10641310,2.4671075,0.797296
10642310,2.4129448,0.82944065
10643310,3.2383456,0.78235185
10644310,3.054474,0.818853
10645310,2.6476974,0.8378381
10646309,2.5383449,0.80948806
10647310,1.533671,0.8970491
10648310,1.2962782,0.8954121
10649310,1.1231159,0.93046063
10650309,1.8009351,0.85381466
10651310,1.9637232,0.83883077
10652309,2.2681298,0.83951896
10653310,2.3242986,0.79789805
10654310,2.3751142,0.8372932
10655310,1.7135237,0.86189723
10656310,1.5620314,0.89660746
10657310,1.4210446,0.8900497
10658310,1.3780291,0.894193
10659310,1.2687397,0.8767367
10660310,1.2553946,0.90307415
10661309,1.1645839,0.92244655
10662310,0.88578755,0.9111624
10663310,0.8477819,0.92282087
10664310,0.9111887,0.9185731
10665310,1.3626938,0.8826691
10666310,1.7745717,0.9043675
10667310,2.2472942,0.7880874
10668310,3.1952095,0.74268675
10669310,4.110754,0.7504851
10670310,4.8877516,0.58628374
10671310,5.5043955,0.68954533
10672309,6.156642,0.6710567
10673310,5.0900474,0.7191036
10674310,4.913161,0.6645979
10675310,4.4735775,0.70112026
10676310,4.4828606,0.7097821
10677311,4.44097,0.66319746
10678310,4.624728,0.6746517
10679310,5.3209443,0.659751
10680310,4.836254,0.6900938
10681310,3.6888914,0.7353692
10682310,3.8132699,0.72839403
10683310,3.1247458,0.7635738
10684310,3.3052242,0.76818043
10685309,3.471181,0.7879777
10686310,3.5476708,0.788756
10687310,3.5185785,0.7854718
10688310,3.3643909,0.7316574
10689309,3.0444493,0.79444987
10690310,2.8641243,0.8379329
10691310,2.484572,0.82823473
10692310,2.452493,0.8853938
10693310,3.1727355,0.7740532
10694310,3.07481,0.7889398
10695310,3.8764987,0.71977925
10696309,4.053576,0.68267924
10697310,4.579667,0.78497297
10698310,3.9090743,0.7237871
10699309,3.2684827,0.74183685
10700310,2.7243533,0.80267227
10701310,1.5547374,0.89340013
10702310,1.0788755,0.9020427
10703310,0.69198185,0.9371919
10704310,0.6232896,0.94692683
10705310,0.58346426,0.95580953
10706313,0.57260036,0.9525403
10707310,0.59281075,0.94874114
10708310,0.64788723,0.9287747
10709310,0.63042,0.96177727
10710310,0.70968634,0.9514551
10711310,0.68240803,0.933463
10712310,0.8091836,0.9297256
10713310,0.909365,0.9285212
10714310,1.6166285,0.8963136
10715310,1.8822801,0.84317213
10716310,2.81997,0.7894003
10717310,3.55262,0.7886939
10718309,3.6923733,0.7792098
10719310,3.2677326,0.7717368
10720310,3.0362864,0.7795458
10721310,2.0482812,0.83029217
10722310,1.7624452,0.8425294
10723310,1.2209226,0.88928974
10724310,0.9477803,0.91608995
10725310,0.64710754,0.93713236
10726310,0.55022764,0.9475088
10727310,0.5284024,0.97145915
10728310,0.51828265,0.9510145
10729310,0.53525984,0.9550628
10730310,0.5034128,0.95541316
10731310,0.48519075,0.9686331
10732309,0.60374534,0.95753914
10733310,0.8276388,0.92980987
10734310,1.3953016,0.9085636
10735309,1.9577677,0.8729997
10736310,2.2488914,0.8413631
10737310,3.6981566,0.7461788
10738309,3.7407095,0.75663936
10739309,3.031029,0.8116188
10740310,2.9252667,0.8049204
10741310,2.473086,0.85153115
10742311,2.1541812,0.8401395
10743310,2.3344936,0.81690097
10744309,2.5482032,0.8274978
10745310,2.6758466,0.8556883
10746310,3.1705089,0.80193305
10747310,3.857252,0.70922965
10748310,4.3346367,0.70125693
10749310,4.605159,0.70638794
10750310,4.678206,0.65528107
10751310,4.288448,0.7101271
10752310,4.3619895,0.7980179
10753310,3.856704,0.78101534
10754310,3.7803142,0.7636579
10755310,3.242488,0.74129266
10756315,3.8990073,0.8181415
10757310,4.295929,0.67329276
10758310,3.9634342,0.75871575
10759310,4.4735427,0.72890717
10760310,4.9058003,0.6157002
10761310,4.1073546,0.7021112
10762310,3.9917386,0.7301773
10763310,4.1362104,0.7113116
10764310,3.1671376,0.7900804
10765310,2.1268637,0.86299294
10766309,2.2272813,0.81594735
10767310,2.6552775,0.79674745
10768310,2.4210742,0.84821415
10769310,2.9279997,0.7703504
10770310,3.6314385,0.70872104
10771310,4.261855,0.6522452
10772310,3.692263,0.71368265
10773309,4.218683,0.725455
10774310,4.041944,0.7741072
10775310,4.1336675,0.74228203
10776310,3.4780493,0.79655457
10777310,3.51413,0.80487126
10778309,2.612132,0.8440518
10779309,2.1006036,0.819715
10780310,1.3119025,0.8893401
10781310,0.8981567,0.9301026
10782310,1.542345,0.89382184
10783310,2.2781148,0.8357391
10784310,3.1095119,0.78559196
10785310,3.5044606,0.74460274
10786310,4.0354767,0.72940713
10787309,3.708267,0.7623473
10788310,3.054417,0.8304684
10789310,2.6589317,0.86495245
10790310,2.834843,0.7874576
10791310,2.6628206,0.77348983
10792310,2.6355238,0.858294
10793310,2.8989086,0.823962
10794310,2.7715533,0.826652
10795310,2.2859497,0.85097694
10796310,1.7277415,0.92422134
10797310,1.3785408,0.8902372
10798310,1.2640122,0.9021917
10799309,1.6242486,0.84034395
10800310,2.5861568,0.80447537
10801310,3.2919595,0.77707046
10802310,4.0171967,0.73864055
10803310,4.133342,0.71665823
10804310,4.202517,0.7023905
10805310,4.593224,0.7040491
10806310,3.7951818,0.7487708
10807310,3.2713397,0.807429
10808310,3.2154534,0.81494963
10809310,3.1805959,0.7804234
10810310,3.2246282,0.80882883
10811310,3.392491,0.7566581
10812310,3.3519561,0.7381636
10813310,3.7900023,0.7405205
10814310,4.082351,0.7529143
10815310,4.0764613,0.74128145
10816310,4.2896137,0.6890753
10817310,4.0841303,0.68012923
10818309,3.6148753,0.7065708
10819310,3.5737853,0.72954196
10820310,2.4971447,0.837826
10821310,2.3524811,0.8202177
10822310,2.8024921,0.82176167
10823310,3.1554446,0.77256685
10824309,3.2195995,0.7260757
10825310,3.5806384,0.8430316
10826310,3.886557,0.7474712
10827310,4.018844,0.7631996
10828310,4.2414436,0.73893315
10829310,4.3073735,0.73276836
10830310,3.608651,0.70650214
10831310,3.1744537,0.7810997
10832310,2.9031963,0.81985086
10833310,1.802635,0.8797786
10834310,1.6876029,0.87608933
10835310,1.2961984,0.883051
10836309,0.92693526,0.9240862
10837310,0.93454313,0.91723466
10838309,0.87389386,0.9239097
10839311,1.6381344,0.864733
10840310,2.2655358,0.82842964
10841310,2.8010812,0.8332405
10842310,2.8797371,0.7983627
10843310,2.7608004,0.8167891
10844310,1.8558607,0.8506065
10845310,1.4159985,0.8739468
10846310,0.87968665,0.93165225
10847310,0.6633851,0.9526923
10848310,0.5420625,0.95538574
10849310,0.49471354,0.95941514
10850313,0.48132026,0.9506035
10851310,0.49371386,0.95786303
10852310,0.47926646,0.9506726
10853310,0.5074862,0.9599388
10854310,0.5058285,0.9662788
10855310,0.5253554,0.9528394
10856310,0.51986754,0.9534399
10857310,0.49262816,0.9528032
10858310,0.6403581,0.9261245
10859310,1.2055081,0.9207919
10860310,1.5753303,0.87055707
10861309,1.9410412,0.867979
10862310,2.4805694,0.83364975
10863310,2.8130286,0.8120275
10864309,2.7680762,0.7713079
10865310,3.0798883,0.727444
10866310,3.3700306,0.8055423
10867309,2.972666,0.7880882
10868310,2.8765173,0.7936479
10869310,3.1900134,0.7866187
10870310,2.9019697,0.8241192
10871310,3.2735355,0.72305405
10872310,4.1042237,0.7464592
10873310,4.2900805,0.7862307
10874310,4.2381973,0.7814031
10875310,4.3020515,0.75901145
10876309,3.7265108,0.72914445
10877310,3.316725,0.8002573
10878309,3.2883034,0.7352885
10879310,3.2805767,0.74511516
10880310,3.5749714,0.75422275
10881309,3.426773,0.712687
10882310,3.7843542,0.7262712
10883310,3.3353724,0.8064003
10884309,2.8262103,0.82623667
10885310,2.9575517,0.73738647
10886310,2.9458346,0.8457207
10887310,2.9551735,0.7944352
10888310,3.2552383,0.79755425
10889309,3.5726607,0.7331509
10890310,3.5798323,0.744147
10891310,3.548919,0.8050168
10892310,3.1298676,0.78530043
10893310,3.1862707,0.7769966
10894310,3.113938,0.8049545
10895310,3.3910463,0.74725837
10896310,3.1073124,0.783599
10897309,3.2870922,0.7819038
10898310,3.3511627,0.7479446
10899310,3.7498827,0.78396696
10900310,3.2182946,0.8176049
10901309,2.821629,0.85908484
10902311,1.8516736,0.8938981
10903309,1.6738364,0.87730485
10904310,0.82373416,0.9117645
10905310,0.9443845,0.9177939
10906311,1.3440148,0.88872004
10907310,2.1127365,0.8327552
10908310,2.4129267,0.8315529
10909310,3.436046,0.7720157
10910309,3.5489106,0.7270494
10911310,3.7453814,0.73996305
10912309,4.232145,0.69766647
10913310,4.5713744,0.74102306
10914311,4.560136,0.6603409
10915310,4.35906,0.73153526
10916322,3.7642233,0.7236294
10917309,3.9300578,0.7554404
10918310,3.114736,0.8023947
10919310,3.361924,0.80044746
10920311,3.8727005,0.7583372
10921310,3.533587,0.8201866
10922310,3.0001569,0.7696161
10923309,3.7185311,0.67862123
10924310,3.7345767,0.74451154
10925310,3.2158134,0.81800956
10926311,3.372109,0.8005992
10927310,3.7057292,0.75828195
10928310,3.4902735,0.7712398
10929310,3.1678128,0.7943501
10930310,3.184374,0.7744944
10931310,3.3756227,0.77281547
10932311,3.0161507,0.8213744
10933310,2.8811395,0.78223443
10934310,2.8776443,0.7634681
10935310,2.591579,0.8010531
10936310,2.4044385,0.81356066
10937317,1.723927,0.88370216
10938310,1.4120401,0.9255389
10939310,1.2263618,0.91087335
10940309,1.0045301,0.9147301
10941310,0.864338,0.9303104
10942309,0.76850593,0.9371097
10943310,0.71657366,0.9323201
10944310,0.48485082,0.9592679
10945310,0.4775315,0.9601586
10946311,0.5375486,0.954266
10947309,0.5163474,0.94875425
10948310,0.49506745,0.9629467
10949310,0.48710227,0.959026
10950311,0.4861831,0.95956033
10951309,0.5191683,0.9437807
10952310,0.69690025,0.93480927
10953309,0.70851314,0.94950277
10954310,0.83683366,0.9405293
10955310,1.502901,0.89807636
10956309,2.0644414,0.8557794
10957310,2.1154296,0.78894246
10958310,2.403621,0.8052849
10959310,2.3495154,0.81539375
10960310,2.3472958,0.82399285
10961310,1.9934881,0.82297015
10962310,2.1145687,0.8488799
10963309,2.160709,0.8462919
10964310,2.0820258,0.8285811
10965310,1.80386,0.828238
10966310,1.9684348,0.8782358
10967310,1.7138617,0.8586479
10968310,1.5756139,0.87979394
10969310,1.3722632,0.8701871
10970310,1.0841274,0.92070264
10971310,0.66359764,0.9417317
10972310,0.6165275,0.95014924
10973310,0.5645211,0.94510764
10974310,0.5932678,0.9488816
10975310,0.56615317,0.9432391
10976309,0.54619366,0.9540562
10977311,0.51770645,0.9539283
10978310,0.4915973,0.9577298
10979310,0.52503806,0.95481324
10980310,0.51181185,0.95878154
10981310,0.5132424,0.9489719
10982311,0.530183,0.9554504
10983310,0.5150295,0.9678993
10984309,0.52481294,0.95927745
10985311,0.538378,0.94902194
10986309,0.5250663,0.9502603
10987310,0.5398014,0.9593539
10988310,0.5357596,0.95001817
10989310,0.5411184,0.95674455
10990310,0.5426105,0.9548679
10991310,0.54880744,0.94490236
10992310,0.5478018,0.95882976
10993310,0.5554429,0.93068826
10994309,0.5553077,0.9471609
10995310,0.5467565,0.95606786
10996310,0.55587196,0.94323736
10997310,0.5541629,0.94830656
10998310,0.54981756,0.93855727
10999310,0.56893647,0.9615673
11000309,0.56418663,0.9515745
11001310,0.5724506,0.95452833
11002309,0.5408557,0.95435655
11003309,0.5497757,0.9412281
11004310,0.5541626,0.9426272
11005310,0.52755815,0.9629478
11006311,0.56768167,0.9633626
11007310,0.52950233,0.94496804
11008310,0.5639423,0.96353525
11009310,0.5681331,0.93958306
11010309,0.5449263,0.9440824
11011310,0.55911416,0.95544463
11012310,0.54780674,0.9463171
11013310,0.54536396,0.9471213
11014310,0.57444435,0.96231264
11015310,0.5364552,0.9401271
11016310,0.55763733,0.94771045
11017310,0.55915576,0.9492937
11018309,0.5364342,0.9477771
11019310,0.5526039,0.94580495
11020310,0.5247549,0.95830387
11021311,0.5505404,0.94064057
11022310,0.55152357,0.95765066
11023310,0.5187535,0.9601467
11024310,0.53646415,0.9450809
11025311,0.5440049,0.95639473
11026311,0.55101705,0.9639275
11027311,0.5189244,0.94208634
11028310,0.5277303,0.9563236
11029310,0.51855844,0.9419426
11030310,0.5321888,0.9570456
11031310,0.5370267,0.9622329
11032310,0.55677366,0.96339035
11033310,0.5521896,0.9460886
11034309,0.5430513,0.9510898
11035310,0.5438441,0.95560616
11036309,0.5431727,0.9411183
11037310,0.54620355,0.9467508
11038309,0.53754854,0.9519624
11039310,0.54881287,0.9614545
11040310,0.5256307,0.9653028
11041311,0.53828627,0.94667625
11042309,0.54742646,0.951695
11043309,0.54099303,0.94883376
11044310,0.5422038,0.955007
11045310,0.5580766,0.95296645
11046309,0.5473345,0.9577917
11047310,0.54932964,0.95498943
11048310,0.54490507,0.95139766
11049310,0.53634566,0.9572815
11050310,0.5540368,0.93471885
11051309,0.5260069,0.95777595
11052310,0.54095364,0.94670266
11053310,0.5449838,0.95654196
11054309,0.52851015,0.96041924
11055311,0.53263015,0.95709574
11056309,0.55482686,0.96365124
11057310,0.53919834,0.9512411
11058310,0.5550841,0.9423292
11059310,0.53040755,0.9521622
11060310,0.57509667,0.9607216
11061310,0.5549789,0.9586045
11062310,0.5740317,0.95286596
11063310,0.5738754,0.9568922
11064310,0.5855108,0.9514136
11065309,0.55587304,0.9603396
11066310,0.5672627,0.9623817
11067309,0.82722765,0.9472119
11068310,1.787961,0.86313707
11069309,2.189665,0.81419665
11070310,2.5772502,0.82605886
11071310,2.9740086,0.7732552
11072310,3.2305043,0.79618156
11073320,2.5205843,0.78172773
11074311,2.9252255,0.79071033
11075310,2.9051487,0.8113722
11076309,2.1715355,0.82244545
11077311,2.03573,0.85982895
11078310,1.9867128,0.8560302
11079311,2.3511498,0.79847085
11080310,2.570579,0.82368314
11081312,3.626183,0.7523497
11082309,4.7859626,0.7009824
11083310,5.67796,0.67905706
11084309,6.0386124,0.64793617
11085311,6.2345176,0.61055285
11086310,5.1785183,0.7716394
11087310,4.5995827,0.6820662
11088310,3.9825866,0.6940644
11089310,3.4476442,0.74086136
11090321,3.338429,0.7836573
11091310,3.749682,0.7499691
11092310,3.7553277,0.73255813
11093310,4.331138,0.6807156
11094310,4.4735293,0.65865564
11095310,3.7352352,0.7890667
11096309,3.502406,0.7287088
11097309,2.9375098,0.70748913
11098310,2.1418371,0.8100018
11099310,1.8026731,0.8564294
11100310,1.7560232,0.87692237
11101310,2.1607077,0.8250649
11102310,3.2652059,0.7771171
11103310,3.26961,0.78747255
11104312,3.6364408,0.7149798
11105311,4.0075874,0.7095093
11106310,3.6670952,0.71456164
11107311,3.0050385,0.7777104
11108310,3.7771027,0.77396077
11109310,4.032898,0.70131904
11110310,3.2940164,0.81399536
11111309,3.171588,0.810019
11112310,2.6829267,0.77548987
11113310,2.2483993,0.8427903
11114310,1.5452727,0.8824156
11115310,1.4529678,0.8715857
11116310,1.1373363,0.90093774
11117310,1.1434159,0.9109774
11118310,0.89872384,0.92178404
11119310,0.77738214,0.92474246
11120310,0.73412997,0.94112664
11121310,0.7502991,0.93342197
11122310,0.6531734,0.9299844
11123310,0.624823,0.95405906
11124310,0.5800643,0.9455958
11125309,0.6004169,0.9595937
11126310,0.5878878,0.9477295
11127310,0.59322834,0.9549347
11128309,0.58654046,0.95787627
11129310,0.58223224,0.96370834
11130310,0.57870424,0.9520641
11131310,0.569954,0.939136
11132310,0.55673826,0.95750946
11133310,0.56554466,0.953996
11134310,0.6145405,0.9492269
11135310,0.68243074,0.93717307
11136311,0.9018053,0.91402173
11137310,1.2987125,0.8978779
11138311,1.8247567,0.86681366
11139312,2.3413723,0.8406746
11140311,2.5861664,0.8309864
11141310,2.9895728,0.7728848
11142310,2.569086,0.7733113
11143310,2.3650029,0.8037825
11144309,3.2431502,0.74451655
11145309,3.672232,0.76518524
11146310,3.8791718,0.77593124
11147310,4.0941687,0.8629544
11148310,3.7011623,0.7837733
11149311,2.925283,0.7558495
11150311,2.5480995,0.8136855
11151310,2.1534958,0.82300913
11152310,2.657205,0.7768843
11153310,3.4929936,0.79184157
11154310,4.9708495,0.72438306
11155311,5.7039347,0.7006568
11156310,6.8113403,0.68512547
11157310,6.7458262,0.605443
11158309,5.6852126,0.67158693
11159311,4.5708375,0.71509796
11160312,4.150467,0.71811825
11161310,4.0078735,0.66881466
11162309,3.8704228,0.72058916
11163310,4.318023,0.6849451
11164310,4.3256364,0.7765933
11165310,3.8586736,0.6755933
11166310,3.9590714,0.75426376
11167310,2.9784758,0.77842146
11168310,3.1240091,0.795073
11169310,2.5506063,0.82561797
11170310,2.1968691,0.83413893
11171311,2.6919532,0.8016684
11172310,3.3878262,0.7665432
11173310,3.4437904,0.7928231
11174310,4.302092,0.6860315
11175311,4.013036,0.79911095
11176310,3.9158888,0.73549634
11177310,4.067757,0.72005177
11178310,3.4953995,0.7679263
11179310,2.8187454,0.79353446
11180310,2.7883673,0.81264055
11181310,2.829032,0.8039592
11182310,3.2793822,0.7642224
11183310,3.377909,0.79135966
11184310,4.083989,0.7896807
11185310,3.7989306,0.75434935
11186312,3.8914678,0.761656
11187310,3.3748991,0.80317724
11188310,3.318483,0.7585399
11189310,2.7352893,0.74365747
11190310,2.7530406,0.7686329
11191310,2.439718,0.84767383
11192310,3.0585434,0.7881384
11193309,3.5206866,0.7292508
11194310,4.4140053,0.72214055
11195310,4.0512753,0.8301308
11196310,3.7794793,0.80890644
11197310,3.9089499,0.7504547
11198310,3.6493716,0.7791352
11199310,3.8117225,0.7633173
11200310,4.0732994,0.7854425
11201310,4.693019,0.69068587
11202309,4.3259974,0.8173887
11203311,4.0918145,0.7032998
11204310,4.5138617,0.6911088
11205311,4.169129,0.71607673
11206314,3.6611705,0.7737474
11207310,4.326429,0.6664177
11208311,4.7012405,0.67975825
11209310,5.0840883,0.6551137
11210310,4.9678636,0.65727603
11211311,4.897271,0.7111145
11212310,4.3442836,0.7168195
11213310,3.4581099,0.7148955
11214310,3.8548872,0.763241
11215310,3.7319312,0.7340078
11216312,3.893592,0.739829
11217309,4.028669,0.7544266
11218310,3.6488075,0.7468508
11219311,3.7666302,0.765547
11220310,4.374344,0.6621839
11221309,4.5197315,0.67807776
11222310,4.1769104,0.71668357
11223311,4.3018603,0.6794484
11224310,4.723139,0.7622261
11225310,5.2655716,0.67083424
11226310,5.80924,0.6891525
11227310,5.8033986,0.6219875
11228310,5.474735,0.6324213
11229310,5.0233173,0.7062506
11230309,3.0901742,0.798731
11231311,2.138328,0.8151601
11232309,1.9751879,0.84894645
11233310,1.7744132,0.86738306
11234310,1.6564504,0.88053495
11235311,1.947252,0.8663821
11236310,2.260379,0.81602335
11237309,1.9841944,0.87811315
11238310,2.3358822,0.84772813
11239310,2.3015273,0.84313905
11240310,1.7286811,0.88041276
11241310,1.7937379,0.87263674
11242311,1.685396,0.85089684
11243309,1.0928814,0.9026835
11244310,0.88302875,0.9452055
11245310,0.75289816,0.9202474
11246310,0.45906392,0.96183664
11247310,0.4677354,0.94963175
11248310,0.5358422,0.950468
11249310,0.58073664,0.93360865
11250310,0.59737146,0.9649178
11251310,0.6586171,0.9350903
11252310,0.6133298,0.9385231
11253310,0.61939645,0.95593023
11254310,0.6057647,0.944597
11255309,0.5968973,0.96476537
11256309,0.5784723,0.94497645
11257310,0.57789785,0.94080293
11258309,0.564214,0.9480738
11259310,0.553346,0.95013577
11260310,0.5540955,0.94571227
11261310,0.56098986,0.95398384
11262310,0.787858,0.9386806
11263310,1.460417,0.9207303
11264312,1.7802207,0.8341456
11265310,2.0202818,0.83239263
11266310,2.1575289,0.80189973
11267310,2.2977057,0.8553225
11268312,2.4152527,0.8586511
11269310,3.6415405,0.77050656
11270310,4.3862653,0.7348228
11271310,4.5555754,0.70470226
11272310,4.57734,0.7302943
11273312,4.0387707,0.7244002
11274310,2.7805088,0.802258
11275309,2.8534188,0.79749864
11276310,2.750014,0.83597183
11277310,1.9330568,0.84741056
11278310,2.0443003,0.8572031
11279309,2.6484408,0.8152907
11280310,2.8601375,0.7852222
11281310,3.1556647,0.75960815
11282309,3.7530718,0.76010925
11283310,4.3390174,0.71985173
11284310,4.1653476,0.74091065
11285309,4.3038816,0.7532484
11286310,4.102079,0.6735826
11287310,4.350979,0.7028087
11288310,3.7016492,0.7787001
11289310,4.056663,0.68053526
11290309,3.5842583,0.7449404
11291310,3.8209476,0.7695122
11292310,4.19054,0.67135584
11293310,4.107795,0.70837235
11294311,4.1290374,0.7515718
11295311,3.9264352,0.75834364
11296309,4.1726403,0.73814905
11297310,4.313347,0.7263479
11298309,4.629203,0.71379393
11299310,3.697121,0.73332894
11300310,3.2408593,0.77498376
11301310,2.3387012,0.8281672
11302309,1.5690813,0.8658221
11303310,0.9271204,0.9147971
11304315,1.2391267,0.86542207
11305310,1.5876406,0.88102627
11306310,1.7091738,0.87293494
11307311,1.9185988,0.8603259
11308310,2.2862914,0.8602927
11309310,2.6248927,0.81009597
11310309,2.6089106,0.79094726
11311309,3.445275,0.8339263
11312309,5.09742,0.70098704
11313310,4.7636576,0.7263618
11314310,5.092443,0.6542143
11315310,5.16126,0.63609564
11316309,4.6860595,0.70854604
11317310,4.080982,0.71749014
11318310,3.6994038,0.7670618
11319310,3.6254334,0.7591446
11320310,3.2613142,0.77539176
11321309,3.0607998,0.7708032
11322312,2.7765148,0.7574292
11323310,2.292824,0.7984116
11324310,1.478758,0.8802132
11325311,0.79445904,0.9442343
11326310,0.55174166,0.92647016
11327310,0.5243225,0.952538
11328310,0.5022714,0.94930774
11329310,0.49756908,0.95501184
11330311,0.50973994,0.95406836
11331309,0.5129329,0.957555
11332310,0.5024761,0.9553061
11333310,0.50711876,0.95635873
11334311,0.48585007,0.95590746
11335311,0.5960926,0.9484994
11336310,0.8211324,0.9307366
11337310,0.8698209,0.9279075
11338310,1.1229837,0.91889215
11339310,1.6857462,0.86836433
11340312,2.491208,0.7960629
11341310,2.9305267,0.82009095
11342310,4.2313337,0.703538
11343310,4.1725845,0.7524523
11344310,5.354387,0.70716286
11345310,4.5589437,0.66053694
11346310,3.9369826,0.69902277
11347310,2.930349,0.8077059
11348310,2.4232028,0.85331434
11349310,1.5891011,0.8472352
11350310,1.4980036,0.8917439
11351310,2.3868418,0.79819554
11352310,2.82534,0.8134675
11353311,3.8165996,0.7510342
11354310,4.4289107,0.70693094
11355311,4.215747,0.64687
11356310,4.2849765,0.709613
11357311,4.4281683,0.7413026
11358311,4.926919,0.70113486
11359310,4.6814523,0.664686
11360310,5.263599,0.66112727
11361310,5.15903,0.65278095
11362309,3.9783711,0.7046048
11363310,3.063861,0.8223634
11364310,2.8502223,0.81573606
11365310,1.7430525,0.8670509
11366310,0.9148657,0.9338422
11367310,1.0695777,0.9232184
11368310,1.2990527,0.9029031
11369310,1.3567799,0.90598154
11370310,2.0373304,0.85125923
11371310,1.9819674,0.8405154
11372310,2.1688814,0.808737
11373310,2.1802218,0.8491882
11374310,2.7881107,0.78123516
11375310,2.896141,0.8040071
11376310,3.2677128,0.80194443
11377311,3.3518896,0.7547351
11378310,3.2438493,0.80216104
11379309,3.2586682,0.73918575
11380310,3.0450454,0.8482819
11381310,3.0962768,0.8117097
11382310,3.3932838,0.7904725
11383310,3.1263402,0.7770897
11384310,3.9882748,0.7161228
11385310,4.2189817,0.7465478
11386311,4.4529095,0.70513123
11387310,4.719142,0.71468925
11388310,4.6341314,0.63945866
11389310,3.7218392,0.7456213
11390310,3.5800786,0.74009293
11391309,3.2268808,0.80305207
11392310,3.356802,0.78616613
11393310,3.3301115,0.78534025
11394310,3.2565343,0.7423867
11395310,2.8163679,0.80741596
11396310,2.6674798,0.75131416
11397310,2.369718,0.841714
11398310,2.861801,0.74076897
11399310,3.2651675,0.76353
11400310,3.8793676,0.78056455
11401310,3.9863427,0.71798587
11402310,3.5865986,0.7356309
11403310,3.715886,0.7431855
11404312,3.7535827,0.76368654
11405310,3.6207552,0.7398403
11406310,3.1244724,0.7809732
11407310,3.3135035,0.73916507
11408310,3.5040383,0.6893048
11409310,3.8552823,0.71464103
11410311,4.068387,0.6833368
11411310,4.648354,0.7557765
11412310,4.1190124,0.7082791
11413310,3.7865443,0.7651447
11414311,3.9819906,0.73251605
11415311,4.236699,0.6672696
11416310,4.980269,0.6810149
11417310,5.126879,0.6976322
11418310,5.782937,0.7106964
11419310,5.764275,0.62926733
11420310,4.950983,0.7163968
11421310,4.3429585,0.744952
11422311,3.9000852,0.72439826
11423311,3.1284463,0.76297694
11424311,3.4537911,0.72825813
11425310,3.5198586,0.7632384
11426311,3.680437,0.7779552
11427310,3.711507,0.8132282
11428310,3.8416948,0.74797887
11429310,4.0903144,0.7109057
11430310,3.792673,0.7941833
11431310,3.7949543,0.7339095
11432309,3.441129,0.75698584
11433310,3.3857937,0.779638
11434310,4.0381866,0.7552399
11435310,4.105909,0.72281647
11436310,3.7202854,0.73562074
11437310,3.2762039,0.8169904
11438310,3.0591333,0.806217
11439311,2.8478546,0.8056232
11440309,2.695302,0.86212575
11441310,2.7613547,0.8012904
11442310,3.7372503,0.72421384
11443310,3.4354537,0.82491827
11444311,3.16672,0.79253626
11445310,3.2098498,0.77396655
11446310,2.8936574,0.809383
11447310,2.1449003,0.8387323
11448310,2.2121055,0.86974007
11449310,1.6427652,0.8490091
11450310,1.3669735,0.8896858
11451310,1.2609826,0.8893759
11452310,1.0821741,0.9352918
11453310,0.84527975,0.9301118
11454310,0.72091705,0.92792404
11455310,0.62657034,0.93525416
11456310,0.5401506,0.95396507
11457310,0.53076774,0.9637657
11458310,0.5181874,0.9451706
11459310,0.5060619,0.94711673
11460310,0.52599275,0.96125984
11461310,0.51842624,0.9490233
11462310,0.5153282,0.95862246
11463310,0.5367568,0.9583359
11464310,0.52525103,0.96655965
11465310,0.5399647,0.94822395
11466309,0.53541166,0.9574353
11467310,0.5349036,0.9422023
11468310,0.5472059,0.9575937
11469310,0.53866714,0.95617616
11470310,0.54141617,0.96422344
11471310,0.5308917,0.95887744
11472310,0.54079574,0.9597931
11473309,0.5648872,0.9639279
11474309,0.5880812,0.95155346
11475310,0.56777775,0.9453201
11476309,0.62508446,0.9389445
11477309,1.6388605,0.8665904
11478312,2.0827842,0.849447
11479310,2.1653907,0.7960129
11480310,2.9753323,0.8030306
11481310,3.5877485,0.732537
11482310,3.3619041,0.7568046
11483311,3.5685754,0.7526
11484309,4.2140303,0.7545582
11485309,4.4927483,0.7365963
11486312,4.404629,0.7504448
11487310,3.9860666,0.76593256
11488311,3.8617036,0.77296036
11489310,3.3127491,0.7235941
11490311,2.4925616,0.7957758
11491310,2.3409953,0.82908744
11492310,2.9681816,0.77251023
11493309,2.619036,0.7991933
11494309,2.629458,0.83169293
11495310,3.1342485,0.7682022
11496310,3.0838456,0.7379027
11497309,3.2098048,0.7898873
11498311,4.0892735,0.7053346
11499310,3.8328426,0.729605
11500310,3.5520043,0.7796671
11501309,2.9004524,0.81690395
11502310,1.9313425,0.85501885
11503310,1.2218233,0.9169076
11504310,0.82913476,0.94827974
11505310,0.6270784,0.9334831
11506310,0.5372882,0.9489266
11507310,0.48985374,0.9659837
11508310,0.43321052,0.9768618
11509310,0.47770196,0.9507992
11510310,1.3654557,0.9002284
11511309,2.0686643,0.83111465
11512310,2.8287508,0.82479817
11513310,3.6649187,0.74599254
11514310,4.818548,0.70811886
11515311,4.159984,0.72450554
11516309,3.7669969,0.79137045
11517310,3.72024,0.764984
11518310,3.604899,0.7999431
11519310,3.3847134,0.7710028
11520310,4.0298915,0.70309
11521310,3.7302184,0.70717686
11522310,4.1080136,0.68574315
11523310,5.0343304,0.74551964
11524310,4.471932,0.75726694
11525316,5.0969625,0.6465953
11526310,5.7044125,0.6352568
11527310,4.803539,0.64355993
11528309,4.5164924,0.6805604
11529309,4.4666815,0.6850427
11530310,4.1244645,0.7591306
11531310,4.06712,0.717507
11532309,4.38787,0.6568995
11533310,4.4224753,0.6495438
11534311,4.360764,0.69892275
11535310,4.1090493,0.7230605
11536310,4.4841237,0.66764456
11537310,4.217263,0.7284845
11538310,4.11299,0.7844198
11539310,3.3987405,0.8079414
11540310,3.2184134,0.79509276
11541310,2.9483287,0.8311009
11542312,2.7957282,0.8391147
11543311,3.4411376,0.7392125
11544311,3.7339506,0.7826586
11545310,4.0365887,0.7369269
11546310,4.5378265,0.7461458
11547310,4.4338436,0.7679061
11548309,4.6966214,0.70594263
11549309,5.2422376,0.61980426
11550310,4.6674356,0.72441715
11551309,5.0220633,0.7110549
11552310,5.003636,0.67922115
11553310,3.6329696,0.7611146
11554310,3.6623635,0.76694304
11555310,4.0962176,0.7243772
11556310,3.8250012,0.7839205
11557310,4.871501,0.6553466
11558310,5.000151,0.6488499
11559310,4.5912905,0.74349004
11560310,4.6242905,0.68994284
11561310,4.1863017,0.70048726
11562310,3.7909448,0.70469344
11563310,3.5675519,0.7614293
11564309,2.8432813,0.7736001
11565310,2.6584508,0.8004055
11566310,2.3767292,0.8531236
11567310,1.8759142,0.8415152
11568310,1.651914,0.88283795
11569310,2.5609715,0.807572
11570309,2.970093,0.8186455
11571310,3.3818932,0.76815164
11572310,4.2378454,0.7456011
11573310,4.5741487,0.7719602
11574310,4.3652797,0.7222742
11575311,3.582544,0.7523951
11576310,4.0071015,0.6956537
11577310,3.6525948,0.70695734
11578310,3.6855154,0.73079634
11579309,3.4938133,0.813542
11580310,3.5399568,0.7581435
11581310,3.5600173,0.76437855
11582310,3.1689415,0.7834377
11583310,3.5561237,0.7903072
11584309,4.059962,0.7969595
11585309,4.9084167,0.70848495
11586311,5.0212874,0.70009565
11587311,4.6984534,0.71714765
11588310,4.560188,0.71446526
11589311,3.9125886,0.7391268
11590310,4.435556,0.7376262
11591309,4.471492,0.6728721
11592310,4.091257,0.7026142
11593310,4.3684072,0.72883147
11594310,4.052237,0.6859133
11595309,3.9347792,0.71882296
11596309,4.121334,0.74327683
11597310,4.1785917,0.7339257
11598310,3.7721705,0.78202146
11599310,3.8069856,0.74266887
11600310,3.412761,0.70830005
11601310,3.4266686,0.72367
11602310,3.3275306,0.78239554
11603310,3.222546,0.7792073
11604310,3.0734446,0.788856
11605311,3.0951931,0.7465608
11606310,3.404565,0.76280576
11607309,3.3213747,0.7938988
11608311,3.481234,0.7589546
11609310,3.149646,0.78232384
11610310,2.6200345,0.74662817
11611310,3.1304114,0.7550694
11612310,2.947568,0.8117537
11613310,3.5460842,0.769114
11614310,3.2880368,0.7670041
11615310,3.7513907,0.72228634
11616309,4.1551213,0.72784346
11617310,3.6413555,0.74371535
11618310,3.353604,0.844704
11619310,2.7875514,0.76636696
11620310,1.8590662,0.8631279
11621310,1.0032545,0.93458116
11622310,0.5331788,0.9494994
11623310,0.4987907,0.96047014
11624310,0.4953809,0.97095853
11625309,0.5044955,0.96888936
11626310,0.52366,0.94802535
11627310,0.53486705,0.9451879
11628310,0.54535276,0.948749
11629310,0.5544916,0.9614801
11630310,0.555056,0.9559227
11631310,0.53904116,0.9381943
11632309,0.55771804,0.94732624
11633310,0.5334256,0.96178126
11634310,0.5547988,0.93880934
11635310,0.534657,0.94561845
11636310,0.554577,0.9403666
11637310,0.5305753,0.93927544
11638309,0.5412203,0.94963294
11639310,0.54508895,0.95624405
11640310,0.5502237,0.9598894
11641311,0.5455359,0.9414953
11642310,0.53296804,0.9490928
11643310,0.5436559,0.949304
11644310,0.5456045,0.96438885
11645310,0.54228544,0.951491
11646310,0.55087185,0.953783
11647310,0.5423707,0.9547627
11648310,0.56609327,0.96107876
11649309,0.5632365,0.9582905
11650310,0.5768936,0.94884866
11651310,0.56417274,0.9564484
11652310,0.5749463,0.94501746
11653310,0.5604575,0.93879336
11654309,0.56190014,0.9558964
11655310,0.5503593,0.9668814
11656311,0.54423934,0.9491364
11657310,0.534032,0.9466381
11658310,0.54197264,0.9519503
11659310,0.5256796,0.95723855
11660311,0.547153,0.95251274
11661309,0.5445307,0.9572316
11662310,0.5406602,0.96036017
11663310,0.5556578,0.94253165
11664309,0.5648726,0.94291854
11665310,0.54965997,0.953188
11666311,0.5574118,0.9420604
11667310,0.5482608,0.93565154
11668310,0.56138754,0.9437367
11669311,0.53814745,0.95836824
11670309,0.56729704,0.9524287
11671310,0.56042224,0.9553073
11672310,0.55005443,0.9472218
11673310,0.55051476,0.96473056
11674309,0.5604107,0.9496013
11675310,0.5505121,0.9466877
11676312,0.5385313,0.9466253
11677310,0.5618813,0.9370701
11678310,0.56304777,0.9529384
11679309,0.5471349,0.95116365
11680310,0.5493672,0.9491685
11681310,0.5414551,0.95455605
11682310,0.54940236,0.9582621
11683310,0.5657988,0.9417807
11684310,0.5454458,0.9499455
11685310,0.5492781,0.9637026
11686309,0.5567262,0.9518064
11687309,0.5658835,0.95538056
11688310,0.5406389,0.95087546
11689310,0.54099536,0.9408317
11690310,0.5463628,0.95764375
11691309,0.5531054,0.9561721
11692310,0.54797494,0.9690729
11693310,0.54799557,0.94848305
11694310,0.54746413,0.95540696
11695310,0.54922354,0.9480393
11696310,0.5482703,0.944751
11697310,0.5385238,0.96416926
11698310,0.5398056,0.95380855
11699310,0.5561626,0.940279
11700310,0.5749393,0.9575184
11701310,0.5469219,0.96325374
11702309,0.5420528,0.94887435
11703311,0.5422058,0.9519558
11704311,0.53096217,0.949105
11705310,0.5405014,0.95765615
11706310,0.5582962,0.9607956
11707310,0.53631,0.95226216
11708310,0.8182058,0.9246334
11709309,1.9255487,0.86382544
11710310,2.9668756,0.78018934
11711310,3.4979198,0.7820303
11712310,3.8806891,0.69158345
11713310,3.8329463,0.6894404
11714310,3.6700377,0.74750745
11715310,3.1609142,0.7678876
11716311,3.0998797,0.77917194
11717311,2.9363487,0.78210807
11718310,2.8727279,0.75008166
11719310,3.2629445,0.7401891
11720311,2.992455,0.78553236
11721312,3.6035829,0.7476839
11722310,4.4017754,0.7448627
11723310,4.2159753,0.7810449
11724310,3.6926234,0.76634955
11725310,4.7182636,0.67782277
11726310,4.178672,0.68860304
11727310,4.267588,0.72207785
11728310,4.8915057,0.71113414
11729310,4.202647,0.7414211
11730311,4.4265256,0.70689625
11731310,4.4969487,0.7697927
11732310,4.589686,0.64077836
11733313,4.758072,0.6831324
11734310,4.9765754,0.62187016
11735311,4.196785,0.6959815
11736310,4.008627,0.7402424
11737311,3.2901297,0.79691625
11738310,3.787398,0.7215743
11739310,3.9361725,0.727037
11740310,4.0196214,0.74624497
11741310,4.907158,0.7336405
11742309,5.472191,0.68468654
11743310,4.7935634,0.69058007
11744309,4.845286,0.6970798
11745310,4.569298,0.74029005
11746310,3.9484465,0.74789774
11747310,3.4514961,0.78023595
11748310,3.6618733,0.7687947
11749310,3.462267,0.78501576
11750310,3.8135493,0.71455836
11751310,4.5430765,0.705532
11752311,5.127568,0.693278
11753310,5.252966,0.73138624
11754310,5.4115567,0.68360645
11755309,5.7117167,0.7063032
11756310,4.7599735,0.6961616
11757310,4.420074,0.72154087
11758316,4.449086,0.7272325
11759309,5.0487537,0.64790916
11760309,5.03112,0.67036885
11761310,5.0498323,0.7126211
11762310,5.1588597,0.70462364
11763310,4.868801,0.70912856
11764310,5.0186296,0.69775283
11765311,5.3945994,0.7097627
11766310,5.4234195,0.7005907
11767310,5.454952,0.647882
11768309,4.5596175,0.73146576
11769310,4.5294,0.739733
11770309,3.9787588,0.6969928
11771310,4.258726,0.68310356
11772310,4.5459027,0.7028933
11773310,4.6813245,0.74887866
11774309,4.0512176,0.7597968
11775310,4.741347,0.6940365
11776312,4.733267,0.74128735
11777310,4.3461647,0.7311734
11778311,4.0767527,0.78370905
11779310,4.4675903,0.7619232
11780310,3.665502,0.7189832
11781311,3.7540212,0.7741979
11782310,3.7967765,0.80751705
11783311,3.8388603,0.78630966
11784310,3.967111,0.8019965
11785310,3.8939023,0.70837253
11786310,3.708016,0.77590656
11787310,3.7712018,0.74033654
11788310,3.6783385,0.7482681
11789310,4.274349,0.6818582
11790310,3.9894254,0.7149533
11791311,4.1957326,0.7140632
11792311,4.454928,0.83042395
11793311,4.617691,0.7340667
11794310,3.9815207,0.7458236
11795310,3.8755815,0.7136771
11796310,3.8223472,0.7242005
11797310,3.1405432,0.74689853
11798309,3.0046127,0.794811
11799310,2.6112819,0.81596833
11800310,2.4281983,0.7904872
11801310,2.8316214,0.75999326
11802310,3.2805092,0.7910603
11803310,3.6472902,0.7691981
11804310,3.6657093,0.79766273
11805310,3.5714507,0.74501485
11806309,3.1679623,0.7534996
11807310,3.7414367,0.78511494
11808310,4.4728556,0.6914134
11809309,4.2867594,0.7413204
11810311,4.588228,0.7431408
11811310,4.0441647,0.6986259
11812310,3.7750502,0.7422613
11813309,3.2999153,0.82163924
11814310,3.7202532,0.73921543
11815312,4.016026,0.7149633
11816310,4.0971584,0.7058927
11817309,4.439035,0.68959236
11818310,4.3345623,0.7437142
11819309,4.2590027,0.69906133
11820311,4.5020432,0.7343072
11821310,4.4256744,0.6772281
11822310,4.583476,0.66926193
11823310,5.1197896,0.6272516
11824310,4.914378,0.7630879
11825310,5.040033,0.704483
11826310,4.758647,0.63410085
11827310,4.691072,0.6715341
11828310,4.411205,0.69836086
11829309,4.36687,0.703308
11830309,4.2393045,0.75023293
11831310,4.007745,0.7457053
11832310,4.56623,0.6850905
11833310,4.7001033,0.6504574
11834310,4.542341,0.6595947
11835310,4.6109047,0.6949473
11836311,5.0106516,0.72270805
11837317,5.934097,0.64905477
11838311,5.257395,0.66627496
11839312,5.6895437,0.6787924
11840311,4.889,0.7006312
11841310,4.2229505,0.74299973
11842310,3.4221132,0.7497019
11843310,3.7562435,0.71926284
11844309,3.8231435,0.761709
11845310,4.151667,0.7487708
11846310,3.6342032,0.7165531
11847310,3.6925886,0.7793866
11848310,2.7206826,0.8041542
11849310,2.4302907,0.81679755
11850309,1.7164112,0.88260126
11851310,0.896322,0.92574227
11852310,0.6522259,0.9470887
11853310,0.5734957,0.96229416
11854310,0.57973534,0.951016
11855310,0.5228726,0.9460856
11856313,0.61414397,0.930095
11857310,0.58346444,0.9469173
11858310,0.563311,0.9672432
11859310,0.5028403,0.95802635
11860309,0.6392828,0.9543453
11861309,0.6475048,0.9499368
11862311,0.75600255,0.9298014
11863310,1.4334844,0.90361154
11864310,1.5828189,0.8716426
11865310,1.9292649,0.8507156
11866311,2.060202,0.8491991
11867310,2.3787358,0.82467407
11868310,2.3982832,0.7935028
11869309,3.2009127,0.798291
11870310,3.982205,0.70601785
11871313,4.553414,0.72370255
11872310,5.3044057,0.65402377
11873310,5.160079,0.6285402
11874310,5.365357,0.7145053
11875310,4.814948,0.6670331
11876310,4.2228436,0.75012016
11877311,3.4534714,0.79018146
11878310,3.4072933,0.7697333
11879310,3.014586,0.81979084
11880309,2.4828315,0.79589325
11881310,2.7821088,0.81208897
11882310,3.4414532,0.72987247
11883310,4.5737734,0.6806665
11884318,4.452465,0.7132236
11885310,4.8229923,0.71381927
11886309,4.4395127,0.69053966
11887310,3.8467162,0.7764587
11888310,3.907832,0.6904572
11889315,4.3692646,0.72509676
11890310,4.3049903,0.7317017
11891310,3.9393063,0.6959633
11892310,4.054507,0.7274396
11893311,4.1580687,0.66905046
11894309,3.2171974,0.7988762
11895310,3.7568028,0.771165
11896310,3.2378025,0.77110714
11897310,3.0621092,0.7956779
11898310,3.2484841,0.7328737
11899310,3.3719893,0.7976459
11900310,3.6645827,0.73404545
11901310,3.778088,0.7244995
11902310,3.6394827,0.73968893
11903310,3.1699808,0.77827
11904310,3.5714548,0.7189879
11905309,2.922467,0.79753166
11906310,2.9011364,0.8081589
11907310,3.2229278,0.8323845
11908310,3.2217743,0.76108223
11909309,3.4761093,0.7559018
11910310,3.6915746,0.71032506
11911311,4.000941,0.7593828
11912310,4.468441,0.74859905
11913310,4.4181304,0.7132859
11914310,4.297185,0.7139872
11915310,4.518411,0.7417363
11916310,4.6805043,0.7324014
11917310,4.310183,0.7561622
11918310,3.8663259,0.81640524
11919310,4.4528627,0.6893866
11920310,4.4538937,0.69774336
11921310,4.028705,0.76453346
11922311,3.6762164,0.7714453
11923311,4.0350227,0.7114118
11924310,4.0883346,0.7041706
11925310,3.8293138,0.7818474
11926310,4.434604,0.65100837
11927310,4.4475355,0.74726355
11928310,3.9514608,0.69040567
11929310,4.466474,0.7136651
11930310,4.594293,0.691356
11931310,4.7161427,0.6878678
11932314,4.124504,0.75841993
11933310,4.113675,0.7794983
11934310,3.5900807,0.7198543
11935311,3.6544595,0.78405756
11936310,3.7052784,0.7906934
11937310,4.3136053,0.7447574
11938312,4.389439,0.70725906
11939311,4.3638463,0.71330714
11940309,4.9697723,0.6482384
11941310,4.415991,0.73973787
11942310,3.9134686,0.7454494
11943309,3.756748,0.69796175
11944310,3.0270717,0.7295506
11945310,2.6983922,0.7824911
11946312,2.5539746,0.8463823
11947310,2.4945703,0.859717
11948310,2.3960328,0.83316994
11949309,2.2870283,0.8533356
11950310,2.0183783,0.81012636
11951314,2.299761,0.80359393
11952310,2.85783,0.83343506
11953310,3.7395375,0.74416906
11954310,4.3638997,0.7387995
11955310,4.578502,0.6901533
11956310,4.3675137,0.7451994
11957310,3.4286869,0.7551065
11958310,2.7296956,0.8019587
11959310,2.7811325,0.79415584
11960310,2.8594406,0.81777483
11961310,3.278064,0.7420644
11962310,3.4951527,0.7760171
11963310,3.9594774,0.7270132
11964310,3.3472633,0.7685393
11965309,2.9879935,0.8023563
11966310,2.7507994,0.7983431
11967310,2.6544843,0.8186443
11968310,2.7219632,0.8029154
11969309,2.8062835,0.79175836
11970310,2.7061827,0.82505685
11971309,3.2512038,0.7794013
11972310,3.546848,0.76686513
11973309,3.835945,0.72639465
11974310,3.7712789,0.7382999
11975310,4.4833384,0.719434
11976310,4.769149,0.69657904
11977310,4.59554,0.68668145
11978310,5.266935,0.7210483
11979310,5.3609796,0.64601123
11980309,4.632263,0.65625304
11981310,5.047087,0.70900834
11982311,4.7775226,0.7663975
11983310,4.7850313,0.69392115
11984309,4.6522956,0.68809944
11985316,5.048626,0.6858448
11986310,4.7801356,0.67457515
11987309,4.581794,0.76191294
11988309,4.5576024,0.7124454
11989310,3.9756525,0.7027152
11990309,3.2697766,0.77556205
11991309,2.8330834,0.8271781
11992309,2.9281933,0.76664245
11993311,2.9027946,0.8060233
11994309,4.0235734,0.71748084
11995310,4.0600753,0.7496327
11996310,3.822336,0.7375544
11997309,3.7641387,0.74672955
11998310,3.4683912,0.75021017
11999310,2.73482,0.7922139
12000310,2.9892442,0.77758986
12001310,2.806606,0.8492638
12002311,2.4571185,0.80363667
12003310,1.995853,0.8782009
12004310,1.3865136,0.89142144
12005311,1.1915245,0.90943485
12006311,0.98191136,0.9401355
12007310,0.88276607,0.92750937
12008311,0.9705117,0.93592155
12009309,1.0212399,0.89920425
12010310,1.1857392,0.89078
12011316,1.734593,0.86478585
12012312,2.386747,0.81887573
12013310,2.9576542,0.7484871
12014310,3.137076,0.7857623
12015310,3.5692394,0.71587443
12016309,3.9493177,0.7777793
12017310,3.6769266,0.73432416
12018309,3.4863815,0.7209171
12019310,3.401865,0.79021657
12020310,3.006835,0.76201963
12021311,3.141064,0.7881055
12022310,3.4957957,0.74010754
12023310,4.0761476,0.7208147
12024310,4.0445213,0.70894915
12025310,3.8589888,0.710529
12026310,3.6063871,0.6878612
12027310,3.6226344,0.7059393
12028311,3.4944625,0.75125575
12029311,4.2653227,0.7638238
12030310,4.111173,0.75900584
12031312,4.5845733,0.7032665
12032310,4.3622217,0.7170988
12033310,4.1889563,0.69684744
12034310,3.6994276,0.72822165
12035309,3.5290039,0.6895428
12036310,2.8188667,0.84906286
12037310,2.593393,0.8262921
12038310,2.1109283,0.835977
12039310,2.1962588,0.8776913
12040310,2.3719857,0.836862
12041310,2.5880601,0.84827995
12042310,3.5007856,0.77067876
12043310,4.224388,0.6808621
12044309,4.4696426,0.7208323
12045309,5.1403213,0.6533222
12046311,5.701782,0.6541973
12047310,5.657079,0.6574804
12048310,5.375219,0.67958957
12049310,5.1513004,0.6363094
12050310,5.0973034,0.70284075
12051310,3.7405035,0.76575285
12052311,2.905001,0.83789337
12053310,2.129173,0.80049545
12054310,1.6692079,0.8569528
12055309,0.5842561,0.9447387
12056310,0.62895054,0.94121194
12057312,0.5978501,0.9538908
12058310,0.7520368,0.9353436
12059310,1.0147407,0.91541237
12060309,1.0325232,0.88991874
12061310,1.6640872,0.84617174
12062310,1.5418984,0.8906301
12063309,1.2871633,0.8735963
12064310,1.4468387,0.8839015
12065310,1.7202365,0.89204
12066311,1.455724,0.8901736
12067309,1.4765927,0.88031596
12068310,2.0790198,0.86596984
12069309,2.4574754,0.8247053
12070310,2.4162936,0.79119885
12071311,2.924944,0.84776145
12072311,3.359901,0.762094
12073310,3.7207835,0.6962588
12074310,4.151922,0.7509209
12075310,4.6871934,0.7455682
12076310,4.781327,0.7189178
12077310,4.2955084,0.733887
12078310,3.5557575,0.791162
12079311,3.4377759,0.75023603
12080310,3.148777,0.7505199
12081311,2.9075012,0.79571414
12082310,2.883711,0.7520763
12083310,3.2861269,0.78922427
12084311,3.0267074,0.818747
12085311,3.180414,0.8688378
12086311,3.7000566,0.75752527
12087311,3.7876854,0.74269056
12088310,3.3472488,0.7350051
12089310,3.421409,0.7990654
12090311,2.9893482,0.80421954
12091310,2.5976834,0.82505983
12092310,2.8665059,0.8211599
12093310,2.9477897,0.79771036
12094311,3.0413496,0.821114
12095310,3.4626174,0.7736435
12096310,3.342951,0.7608764
12097310,3.5805283,0.73908323
12098314,3.5244043,0.74169666
12099310,3.2506714,0.7664083
12100309,2.8261995,0.8187968
12101310,2.733515,0.8121766
12102311,2.1137667,0.8202941
12103310,2.921737,0.8149764
12104310,3.1171408,0.7958517
12105310,4.060423,0.7416189
12106311,5.0986166,0.6964073
12107310,5.4237556,0.6547808
12108310,5.548935,0.68049127
12109310,5.51553,0.6736049
12110310,5.238815,0.6219525
12111310,4.5609145,0.7720561
12112310,4.352095,0.64118826
12113310,3.8642666,0.7417757
12114310,3.6300025,0.74155307
12115310,3.6711915,0.6898886
12116310,3.5009043,0.79503256
12117311,4.263824,0.6790495
12118310,4.404394,0.7546763
12119310,5.131357,0.7141291
12120310,5.0577655,0.6807542
12121310,5.1135945,0.6750029
12122310,4.9793024,0.64256334
12123310,4.2495236,0.7734756
12124311,4.791903,0.696939
12125310,4.452675,0.68349594
12126310,4.1134667,0.7009902
12127310,4.171976,0.72299963
12128310,4.142685,0.720028
12129310,3.351594,0.80555326
12130311,3.3294013,0.7780946
12131310,3.749914,0.74422395
12132310,4.287846,0.6898082
12133310,4.6112547,0.72588944
12134311,4.6111064,0.6952621
12135310,4.3292365,0.72672135
12136310,4.12389,0.72234416
12137310,3.508908,0.7557232
12138310,3.3453054,0.7780232
12139310,3.5632608,0.73410445
12140310,3.989956,0.7160202
12141310,3.2574759,0.7443782
12142310,2.8701339,0.8230273
12143310,2.3811605,0.8571381
12144310,2.8732529,0.7546544
12145310,2.7398975,0.78394556
12146312,2.5999517,0.78079236
12147310,2.5039997,0.80736345
12148310,1.9364793,0.86325127
12149310,1.9890981,0.83016425
12150310,2.3840177,0.8231916
12151310,3.821343,0.79298633
12152310,3.9117835,0.77133864
12153309,3.8861337,0.76618475
12154310,4.402632,0.692212
12155310,3.6765397,0.7581341
12156309,2.985775,0.767914
12157310,3.18815,0.74604875
12158310,3.1093833,0.74608517
12159310,3.7661862,0.71865046
12160309,3.8440328,0.7075497
12161309,4.639001,0.74161804
12162310,4.316846,0.7165053
12163310,5.035044,0.75339544
12164310,4.608938,0.7432466
12165310,4.5993752,0.7046243
12166310,4.367201,0.7320875
12167312,4.710016,0.69469184
12168310,4.131638,0.7028649
12169309,4.8354797,0.65653044
12170310,4.8533387,0.7268384
12171310,4.7101808,0.67444915
12172311,4.0056796,0.68635225
12173310,4.2335024,0.76043826
12174309,3.8090625,0.7498452
12175311,3.7941484,0.77248836
12176310,3.6748676,0.7488156
12177310,4.3364253,0.6898504
12178310,4.195522,0.73774064
12179312,3.5658348,0.76098424
12180310,2.9085538,0.83452433
12181311,2.6170554,0.8481077
12182314,1.888979,0.87515104
12183309,1.3790337,0.91156244
12184310,1.3145099,0.9062652
12185310,1.2454532,0.9148351
12186310,0.743684,0.95794344
12187311,0.60939825,0.95524806
12188310,0.68002164,0.9515935
12189310,0.68781734,0.9409368
12190314,0.87221074,0.9313885
12191309,0.9305477,0.90274686
12192310,0.8929296,0.91708386
12193310,0.8766207,0.93469965
12194310,0.8737286,0.9431455
12195310,0.66619045,0.9427152
12196309,0.6197408,0.93627447
12197310,0.61472994,0.9456225
12198310,0.60453093,0.95414424
12199310,0.5647211,0.9547203
12200310,0.61645657,0.9517515
12201310,0.58649385,0.9522987
12202309,0.5648795,0.958358
12203310,0.57053256,0.9527619
12204310,0.56444323,0.96854377
12205310,0.5970251,0.9476529
12206310,0.5329211,0.9542925
12207310,0.84387666,0.91960114
12208310,0.96469784,0.92890626
12209309,0.9447989,0.93257976
12210310,1.0894756,0.91273683
12211310,1.0752054,0.9085988
12212309,0.97089255,0.92318314
12213310,0.8803206,0.92956764
12214310,1.0332602,0.9297875
12215310,0.85271144,0.9223286
12216310,1.0154941,0.9153672
12217310,1.7349213,0.86534184
12218310,1.3745061,0.8938297
12219310,1.8830155,0.8610978
12220310,2.5394576,0.7959283
12221317,2.5237527,0.7826712
12222310,2.6844525,0.8082764
12223311,3.380283,0.6920421
12224312,2.751144,0.8316979
12225309,2.7975178,0.81267494
12226310,3.2544942,0.75976557
12227310,3.1184826,0.79706967
12228310,2.5224662,0.83086747
12229310,2.1473913,0.8101682
12230310,1.9634465,0.8581499
12231311,1.4125229,0.89763
12232310,1.3788719,0.89898723
12233310,1.4871352,0.8439175
12234310,1.350052,0.888566
12235310,1.3788695,0.8807209
12236310,1.4006851,0.887786
12237310,1.8056957,0.87448287
12238310,2.5355432,0.7974325
12239310,2.3784606,0.7831468
12240310,2.6363137,0.84873044
12241310,2.5865808,0.84094304
12242309,2.4560704,0.82780325
12243310,1.961936,0.8878782
12244310,1.6993207,0.9062515
12245310,1.502668,0.90125495
12246310,1.3368603,0.8911226
12247310,1.0845221,0.9049623
12248310,0.9435031,0.94376415
12249310,1.1164755,0.9121866
12250310,1.2344036,0.8879333
12251310,1.3320898,0.873708
12252310,1.3566589,0.8896381
12253310,1.1500503,0.9122987
12254310,1.2141682,0.917102
12255310,1.134287,0.9054691
12256310,0.98304534,0.9093071
12257310,1.0434909,0.9211325
12258310,1.0395627,0.9182613
12259309,0.96277297,0.9354511
12260310,1.140401,0.90176535
12261310,1.2233322,0.9113718
12262309,1.0378208,0.9410755
12263310,0.99817824,0.9210476
12264310,0.7615608,0.9479212
12265311,0.57247585,0.9475485
12266312,0.90697616,0.9110935
12267310,0.8781613,0.9325806
12268311,0.80471003,0.93216676
12269310,0.93186766,0.924424
12270311,1.3940934,0.9040864
12271310,2.5495071,0.8115148
12272310,2.5866497,0.7950591
12273310,3.414396,0.6938177
12274310,3.6275811,0.79732585
12275310,2.5936358,0.7938408
12276310,1.815137,0.8529175
12277310,1.3635621,0.912682
12278310,0.5805406,0.9573966
12279310,0.54970956,0.9525943
12280310,0.5668012,0.93053466
12281310,0.54548454,0.94911104
12282310,0.56391704,0.96168125
12283310,0.5851672,0.94749886
12284309,0.56381,0.94945794
12285310,0.561328,0.9458132
12286309,0.5861944,0.9438199
12287310,0.57812554,0.9600549
12288310,0.56627625,0.9575196
12289310,0.58682394,0.9643863
12290309,0.57787204,0.9533286
12291311,0.5992004,0.95424354
12292309,0.56454957,0.9538605
12293310,0.5650313,0.94634205
12294310,0.5713722,0.94733137
12295310,0.64311564,0.94363123
12296309,0.7685695,0.9325593
12297310,0.83289033,0.9196614
12298310,0.90708876,0.9454119
12299309,0.9679085,0.908741
12300310,1.0497401,0.9165775
12301311,1.2436956,0.9165232
12302309,1.524359,0.8932848
12303310,1.9765309,0.8473128
12304310,2.500138,0.82286584
12305310,2.9626646,0.7717608
12306310,3.745445,0.81758654
12307310,4.5407667,0.76296115
12308310,4.3611593,0.71668905
12309310,4.3717003,0.7119109
12310311,4.5547495,0.6965042
12311310,3.8390164,0.76436466
12312310,3.0659328,0.80831623
12313311,3.1900096,0.73483926
12314310,4.4566584,0.73318624
12315310,3.093036,0.756416
12316309,4.3000584,0.6440977
12317315,4.782667,0.6630652
12318310,4.525351,0.69504803
12319310,4.6650176,0.7012506
12320311,4.4959335,0.7437338
12321310,3.7524064,0.76555467
12322310,3.6525679,0.7826188
12323310,3.325547,0.77680194
12324309,3.4917355,0.7168165
12325310,3.7359567,0.74919444
12326309,4.071963,0.7168757
12327310,4.0775304,0.7288866
12328310,3.853991,0.7623949
12329310,2.5962393,0.8383572
12330310,2.3916771,0.8079007
12331310,2.8749983,0.7629382
12332310,2.7831256,0.83832073
12333310,3.2786653,0.7675251
12334310,3.3927052,0.8628576
12335310,2.8628623,0.79152644
12336310,2.0746567,0.8169367
12337311,1.8679281,0.86922985
12338310,1.5852222,0.8901979
12339309,2.7498424,0.7713342
12340310,3.1262083,0.79994637
12341310,3.2643845,0.7486825
12342310,3.3870912,0.7847479
12343310,2.8674777,0.8075622
12344310,2.0185575,0.87091535
12345310,2.1172943,0.8239445
12346309,1.4536234,0.8954984
12347310,1.404159,0.8728229
12348310,1.4934787,0.8990512
12349310,1.5996895,0.8965282
12350310,1.9566054,0.8666515
12351311,1.7701654,0.871792
12352310,2.0400481,0.8448215
12353310,2.3561635,0.82417744
12354310,2.3764536,0.8123111
12355310,2.7583659,0.8254442
12356311,3.2859192,0.7365837
12357310,3.0633936,0.7913857
12358310,3.258264,0.7239551
12359310,4.1148715,0.73182946
12360310,3.4112055,0.7642138
12361310,3.3499026,0.77168006
12362310,2.7999625,0.8223206
12363309,2.3305888,0.78725356
12364310,2.671121,0.7924558
12365310,2.7819788,0.7748713
12366310,2.9851742,0.77368766
12367310,3.5568998,0.74781525
12368310,3.5805976,0.73141205
12369311,4.082449,0.7249259
12370310,3.5047107,0.7643609
12371310,3.9897697,0.7021303
12372310,3.9458714,0.740421
12373310,4.280626,0.72794825
12374309,3.4754646,0.75764656
12375309,4.406476,0.7433198
12376310,3.3489265,0.7776656
12377310,3.3872914,0.752669
12378311,4.0412755,0.7777469
12379310,3.7301555,0.80096245
12380310,3.0092044,0.81396085
12381310,2.6471534,0.8031651
12382310,2.117946,0.8861467
12383310,1.6963545,0.8886419
12384310,2.1406357,0.8422967
12385312,2.4062648,0.7969839
12386310,3.3491085,0.7614023
12387310,4.139941,0.72486305
12388310,4.608036,0.67927676
12389310,4.886082,0.71017545
12390310,4.697444,0.671014
12391310,3.977651,0.7128882
12392310,3.6827097,0.81132007
12393310,3.4839864,0.77918273
12394310,2.9611864,0.7881181
12395310,3.328959,0.81328815
12396310,2.9065373,0.8020831
12397310,3.2937605,0.7727106
12398310,3.5189586,0.77571034
12399310,3.3191745,0.7529251
12400310,3.1603308,0.77112526
12401310,3.4537795,0.75290245
12402310,2.6679716,0.8665606
12403310,2.378994,0.82924455
12404310,2.3433475,0.8214498
12405310,2.8596003,0.7901307
12406309,3.4354973,0.69862324
12407310,3.5418897,0.757564
12408309,3.8321795,0.7301084
12409310,3.9437938,0.7865821
12410310,3.8731158,0.75152034
12411309,3.7765734,0.71906984
12412309,3.4986186,0.77557516
12413311,2.6676867,0.79981434
12414310,2.1553092,0.8495051
12415310,1.5055571,0.88364565
12416310,1.6012944,0.87733227
12417310,1.1636739,0.88176554
12418310,1.2960507,0.89076173
12419310,1.7167281,0.890303
12420312,2.3871589,0.7990972
12421310,2.6113942,0.7871633
12422309,3.2625825,0.80401605
12423310,3.766549,0.7211004
12424310,4.2750025,0.76259476
12425309,4.0525193,0.7462019
12426310,3.933422,0.68777215
12427310,3.2931898,0.76836306
12428310,2.1035182,0.8931285
12429309,1.3857807,0.89649963
12430310,0.97319436,0.9248136
12431310,1.5683335,0.8731939
12432309,1.7303658,0.8553209
12433310,2.3546126,0.83734053
12434310,2.4659812,0.7980517
12435310,2.238621,0.82508516
12436309,2.2323303,0.85772693
12437310,2.8788638,0.7573988
12438310,3.19619,0.7672097
12439309,3.3518672,0.77931637
12440310,3.8952937,0.76056033
12441310,3.944463,0.7334549
12442309,4.047733,0.7409396
12443310,3.239402,0.7413898
12444310,2.9921262,0.7846678
12445310,3.4329424,0.7566119
12446310,3.6566834,0.7353312
12447310,3.4048095,0.79040426
12448309,4.031828,0.7088113
12449310,5.4452844,0.701129
12450310,4.8406115,0.7302458
12451310,4.9427934,0.7045729
12452310,4.628833,0.6828325
12453310,4.398951,0.704666
12454310,3.7457323,0.7215062
12455310,4.0046024,0.7388849
12456312,3.8232355,0.73223495
12457309,3.7636518,0.7924789
12458310,3.265581,0.7853699
12459311,3.570321,0.7175368
12460310,3.6038249,0.6968962
12461310,3.6890614,0.7347526
12462310,3.7331674,0.7775299
12463310,2.861867,0.8425693
12464311,2.686385,0.8156586
12465310,2.3082163,0.87465686
12466310,3.0580857,0.74120224
12467310,3.9104006,0.7429301
12468310,4.202953,0.7398889
12469310,4.100377,0.7153956
12470310,3.7708259,0.73439175
12471313,3.4606202,0.7951511
12472311,3.003157,0.78261375
12473310,3.187406,0.78975433
12474310,3.0727723,0.74823916
12475311,2.6808367,0.8074622
12476309,2.6616623,0.77765095
12477310,2.229938,0.80244046
12478311,1.8463727,0.8463683
12479310,2.0456283,0.85591227
12480310,2.0937448,0.83620876
12481309,1.9740914,0.835626
12482310,2.3299942,0.8022043
12483311,2.208926,0.8265552
12484310,2.714577,0.77482337
12485310,3.6958332,0.74913067
12486310,3.3530593,0.83516884
12487310,3.290297,0.75529295
12488310,3.2836456,0.77353024
12489309,2.6239922,0.8132404
12490311,3.377808,0.7920623
12491309,4.0483027,0.6965802
12492310,3.7849896,0.6961506
12493309,3.9920924,0.77746063
12494310,4.0484266,0.75476366
12495310,3.393132,0.78417295
12496310,3.4339056,0.74597913
12497310,3.8974643,0.6762965
12498310,4.416157,0.72400004
12499310,4.562785,0.69713753
12500310,4.5755134,0.72232944
12501309,5.4445095,0.69823015
12502310,5.0423126,0.6906929
12503310,4.5827556,0.67552525
12504310,4.765538,0.7039825
12505310,4.8197894,0.7042135
12506310,4.070711,0.75196147
12507310,4.444713,0.6849311
12508310,3.912623,0.69635016
12509309,3.181049,0.76498926
12510310,3.003727,0.7515197
12511309,2.1020095,0.8087859
12512309,1.6398702,0.85763687
12513311,1.3101602,0.88061816
12514310,0.8442523,0.9363912
12515310,0.64319855,0.9545398
12516309,0.5381564,0.96010244
12517310,0.48384017,0.9671468
12518310,0.49175864,0.9596015
12519309,0.4610569,0.95320433
12520309,0.4728483,0.95107114
12521310,0.46622148,0.94917786
12522309,0.51642877,0.9429557
12523310,0.48857936,0.9579408
12524310,0.4896748,0.96789885
12525310,0.50890666,0.96161884
12526310,0.49345398,0.95816225
12527309,0.5314594,0.973218
12528310,0.5094819,0.967722
12529310,0.5329411,0.9592214
12530309,0.51714087,0.95646703
12531310,0.54690367,0.95786923
12532310,0.52340066,0.9370173
12533310,0.54819345,0.9554171
12534310,0.53134006,0.9536251
12535309,0.5533172,0.9460491
12536310,0.5419197,0.9592816
12537310,0.54289156,0.9513945
12538311,0.5572153,0.94719565
12539310,0.5359264,0.94886583
12540310,0.5410775,0.962744
12541309,0.5688451,0.9541119
12542309,0.5309034,0.9671225
12543310,0.5596876,0.95657206
12544310,0.5372437,0.9533547
12545309,0.55941087,0.9639791
12546310,0.5345234,0.94543856
12547310,0.5711532,0.9629334
12548310,0.54566807,0.9534248
12549310,0.5675161,0.943759
12550310,0.5401684,0.9513288
12551310,0.5548247,0.952504
12552309,0.5462728,0.95613384
12553310,0.54146504,0.96441644
12554310,0.55011696,0.94732195
12555310,0.54390556,0.9599526
12556310,0.5444041,0.9528862
12557310,0.5116156,0.94802684
12558310,0.75311816,0.9393584
12559310,1.2557334,0.9139539
12560310,1.7051748,0.86853564
12561310,2.493145,0.7572246
12562310,3.0277588,0.7344514
12563310,2.9607947,0.7712921
12564310,2.3517675,0.8173245
12565310,2.22453,0.8442686
12566310,1.0362844,0.9270107
12567310,0.80178773,0.92812747
12568310,0.66113454,0.9455298
12569309,0.58234096,0.9486106
12570311,0.57621026,0.94674194
12571311,0.52808535,0.9602972
12572309,0.5129896,0.9585621
12573310,0.5169364,0.9640027
12574310,0.5184815,0.96401256
12575310,0.52076185,0.9574846
12576310,0.5136959,0.9495175
12577310,0.53698146,0.96480256
12578310,0.5359382,0.9601274
12579310,0.5234656,0.9588027
12580310,0.54632795,0.957214
12581310,0.5470318,0.960461
12582310,0.550059,0.94183224
12583310,0.54102933,0.94920945
12584310,0.56469554,0.9563929
12585310,0.55637234,0.9558844
12586310,0.5374484,0.9531766
12587310,0.6828666,0.94782066
12588309,0.89082474,0.89972174
12589310,1.100817,0.9010986
12590310,1.3234053,0.8965533
12591310,1.7908676,0.8392726
12592310,1.856416,0.87765205
12593311,1.7751896,0.85941535
12594310,2.4697266,0.80256194
12595309,2.9228132,0.8136849
12596310,3.0738153,0.77608854
12597310,3.3685768,0.7330224
12598310,3.6365268,0.7726208
12599310,3.4611382,0.7515168
12600309,3.1538758,0.8065711
12601310,3.6229897,0.78905934
12602309,3.6629121,0.75967693
12603310,3.8065963,0.6926262
12604311,3.5341992,0.7935968
12605310,3.931345,0.63532937
12606310,3.5216928,0.74766135
12607310,3.483674,0.7226931
12608310,3.6240473,0.74972254
12609310,3.7508936,0.7196685
12610309,3.813076,0.7197163
12611310,3.125003,0.7226597
12612310,3.5156298,0.75330365
12613310,3.9000437,0.7476812
12614310,3.5231051,0.7409273
12615310,3.5603163,0.7940159
12616310,4.2893195,0.7408783
12617310,4.0406847,0.7551158
12618310,3.6406548,0.84036845
12619310,3.5941384,0.7688941
12620310,4.206488,0.70911837
12621309,3.434498,0.74421525
12622310,3.657609,0.74769974
12623310,3.3766222,0.76521784
12624310,2.913539,0.78445816
12625310,3.05664,0.78913003
12626310,2.269513,0.80753547
12627310,2.3357296,0.8084195
12628310,3.0989106,0.7525321
12629310,2.4965634,0.838086
12630310,2.2526348,0.8684397
12631310,2.7850032,0.807715
12632310,2.7077944,0.7653959
12633310,2.6843853,0.78537065
12634310,2.7355447,0.81811243
12635310,4.88422,0.72182685
12636310,4.2834563,0.7320123
12637310,4.1242585,0.73698896
12638310,4.7379155,0.7048981
12639310,5.2320957,0.66377044
12640310,3.2272353,0.79390347
12641310,3.2485495,0.7943983
12642310,3.4870467,0.74678564
12643310,3.172246,0.78900635
12644309,2.9064696,0.818912
12645311,3.5519097,0.74453586
12646310,4.157514,0.754819
12647310,4.406832,0.70024055
12648310,4.090434,0.747962
12649310,5.000766,0.71349955
12650310,4.8917065,0.70877033
12651310,4.722667,0.6907247
12652309,3.9274702,0.803734
12653309,3.5099876,0.72167397
12654310,3.1233494,0.7785372
12655310,2.7411914,0.7313361
